customer_id,name,email,city,signup_date,status
1148,Qabil Sura,qabil.sura26@example.com,Chennai,2024-02-23,active
1418,Samar Oak,samar.oak236@example.com,Vadodara,2025-04-18,inactive
1472,Bimala Barad,bimala.barad135@example.com,Hyderabad,2023-07-21,active
2064,Diya Anand,diya.anand891@example.com,Ranchi,2023-07-24,active
1128,Ladli Narang,ladli.narang279@example.com,Lucknow,2024-02-22,active
1084,Nisha Kothari,nisha.kothari479@example.com,Raipur,2024-04-21,active
1791,Siddharth Hans,siddharth.hans18@example.com,Chandigarh,,active
2271,Udyati Dalal,udyati.dalal996@example.com,Pune,2025-09-05,active
1723,Sneha Krish,sneha.krish76@example.com,Pune,2023-10-20,inactive
2091,Mekhala Viswanathan,mekhala.viswanathan437@example.com,Visakhapatnam,2025-10-04,active
1269,Hritik Swaminathan,hritik.swaminathan364@example.com,Ahmedabad,2025-08-09,active
1918,Hemani Deo,hemani.deo243@example.com,Lucknow,2026-05-23,inactive
2073,Patrick Sama,patrick.sama265@example.com,Jaipur,2024-12-25,active
1233,Indira Kanda,indira.kanda901@example.com,Nagpur,2025-05-20,active
1118,Michael Kala,michael.kala76@example.com,Patna,2023-09-18,active
1266,Yochana Chopra,yochana.chopra584@example.com,Vadodara,2024-11-04,active
1189,,balhaar.sha48@example.com,Jaipur,2023-10-13,inactive
1519,Maanas Sheth,maanas.sheth360@example.com,Hyderabad,2026-03-13,active
1698,Nandini Biswas,nandini.biswas79@example.com,,2026-01-31,active
1731,Watika Balan,watika.balan231@example.com,,2024-08-22,inactive
1160,Utkarsh Patel,utkarsh.patel550@example.com,Kolkata,,inactive
1477,Chakrika Hans,,,2024-01-15,active
2292,Dayita Narang,,Pune,2023-12-11,active
2256,Chandran Goyal,chandran.goyal71@example.com,Visakhapatnam,2023-12-17,inactive
2100,Riya Morar,riya.morar334@example.com,Kochi,2024-08-04,active
1756,Edhitha Ghosh,edhitha.ghosh274@example.com,Visakhapatnam,2025-08-03,active
1676,Yashawini Mangat,yashawini.mangat396@example.com,Kolkata,2025-05-12,inactive
1886,Raksha Golla,raksha.golla573@example.com,Visakhapatnam,2025-04-23,active
2047,Harinakshi Shanker,harinakshi.shanker971@example.com,Ranchi,2025-07-07,active
1491,Mason Gala,mason.gala719@example.com,Bengaluru,2024-06-25,inactive
1701,Xavier Shetty,xavier.shetty27@example.com,Raipur,2024-08-07,active
2148,Saksham Chhabra,saksham.chhabra284@example.com,Thiruvananthapuram,2024-12-10,active
1824,Tripti Krishnan,tripti.krishnan947@example.com,Visakhapatnam,2024-02-29,active
1685,Zansi Lad,zansi.lad455@example.com,Chandigarh,2024-01-05,active
1181,Raksha Buch,raksha.buch441@example.com,Coimbatore,2025-04-09,active
1831,Atharv Tank,atharv.tank239@example.com,Delhi,2026-06-09,active
1675,Balveer Bhasin,balveer.bhasin762@example.com,Visakhapatnam,2026-04-18,inactive
1120,Osha Ramachandran,,Mumbai,2026-03-02,inactive
1696,Kashish Dar,kashish.dar158@example.com,Guwahati,2024-12-28,active
2085,Edhitha Manne,,Kolkata,2025-08-07,active
1710,Meera Borde,meera.borde328@example.com,Guwahati,2025-04-02,active
1599,Hemani Bakshi,hemani.bakshi757@example.com,Guwahati,2024-12-07,inactive
1558,Faraj Mistry,faraj.mistry795@example.com,Chandigarh,2024-01-01,active
1810,Krishna Viswanathan,krishna.viswanathan471@example.com,Patna,2026-02-03,active
1945,,libni.kunda773@example.com,Indore,2025-02-06,inactive
1245,Urishilla Bakshi,urishilla.bakshi797@example.com,Chennai,2025-05-02,inactive
1040,Thomas Amble,,Surat,2023-09-25,inactive
1031,Ekiya Suresh,ekiya.suresh702@example.com,Kolkata,2023-08-01,inactive
1597,Aarna Kapadia,aarna.kapadia811@example.com,Kolkata,2025-01-06,inactive
1856,Radha Desai,radha.desai847@example.com,Surat,2024-07-11,active
1930,Saanvi Kar,saanvi.kar725@example.com,Pune,2026-03-09,inactive
2045,Yochana Kurian,yochana.kurian836@example.com,Thiruvananthapuram,2026-01-30,inactive
2185,Vinaya Rana,vinaya.rana73@example.com,Jaipur,2025-06-06,active
2253,Abdul Tak,abdul.tak123@example.com,Bhopal,,active
1358,Charvi Dara,charvi.dara723@example.com,Ahmedabad,2023-08-31,active
1554,Girish Wable,,Lucknow,2026-03-17,active
1430,Raagini Desai,raagini.desai280@example.com,Chennai,,active
1697,Praneel Kapoor,praneel.kapoor380@example.com,Chandigarh,2025-11-15,active
2044,Yahvi Menon,yahvi.menon338@example.com,Visakhapatnam,2024-07-08,active
1007,Harsh Chanda,harsh.chanda28@example.com,Patna,2024-08-20,active
1159,Barkha Chaudhry,barkha.chaudhry410@example.com,Guwahati,2025-12-15,inactive
2147,Caleb Dayal,caleb.dayal769@example.com,Surat,2024-01-18,inactive
1025,Zayan Apte,zayan.apte364@example.com,Kochi,2025-07-06,active
1235,Dayamai Sastry,dayamai.sastry84@example.com,Indore,2023-08-16,active
1366,Ekansh Pai,ekansh.pai858@example.com,Coimbatore,2024-03-25,active
1927,Lopa Khanna,lopa.khanna153@example.com,Lucknow,2025-01-06,active
1359,Tanvi Bhatnagar,tanvi.bhatnagar495@example.com,Indore,2023-11-07,active
2137,Balveer Sundaram,balveer.sundaram756@example.com,Coimbatore,2025-08-03,active
1256,Jason Sha,jason.sha870@example.com,Surat,2023-10-17,inactive
1944,Balveer Nagi,balveer.nagi195@example.com,Raipur,2024-08-21,active
1143,Michael Saran,michael.saran106@example.com,Chandigarh,2024-01-15,active
1167,Max Dixit,max.dixit726@example.com,Surat,2025-11-22,active
1398,Liam Khalsa,liam.khalsa812@example.com,Chennai,2025-10-31,active
1029,Chanchal Tripathi,chanchal.tripathi389@example.com,Ahmedabad,2025-04-21,inactive
2186,Yatin Kibe,yatin.kibe749@example.com,Bengaluru,2023-09-26,active
1461,Tanish Jaggi,tanish.jaggi126@example.com,Visakhapatnam,2025-12-10,active
1912,Rachita Subramanian,rachita.subramanian46@example.com,Nagpur,2026-03-23,active
1126,Meera Bala,meera.bala138@example.com,Ahmedabad,2023-10-09,active
1147,Ladli Nayar,ladli.nayar831@example.com,Chennai,2023-08-11,inactive
1301,Xiti Pandya,xiti.pandya972@example.com,Lucknow,2023-09-26,active
1417,Nakul Sarraf,nakul.sarraf853@example.com,Lucknow,2024-09-27,active
2246,Yasti Dutta,yasti.dutta13@example.com,Jaipur,2024-08-18,active
1872,Ganga Keer,ganga.keer563@example.com,Indore,2023-07-14,active
1503,Joshua Kapoor,joshua.kapoor576@example.com,Patna,2025-12-17,active
2287,Watika Khanna,watika.khanna367@example.com,Kochi,2024-08-11,active
1523,Charan Loyal,charan.loyal544@example.com,Kochi,2024-08-17,active
1378,Panini Brar,panini.brar989@example.com,Coimbatore,2024-10-13,active
1531,,unnati.chaudhari425@example.com,Ahmedabad,2025-11-13,active
1859,Siddharth Bains,,Jaipur,2025-03-31,active
1407,Hiral Venkataraman,hiral.venkataraman307@example.com,Thiruvananthapuram,2026-02-19,inactive
1736,Leela Devan,,Thiruvananthapuram,2024-09-30,active
2040,Gautam Mane,gautam.mane508@example.com,Vadodara,2025-08-24,active
1682,Jack Setty,jack.setty106@example.com,Mumbai,2025-04-24,active
1214,Hamsini Rao,hamsini.rao220@example.com,Mumbai,,active
2103,Vyanjana Sood,vyanjana.sood398@example.com,Vadodara,2024-05-26,active
2054,Wishi Iyengar,wishi.iyengar559@example.com,Chennai,2024-03-18,active
1661,Luke Biswas,luke.biswas361@example.com,,2025-01-27,active
2117,Wishi Prabhu,wishi.prabhu863@example.com,Visakhapatnam,2024-11-17,active
1313,Peter Tak,peter.tak706@example.com,Vadodara,2024-11-17,active
1890,Hamsini Venkataraman,hamsini.venkataraman353@example.com,Ranchi,2025-01-19,active
1961,Urvi Dugar,urvi.dugar702@example.com,Kolkata,2025-01-30,active
2145,Barkha Naidu,barkha.naidu976@example.com,Bhopal,2024-09-20,inactive
1625,Thomas Master,thomas.master106@example.com,Ranchi,2023-08-15,inactive
1032,Damyanti Khatri,damyanti.khatri795@example.com,Delhi,2023-09-11,active
1365,Kashvi Kulkarni,kashvi.kulkarni3@example.com,Lucknow,2025-09-15,active
2191,Chaitanya Kaur,chaitanya.kaur169@example.com,Visakhapatnam,2024-02-09,active
1623,Vyanjana Sagar,vyanjana.sagar257@example.com,Delhi,2025-08-07,active
1770,Ethan Oommen,ethan.oommen442@example.com,Pune,2024-01-09,inactive
1253,Teerth Sawhney,teerth.sawhney580@example.com,Delhi,2024-10-28,active
1076,Neel Sathe,neel.sathe70@example.com,Delhi,2025-02-19,inactive
1580,Daksha Ahuja,daksha.ahuja831@example.com,Kolkata,2026-04-18,inactive
2155,Tarak Venkataraman,,Mumbai,2023-10-23,active
1191,Yoshita Agarwal,yoshita.agarwal908@example.com,Thiruvananthapuram,2025-06-12,active
1273,Hardik Contractor,hardik.contractor738@example.com,Surat,2026-01-06,active
1318,Bhavini Bose,bhavini.bose824@example.com,Kochi,2025-05-29,active
1981,Faqid Bahl,faqid.bahl963@example.com,Chennai,2026-01-02,active
1926,Jagrati Sethi,jagrati.sethi327@example.com,Ranchi,2023-10-29,active
1578,Faraj Patel,faraj.patel330@example.com,Vadodara,2024-04-05,active
1955,Aarna Reddy,aarna.reddy227@example.com,Raipur,2024-08-28,active
1614,Ijaya Pandey,ijaya.pandey626@example.com,Lucknow,2025-12-29,active
1806,Ekani Luthra,ekani.luthra754@example.com,Raipur,2025-08-26,active
1085,Lavanya Barad,lavanya.barad670@example.com,Thiruvananthapuram,2026-01-12,active
1342,Vivaan Walla,vivaan.walla323@example.com,Ahmedabad,2024-03-22,active
1546,Praneel Chhabra,,Surat,2026-03-16,active
1289,Gavin Wali,gavin.wali370@example.com,Chennai,,active
1078,Balendra Pingle,,Indore,2025-03-23,active
2120,Upma Golla,upma.golla394@example.com,Patna,2024-02-01,active
1190,Ekiya D’Alia,ekiya.d’alia626@example.com,Mumbai,2026-05-11,active
1742,Nathaniel Chaudhry,nathaniel.chaudhry657@example.com,Coimbatore,2024-04-01,active
1677,Pallavi Ratti,pallavi.ratti509@example.com,Ranchi,2023-10-07,active
1946,Aryan Varughese,aryan.varughese713@example.com,Vadodara,2025-12-04,active
1251,,mohammed.sachdeva714@example.com,Lucknow,2025-06-09,inactive
1866,Zinal Madan,zinal.madan515@example.com,Ranchi,2025-05-05,active
1226,Bhavna Dugar,bhavna.dugar861@example.com,Visakhapatnam,2023-09-28,inactive
1818,Gautam Mane,gautam.mane492@example.com,Chandigarh,2023-08-10,active
1195,Vedhika Dara,vedhika.dara882@example.com,Bengaluru,2023-08-11,active
1338,Gayathri Deep,gayathri.deep108@example.com,Chennai,2025-04-08,active
1601,Ijaya Muni,ijaya.muni521@example.com,Chandigarh,2024-07-11,active
1336,Mohammed Brahmbhatt,mohammed.brahmbhatt504@example.com,Mumbai,2024-05-22,active
1002,Harsh Chahal,harsh.chahal282@example.com,,2025-04-01,active
1260,Aarnav Malhotra,aarnav.malhotra989@example.com,Thiruvananthapuram,2026-01-12,active
1064,Tanvi Mutti,tanvi.mutti71@example.com,Patna,2026-03-28,active
1089,Indali Upadhyay,indali.upadhyay433@example.com,Chennai,2024-09-10,active
2093,Madhavi More,,Guwahati,2024-03-12,active
1651,Nathan Mahal,nathan.mahal681@example.com,Guwahati,2023-10-19,active
1553,Fitan Tata,fitan.tata604@example.com,Nagpur,2025-12-29,active
1475,Isaiah Narayanan,isaiah.narayanan130@example.com,Raipur,2024-01-01,active
1154,,damini.pillay837@example.com,Visakhapatnam,2024-11-27,active
1747,Raghav Tailor,raghav.tailor825@example.com,Guwahati,2025-02-08,active
1978,Dalaja Sur,dalaja.sur740@example.com,Ahmedabad,2025-02-19,active
1238,Yachana Mahajan,yachana.mahajan800@example.com,Thiruvananthapuram,2025-12-13,active
1887,Ayush De,ayush.de316@example.com,Raipur,2024-12-07,active
2043,Parth Ray,parth.ray636@example.com,Nagpur,2025-01-01,inactive
1441,Gayathri Tripathi,gayathri.tripathi963@example.com,Chandigarh,2025-12-10,active
1097,Yashica More,yashica.more3@example.com,Nagpur,2025-06-21,active
1348,Fiyaz Dyal,fiyaz.dyal779@example.com,Delhi,2024-04-27,active
1327,Gaurika Bhatti,,Surat,2024-06-27,active
1997,Yachana Dewan,yachana.dewan923@example.com,Ranchi,2024-10-22,inactive
1512,Vivaan Nagar,vivaan.nagar588@example.com,Jaipur,,inactive
1958,Elijah Parmar,elijah.parmar157@example.com,Kochi,2026-03-27,active
,Nachiket Magar,nachiket.magar449@example.com,Bhopal,2024-05-07,active
1514,Odika Mital,odika.mital839@example.com,Vadodara,2024-04-30,active
1925,Chakrika Jani,chakrika.jani688@example.com,Nagpur,2025-09-22,active
1882,Ishaan Rattan,ishaan.rattan735@example.com,Coimbatore,2024-09-10,active
1921,Pahal Arya,pahal.arya972@example.com,Coimbatore,2025-01-19,inactive
2110,Raghav Biswas,raghav.biswas383@example.com,Ranchi,2024-01-22,active
2057,Farhan Tailor,farhan.tailor817@example.com,Lucknow,2025-04-26,inactive
1219,Ayush Batra,ayush.batra7@example.com,Chandigarh,2024-06-21,active
1283,Hemang Tripathi,hemang.tripathi739@example.com,Kochi,2024-02-23,active
2198,Krisha Vyas,krisha.vyas144@example.com,Jaipur,2023-08-27,active
1374,Garima Mahajan,garima.mahajan763@example.com,Indore,2023-11-21,active
2079,Indali Issac,indali.issac303@example.com,,2025-03-17,inactive
1957,Abeer Bhatnagar,abeer.bhatnagar594@example.com,Raipur,2025-09-24,active
1542,Kashvi Bhasin,kashvi.bhasin573@example.com,Guwahati,2025-04-30,inactive
1470,Parth Sahni,parth.sahni554@example.com,Ahmedabad,2026-02-06,active
2086,Anika Saxena,anika.saxena46@example.com,Ranchi,2025-10-21,active
1457,Bhavna Dara,bhavna.dara974@example.com,Jaipur,2025-03-14,inactive
1017,Diya Rattan,diya.rattan128@example.com,Nagpur,2024-04-22,active
2014,Aarav Sankar,aarav.sankar793@example.com,Kolkata,2025-01-18,active
1443,Garima Choudhary,garima.choudhary906@example.com,Patna,2026-05-21,active
2133,Darpan Bhasin,darpan.bhasin850@example.com,Thiruvananthapuram,2024-07-24,active
1011,Vedant Mann,vedant.mann164@example.com,Ranchi,2026-05-27,active
1570,Harsh Deo,harsh.deo311@example.com,Ahmedabad,2023-10-13,active
2107,Kritika Kannan,kritika.kannan941@example.com,Vadodara,2024-04-17,active
1297,Abhimanyu Jayaraman,abhimanyu.jayaraman883@example.com,Indore,2024-05-28,active
1474,Krish Thaman,krish.thaman17@example.com,Chennai,2024-11-21,active
2102,Hemangini Mangat,hemangini.mangat541@example.com,Thiruvananthapuram,2024-11-23,active
1758,Joshua Goel,joshua.goel394@example.com,Vadodara,2025-08-26,active
1046,Pallavi Roy,pallavi.roy395@example.com,Nagpur,2024-11-20,active
1916,Sneha Deol,sneha.deol750@example.com,Coimbatore,2023-12-06,active
1115,Vedhika Khare,,Thiruvananthapuram,2024-04-29,active
1248,Baljiwan Modi,baljiwan.modi982@example.com,Nagpur,2026-06-07,active
1435,Kashvi Nori,kashvi.nori232@example.com,Guwahati,2025-02-25,active
1194,Amara Deep,amara.deep705@example.com,Hyderabad,2026-03-26,inactive
1415,Vasudha Konda,vasudha.konda797@example.com,Raipur,2025-11-15,inactive
2285,Lopa Grover,lopa.grover109@example.com,Chennai,2025-04-06,active
1158,Rehaan Kalita,rehaan.kalita286@example.com,Chandigarh,2025-09-06,active
1062,Advika Jayaraman,advika.jayaraman247@example.com,Coimbatore,2025-06-24,inactive
1416,Chameli Setty,chameli.setty933@example.com,Vadodara,2023-09-27,active
1687,Gautami Sanghvi,gautami.sanghvi446@example.com,Ahmedabad,2024-04-26,active
1582,Laban Mital,laban.mital41@example.com,Jaipur,2024-06-17,active
1581,Lajita Narayan,lajita.narayan87@example.com,Bhopal,2024-10-23,active
1292,Nakul Bawa,,Pune,2025-06-29,active
2163,Keya Kumar,,,2024-07-29,inactive
2094,Saanvi Date,saanvi.date30@example.com,Raipur,2023-11-28,active
1585,Xavier Nanda,xavier.nanda290@example.com,Nagpur,2024-08-15,active
1573,Lekha Arora,,Lucknow,2024-05-18,active
1919,Yahvi Naidu,yahvi.naidu677@example.com,Bhopal,2025-08-07,active
1075,Aarush Nath,aarush.nath725@example.com,Thiruvananthapuram,2025-10-11,active
2020,Jacob Venkatesh,jacob.venkatesh731@example.com,Mumbai,2023-07-19,active
1874,,yasti.borde781@example.com,Jaipur,2025-08-21,active
1436,Maanas Issac,maanas.issac407@example.com,Patna,2025-04-14,active
1559,Lopa Zachariah,lopa.zachariah982@example.com,Thiruvananthapuram,2024-06-29,inactive
2200,Chatresh Shroff,chatresh.shroff615@example.com,Raipur,2025-06-08,active
1674,Anay Bir,anay.bir377@example.com,Surat,2023-07-26,inactive
1915,Anusha Rao,anusha.rao297@example.com,Jaipur,,inactive
1372,Urvashi Kulkarni,urvashi.kulkarni245@example.com,Coimbatore,2023-08-20,active
1152,Vamakshi Swaminathan,vamakshi.swaminathan111@example.com,Nagpur,2024-10-31,inactive
2080,Bhavani Pant,bhavani.pant88@example.com,Bengaluru,2024-06-22,inactive
1139,Jai Barman,jai.barman597@example.com,Patna,,active
1140,Kamala Biswas,kamala.biswas131@example.com,Delhi,2025-01-01,active
2106,Megha Krish,megha.krish690@example.com,Ranchi,2024-01-02,inactive
1507,Azad Saini,azad.saini615@example.com,Lucknow,2025-04-27,active
1801,Neelima Barad,neelima.barad971@example.com,Ranchi,2024-09-05,active
1894,Falan Swamy,falan.swamy747@example.com,Thiruvananthapuram,2024-06-17,inactive
1419,Eiravati Pai,eiravati.pai225@example.com,Thiruvananthapuram,2026-05-16,active
1839,Ubika Dalal,ubika.dalal548@example.com,Raipur,2024-11-24,active
2225,Fariq Sood,fariq.sood68@example.com,Lucknow,2023-12-01,active
1545,Bhavini Badal,bhavini.badal944@example.com,Mumbai,2024-12-28,inactive
1296,Darika Bath,darika.bath989@example.com,Delhi,2024-03-03,active
2081,Sanya Brar,sanya.brar748@example.com,Pune,2024-08-21,active
1338,Gayathri Deep,gayathri.deep108@example.com,Chennai,2025-04-08,active
1473,Gautami Mane,gautami.mane808@example.com,Jaipur,2024-11-07,active
1438,Gauri Som,gauri.som550@example.com,Bengaluru,2025-01-15,active
1400,Gabriel Bhatti,gabriel.bhatti635@example.com,Guwahati,2024-06-05,active
1693,Januja Rajagopal,januja.rajagopal36@example.com,Pune,2026-03-18,active
1732,Orinder Pandya,orinder.pandya532@example.com,Lucknow,2024-02-25,inactive
1240,Ishwar Sidhu,ishwar.sidhu21@example.com,Vadodara,2026-05-03,active
1948,Chaman Hans,chaman.hans795@example.com,Lucknow,2024-06-17,active
,Azaan Dhar,azaan.dhar710@example.com,Nagpur,2026-01-01,active
1515,Prisha Tandon,prisha.tandon659@example.com,Patna,2023-08-30,active
1227,Chandani Samra,chandani.samra638@example.com,Patna,2025-07-16,active
1787,Utkarsh Bhat,utkarsh.bhat632@example.com,Raipur,2025-12-24,inactive
2158,Tara Sane,tara.sane500@example.com,Kolkata,2026-02-07,active
2090,Devansh Solanki,devansh.solanki566@example.com,Chennai,2025-02-15,active
1617,Kashvi Dhaliwal,kashvi.dhaliwal804@example.com,Indore,2025-01-06,inactive
1208,Nirja Bassi,nirja.bassi797@example.com,Bhopal,,active
1328,Bhanumati Krishnan,bhanumati.krishnan619@example.com,Ahmedabad,2025-08-21,active
1683,Dayamai Gill,dayamai.gill303@example.com,Lucknow,2023-11-16,active
1450,Lakshit Venkataraman,,Chandigarh,2024-02-18,active
2266,Veda Mani,veda.mani711@example.com,Hyderabad,2024-10-09,inactive
1216,Balendra Biswas,balendra.biswas64@example.com,Kochi,2024-03-18,inactive
1442,Chandani Soman,chandani.soman240@example.com,Indore,2025-11-27,active
1156,Anika Mohan,anika.mohan676@example.com,Kochi,2024-04-04,active
2235,Yatan Venkataraman,yatan.venkataraman895@example.com,Ahmedabad,2025-02-04,active
1090,Ayaan D’Alia,ayaan.d’alia256@example.com,Mumbai,2026-01-31,active
1645,Siddharth Talwar,siddharth.talwar655@example.com,Vadodara,2024-04-23,active
1526,Chavvi Aurora,chavvi.aurora965@example.com,Coimbatore,,active
2167,Divya Bains,divya.bains808@example.com,Kolkata,2025-10-11,inactive
1738,Varsha Sundaram,varsha.sundaram675@example.com,Vadodara,2024-07-12,active
1589,Nilima Tata,nilima.tata695@example.com,Nagpur,2023-12-07,active
2078,Aarini Padmanabhan,aarini.padmanabhan354@example.com,,2023-08-02,active
2037,Nakul Chadha,nakul.chadha446@example.com,Ahmedabad,2026-06-08,active
1864,Jatin Krishnan,jatin.krishnan64@example.com,Guwahati,2024-11-28,active
1069,Abhiram Mistry,abhiram.mistry707@example.com,Kochi,2026-03-31,active
2012,Mason Char,mason.char349@example.com,Vadodara,2024-01-17,active
1590,Wyatt Krishnan,wyatt.krishnan742@example.com,Guwahati,2025-06-13,inactive
1224,Vincent Shenoy,vincent.shenoy399@example.com,Kolkata,2025-05-22,active
1691,Jack Kari,jack.kari976@example.com,Hyderabad,2025-09-08,active
1622,Leena Tiwari,leena.tiwari821@example.com,Vadodara,2025-06-07,active
1773,Nitesh Saraf,nitesh.saraf584@example.com,Patna,2023-12-26,active
2024,Samar Sachdev,samar.sachdev6@example.com,Lucknow,2025-02-19,active
1087,Udant Bajwa,udant.bajwa883@example.com,Bengaluru,2025-06-14,active
1220,Chaaya Parmer,chaaya.parmer400@example.com,Surat,2024-08-14,active
2242,Shravya Bakshi,shravya.bakshi162@example.com,Ahmedabad,2024-01-18,active
1925,Chakrika Jani,chakrika.jani688@example.com,Nagpur,2025-09-22,active
,Nidhi Kala,nidhi.kala99@example.com,Bhopal,2026-03-04,active
2146,Indrajit Char,indrajit.char696@example.com,Bengaluru,2025-01-19,active
1641,Neha Varma,neha.varma154@example.com,Patna,2025-09-18,inactive
2279,Nachiket Sharma,nachiket.sharma134@example.com,Jaipur,2026-02-16,active
1249,Gunbir Keer,gunbir.keer733@example.com,Kochi,2026-02-11,active
1484,Damyanti Dutta,damyanti.dutta730@example.com,Visakhapatnam,2024-09-16,active
,Onveer Sharma,onveer.sharma390@example.com,Visakhapatnam,2025-12-14,inactive
1036,Siddharth Zacharia,siddharth.zacharia672@example.com,Indore,2025-09-24,active
2041,Idika Malhotra,idika.malhotra469@example.com,Bengaluru,2024-03-09,active
2265,Shaurya Bhardwaj,shaurya.bhardwaj555@example.com,Chandigarh,2023-11-05,active
1865,Samesh Andra,samesh.andra315@example.com,Chennai,2024-05-27,active
1066,Ethan Yogi,ethan.yogi563@example.com,Chennai,2024-02-24,active
1544,Advik Badal,advik.badal44@example.com,Surat,,active
1980,Ronith Lall,ronith.lall715@example.com,Guwahati,2025-08-31,active
2195,Dalaja Sengupta,dalaja.sengupta103@example.com,Pune,2024-11-25,active
2239,Chatura Varughese,chatura.varughese643@example.com,Mumbai,2026-03-01,active
1051,Chandresh Zachariah,chandresh.zachariah349@example.com,Bengaluru,2025-12-19,active
2184,Kalpit Deshmukh,kalpit.deshmukh433@example.com,Ranchi,2024-12-05,active
1479,Girish Goyal,girish.goyal969@example.com,Vadodara,2026-05-23,active
1401,Nirja Rout,nirja.rout935@example.com,Coimbatore,2025-12-05,active
1724,Logan Dara,logan.dara658@example.com,Mumbai,2023-07-24,active
1357,Pallavi Choudhry,pallavi.choudhry511@example.com,,2025-10-16,active
1820,Samuel Luthra,samuel.luthra125@example.com,Coimbatore,2025-06-05,active
1990,Brijesh Jhaveri,brijesh.jhaveri96@example.com,Nagpur,2025-01-14,active
1381,Ojas Sawhney,ojas.sawhney148@example.com,Surat,2024-07-20,inactive
1291,Ekta Chad,ekta.chad47@example.com,,2026-02-07,active
2166,Abeer Mital,abeer.mital134@example.com,Coimbatore,2026-05-26,inactive
1807,Raghav Sathe,raghav.sathe142@example.com,Bhopal,2024-02-22,active
1652,Zashil Butala,,Chandigarh,,active
1130,Zayyan Bumb,zayyan.bumb650@example.com,Ahmedabad,2024-11-24,active
1620,Rachit Murty,rachit.murty289@example.com,Nagpur,2025-12-25,active
1967,Naveen Gour,,Thiruvananthapuram,2024-03-03,inactive
,Pooja Kulkarni,pooja.kulkarni650@example.com,Pune,2024-04-15,active
2212,Laksh Chahal,,Chennai,2025-08-28,active
1822,Abhiram Kapur,abhiram.kapur978@example.com,Pune,2024-04-06,active
1917,Dipta Kalla,dipta.kalla613@example.com,Guwahati,2024-02-11,inactive
1643,Girik Shanker,girik.shanker795@example.com,Lucknow,2025-05-18,active
1177,Manthan Lata,manthan.lata681@example.com,Nagpur,2025-12-09,active
1406,Neel Naidu,neel.naidu453@example.com,Chandigarh,2026-04-03,inactive
1888,,isaiah.sabharwal261@example.com,Hyderabad,2024-10-23,active
1044,Xavier Solanki,xavier.solanki157@example.com,Thiruvananthapuram,2025-11-18,active
1596,Garima Sani,garima.sani318@example.com,Patna,2023-11-01,active
1498,Devansh Bhasin,devansh.bhasin157@example.com,Guwahati,2026-04-03,inactive
1528,Mekhala Khatri,mekhala.khatri773@example.com,Vadodara,2025-02-19,active
1501,Saumya Purohit,saumya.purohit757@example.com,Chandigarh,2024-08-15,inactive
1779,Ryan Chatterjee,ryan.chatterjee348@example.com,Patna,2023-08-08,inactive
2187,Ekiya Chakraborty,ekiya.chakraborty377@example.com,Lucknow,2023-11-08,active
1022,Yashodhara Tak,yashodhara.tak876@example.com,Jaipur,2023-10-16,inactive
2125,Ekantika Dutt,ekantika.dutt282@example.com,Jaipur,2025-05-12,active
2072,Madhav Doctor,madhav.doctor441@example.com,Bengaluru,2024-11-27,active
1885,Nathaniel Chawla,nathaniel.chawla426@example.com,Visakhapatnam,2024-09-27,active
1284,Udarsh Chokshi,udarsh.chokshi761@example.com,Patna,2024-07-19,inactive
1006,Arunima Dugal,arunima.dugal224@example.com,Jaipur,2024-02-26,active
1947,Yoshita Trivedi,yoshita.trivedi407@example.com,Jaipur,2024-10-28,active
1889,Advika Murthy,advika.murthy593@example.com,Mumbai,2023-07-25,active
1074,George Sampath,george.sampath603@example.com,Jaipur,2025-12-12,active
1325,Januja Pradhan,januja.pradhan413@example.com,Ahmedabad,2026-03-16,active
1875,Aahana Kashyap,aahana.kashyap611@example.com,Mumbai,2024-11-09,active
1280,Kalpit Bhasin,kalpit.bhasin436@example.com,,2025-03-28,active
1672,Jalsa Nadig,jalsa.nadig366@example.com,Delhi,2023-11-29,inactive
1070,Krish Lalla,krish.lalla409@example.com,Guwahati,2023-11-12,active
1482,Chasmum Apte,chasmum.apte63@example.com,Indore,2024-04-15,inactive
1362,Wridesh Saha,wridesh.saha901@example.com,Pune,2024-01-27,inactive
2267,Aashi Vora,aashi.vora2@example.com,Guwahati,2025-03-16,active
1243,Suhani Pillay,suhani.pillay263@example.com,Chandigarh,2025-06-28,active
2101,Nachiket Mitter,nachiket.mitter269@example.com,Guwahati,2023-07-23,inactive
,Kalpit Hora,kalpit.hora697@example.com,Bhopal,2025-12-06,active
1203,Harini Tripathi,harini.tripathi737@example.com,Bhopal,2024-04-21,active
2107,Kritika Kannan,kritika.kannan941@example.com,Vadodara,2024-04-17,active
1225,Aadhya Andra,aadhya.andra818@example.com,Nagpur,2026-02-24,active
1906,Waida Dey,waida.dey960@example.com,Raipur,2025-12-04,active
1539,Qarin Bhargava,qarin.bhargava123@example.com,Hyderabad,2025-01-20,active
1311,Warinder Chauhan,warinder.chauhan246@example.com,Chennai,2023-12-15,active
1841,Chanchal Sachdev,chanchal.sachdev180@example.com,Surat,2023-09-07,inactive
2247,Caleb Garde,caleb.garde373@example.com,Nagpur,2026-03-10,inactive
1560,Farhan Tella,farhan.tella242@example.com,Bengaluru,2025-09-13,active
1877,Balveer Mannan,balveer.mannan940@example.com,Coimbatore,2024-07-29,active
1488,Tejas Kota,tejas.kota333@example.com,Nagpur,,inactive
1789,Megha Banerjee,megha.banerjee522@example.com,Patna,2024-12-28,active
1024,Devansh Rajan,devansh.rajan855@example.com,Chandigarh,,active
1300,Kai Rai,kai.rai156@example.com,Pune,2025-01-29,inactive
1033,Frederick Sunder,frederick.sunder33@example.com,Kolkata,2025-11-27,active
1690,Jhalak Dugar,jhalak.dugar821@example.com,,2024-04-08,active
1446,Manbir Kibe,manbir.kibe310@example.com,Thiruvananthapuram,2023-08-14,active
1191,Yoshita Agarwal,yoshita.agarwal908@example.com,Thiruvananthapuram,2025-06-12,active
1784,,,Vadodara,2024-04-17,inactive
1771,Naveen Borde,naveen.borde745@example.com,Chandigarh,2025-02-14,active
1345,,neel.iyengar556@example.com,Visakhapatnam,2025-11-12,active
2061,Chatura Vora,chatura.vora434@example.com,Nagpur,2025-11-10,active
1009,Jeet Radhakrishnan,jeet.radhakrishnan226@example.com,Visakhapatnam,2023-10-04,active
2268,Kai Taneja,kai.taneja756@example.com,Raipur,2025-01-16,active
2096,Vamakshi Sibal,vamakshi.sibal399@example.com,Hyderabad,2026-05-16,active
1734,Bakhshi Korpal,bakhshi.korpal565@example.com,Ahmedabad,2025-05-31,active
1404,Kai Sant,kai.sant824@example.com,Visakhapatnam,2024-12-29,inactive
2176,,omaja.dara681@example.com,Thiruvananthapuram,2026-01-24,active
1527,Jacob Srinivas,jacob.srinivas905@example.com,Delhi,2026-03-12,active
1550,Upkaar Mital,upkaar.mital633@example.com,Visakhapatnam,2025-07-10,inactive
1963,Chanchal Prakash,chanchal.prakash658@example.com,Raipur,2026-04-27,active
2152,Upadhriti Bhat,upadhriti.bhat146@example.com,Coimbatore,2024-07-30,active
2215,Samuel Devi,samuel.devi41@example.com,Delhi,2025-03-22,inactive
1392,Adweta Lad,adweta.lad101@example.com,Thiruvananthapuram,2025-07-31,active
2238,Bhavika Shenoy,bhavika.shenoy270@example.com,Ranchi,2024-01-05,inactive
1129,Geetika Raghavan,geetika.raghavan735@example.com,Kolkata,2024-05-03,active
1835,Pratyush Memon,pratyush.memon958@example.com,Indore,2023-10-24,active
1028,Xiti Gokhale,xiti.gokhale747@example.com,Jaipur,2025-01-03,active
2201,,ekalinga.rama798@example.com,,2025-06-14,active
1045,,girindra.chatterjee697@example.com,,2025-06-13,active
1931,Ronith Hari,ronith.hari937@example.com,Delhi,2024-05-20,active
1569,Abdul Morar,abdul.morar70@example.com,Indore,2024-10-28,active
1909,,hamsini.chokshi69@example.com,Bengaluru,2025-09-26,active
1236,Karan Chana,karan.chana553@example.com,Delhi,2026-03-07,inactive
1881,Girik Pradhan,girik.pradhan453@example.com,Bengaluru,2025-11-26,active
2009,Oliver Oommen,,Raipur,2026-03-21,active
1594,Ikbal Kothari,ikbal.kothari716@example.com,Guwahati,2025-06-12,active
1644,Dev Warrior,dev.warrior125@example.com,Delhi,2024-09-07,active
1727,Anthony Bhattacharyya,,Pune,2024-02-07,active
1332,Falguni Datta,falguni.datta591@example.com,Delhi,2025-06-25,active
1765,Libni Sarma,libni.sarma990@example.com,Jaipur,2025-08-30,active
1380,Chakrika Mohan,chakrika.mohan933@example.com,Visakhapatnam,2024-10-29,active
1360,Amol Varma,,,2025-03-16,active
2214,Devika Narayan,,Hyderabad,2024-11-01,active
1681,Dalbir Konda,dalbir.konda185@example.com,Patna,2023-10-11,active
1054,Ladli Agate,,Chennai,2026-05-27,active
1218,Harish Sawhney,harish.sawhney21@example.com,Coimbatore,2024-01-05,active
1788,Vaishnavi Keer,vaishnavi.keer608@example.com,Kolkata,2024-11-30,active
2151,Agastya Joshi,agastya.joshi780@example.com,,2025-06-10,active
1499,Urmi Balay,urmi.balay69@example.com,Mumbai,2024-05-13,inactive
1323,Yamini Gera,yamini.gera583@example.com,,2023-08-22,active
1344,Triya Manda,triya.manda845@example.com,Hyderabad,,active
1869,Rushil Iyengar,rushil.iyengar227@example.com,Jaipur,2025-10-18,inactive
1549,Kashvi Ravi,kashvi.ravi333@example.com,Chennai,2024-11-12,inactive
1497,Tejas Bora,tejas.bora682@example.com,Ahmedabad,2023-08-29,active
1004,Rushil Saini,rushil.saini914@example.com,,2024-03-02,active
1557,Amol Johal,amol.johal544@example.com,Bhopal,2025-03-28,active
2188,Pallavi Pau,pallavi.pau793@example.com,Pune,2024-07-17,active
1396,Bina Mital,bina.mital384@example.com,Surat,2026-01-04,active
1086,Ryan Sharma,ryan.sharma413@example.com,Raipur,2024-07-18,active
,Waida Gole,waida.gole211@example.com,Bhopal,2026-02-07,inactive
1043,Tanish Zacharia,tanish.zacharia774@example.com,Delhi,2023-11-30,inactive
1426,Widisha Bajaj,widisha.bajaj932@example.com,Lucknow,2023-10-15,active
1992,Balveer Naik,balveer.naik10@example.com,Ranchi,2023-10-30,active
1099,Osha Raghavan,osha.raghavan714@example.com,Raipur,,inactive
2241,Pranit Deshmukh,pranit.deshmukh880@example.com,Coimbatore,2024-09-03,active
1152,Vamakshi Swaminathan,vamakshi.swaminathan111@example.com,Nagpur,2024-10-31,inactive
1940,George Palla,george.palla780@example.com,Coimbatore,2024-03-03,active
1250,Lipika Setty,lipika.setty708@example.com,Thiruvananthapuram,2024-08-10,active
1448,Max Sachar,max.sachar312@example.com,Indore,2025-07-17,active
1636,Bimala Loke,bimala.loke811@example.com,Pune,2026-04-22,active
2226,Kashvi Gour,kashvi.gour748@example.com,Jaipur,2026-01-05,active
1264,,charles.date252@example.com,Mumbai,2025-09-09,active
1522,Shivani Prabhakar,shivani.prabhakar996@example.com,Hyderabad,2023-10-18,active
1720,Manbir Chand,manbir.chand89@example.com,Mumbai,,active
1421,Wyatt Shukla,wyatt.shukla786@example.com,Guwahati,2023-11-19,active
1265,Devansh Soni,devansh.soni462@example.com,Jaipur,2024-10-31,active
1743,Amaira Walla,amaira.walla216@example.com,Coimbatore,2025-11-28,active
1145,Ekantika Korpal,ekantika.korpal768@example.com,Pune,2025-12-13,inactive
2063,Tanvi Dara,tanvi.dara548@example.com,Bhopal,2025-07-25,inactive
1884,Oviya Ganesan,oviya.ganesan57@example.com,Visakhapatnam,2023-11-09,active
1673,Jasmit Gera,jasmit.gera340@example.com,Ahmedabad,2025-10-02,active
1198,Triya Dalal,triya.dalal571@example.com,Jaipur,2025-06-01,inactive
1451,Vanya Vora,vanya.vora761@example.com,Ranchi,2024-08-16,inactive
1595,Ojas Basu,ojas.basu610@example.com,Ranchi,2025-03-03,inactive
2139,Ekiya Sidhu,ekiya.sidhu439@example.com,Chennai,2024-04-30,active
1513,Warjas Mittal,warjas.mittal866@example.com,Patna,2026-01-31,inactive
2213,Omisha Khosla,omisha.khosla978@example.com,Mumbai,2025-03-13,active
1640,Oeshi Prashad,oeshi.prashad20@example.com,Ahmedabad,2024-11-04,active
2278,Urvi Banik,urvi.banik64@example.com,Surat,2025-05-30,active
1319,Yashica Rajagopalan,yashica.rajagopalan558@example.com,Jaipur,2024-11-16,active
1322,Harshil Oza,harshil.oza315@example.com,Vadodara,2026-05-24,active
2138,Vrishti Gupta,vrishti.gupta882@example.com,Ranchi,2025-03-07,active
1653,Charles Randhawa,charles.randhawa539@example.com,Patna,2025-05-08,active
1662,Nitesh Sarraf,nitesh.sarraf659@example.com,Chennai,2024-07-20,inactive
1608,Meghana Balakrishnan,meghana.balakrishnan785@example.com,Vadodara,2025-09-05,active
2257,Balhaar Dhillon,balhaar.dhillon793@example.com,,2026-01-07,active
1059,Quincy Biswas,quincy.biswas614@example.com,Kolkata,2025-04-06,active
1850,Kashvi Atwal,kashvi.atwal116@example.com,Kolkata,2026-02-16,active
1333,Pallavi Trivedi,pallavi.trivedi180@example.com,Indore,2024-07-31,active
1833,Ranveer Oza,ranveer.oza698@example.com,Pune,2025-08-24,active
1750,Garima Jaggi,garima.jaggi476@example.com,Kochi,2025-11-17,active
1288,Luke Rattan,luke.rattan103@example.com,Kochi,2023-09-24,active
1151,Wyatt Ray,wyatt.ray274@example.com,Chennai,2024-12-13,active
1272,Lakshmi Wali,lakshmi.wali971@example.com,Kochi,2024-05-21,active
1317,Triya Seth,triya.seth271@example.com,Thiruvananthapuram,2023-08-21,active
2087,Shravya Sachdev,shravya.sachdev870@example.com,Kolkata,2024-01-06,active
1890,Hamsini Venkataraman,hamsini.venkataraman353@example.com,Ranchi,2025-01-19,active
1151,Wyatt Ray,wyatt.ray274@example.com,Chennai,2024-12-13,active
1185,Pratyush Sarin,,Lucknow,2025-05-18,active
1465,Urmi Chaudhry,urmi.chaudhry806@example.com,Coimbatore,2025-07-07,active
1684,Advay Gade,advay.gade735@example.com,Surat,2024-12-22,active
1821,Aditya Som,aditya.som389@example.com,Nagpur,2026-03-09,inactive
1699,Deepa Narang,deepa.narang376@example.com,Nagpur,2023-10-12,active
1453,Aishani Sule,aishani.sule159@example.com,Surat,,active
2178,Eiravati Zacharia,eiravati.zacharia717@example.com,Jaipur,2025-03-05,active
2149,Azad Rama,azad.rama887@example.com,Pune,2025-06-12,active
2075,Mitali Chaudhary,mitali.chaudhary590@example.com,Jaipur,2025-07-17,active
1977,Garima Srinivasan,garima.srinivasan422@example.com,Hyderabad,2024-11-16,active
2132,Yuvraj Dugar,yuvraj.dugar224@example.com,Surat,2024-12-25,active
2001,Vasatika Srinivas,vasatika.srinivas34@example.com,Chennai,2024-12-03,inactive
1843,Luke Mutti,luke.mutti407@example.com,Indore,2026-01-16,active
1082,Mohammed Khalsa,mohammed.khalsa195@example.com,Bengaluru,2026-01-18,active
1891,Rachita Kothari,rachita.kothari62@example.com,Mumbai,2024-12-06,inactive
1631,Gagan Sarna,gagan.sarna953@example.com,Hyderabad,2026-01-19,active
1035,Alka Wable,alka.wable581@example.com,Ranchi,2026-01-27,active
1267,Caleb Verma,caleb.verma345@example.com,Hyderabad,2024-05-28,active
1095,Januja Sankar,januja.sankar498@example.com,Indore,2023-09-24,active
1113,Sanaya Dutt,sanaya.dutt210@example.com,Guwahati,2025-09-11,active
1855,Tamanna Venkatesh,tamanna.venkatesh877@example.com,Thiruvananthapuram,2025-04-07,inactive
2004,Manan Bhalla,manan.bhalla730@example.com,Nagpur,2024-01-05,inactive
1363,Jalsa Bir,jalsa.bir283@example.com,Surat,2026-04-23,active
1402,Jeremiah Nadig,jeremiah.nadig473@example.com,Thiruvananthapuram,2025-05-26,active
1038,Raksha Varughese,raksha.varughese272@example.com,Pune,2024-11-04,active
1184,Upma Venkataraman,upma.venkataraman813@example.com,Raipur,2025-06-05,active
2031,Gaurang Bhatt,gaurang.bhatt13@example.com,Lucknow,2024-04-17,active
1555,Siddharth Soman,siddharth.soman227@example.com,Kolkata,2024-04-25,active
1405,,jeet.vasa694@example.com,Patna,2023-12-22,active
1252,Nikita Mammen,nikita.mammen615@example.com,Bengaluru,2023-08-15,active
1155,Pavani Narayanan,pavani.narayanan841@example.com,Jaipur,2024-07-21,active
1943,Sanaya Khosla,sanaya.khosla931@example.com,Hyderabad,2026-03-02,active
1778,Gagan Menon,gagan.menon404@example.com,Chandigarh,2025-12-06,active
1316,Daksh Pandey,daksh.pandey73@example.com,Guwahati,2025-01-02,active
2257,Balhaar Dhillon,balhaar.dhillon793@example.com,,2026-01-07,active
1478,Prisha Varma,prisha.varma112@example.com,Visakhapatnam,2024-06-25,active
1740,Theodore Balan,theodore.balan578@example.com,Delhi,2026-02-20,inactive
1027,Nakul Setty,nakul.setty624@example.com,Thiruvananthapuram,2023-07-15,active
2293,Zaitra Deo,zaitra.deo255@example.com,Chandigarh,2024-02-15,active
1166,Nandini Swamy,nandini.swamy591@example.com,Kochi,2023-09-28,active
1816,Peter Som,peter.som305@example.com,Lucknow,2025-03-28,active
1079,Qushi Datta,qushi.datta136@example.com,Raipur,2023-08-25,inactive
1900,Gavin Modi,gavin.modi403@example.com,Bhopal,2026-02-14,active
2233,Dhriti Ramesh,dhriti.ramesh802@example.com,,2025-04-23,active
1480,Ekiya Kothari,ekiya.kothari803@example.com,Guwahati,2023-07-19,active
2169,Ishani Dugal,ishani.dugal642@example.com,Visakhapatnam,2023-12-06,active
1239,Vasatika Merchant,vasatika.merchant32@example.com,Jaipur,2025-09-14,active
1709,Tara Chad,tara.chad90@example.com,Guwahati,2025-03-22,inactive
2015,Caleb Wagle,caleb.wagle280@example.com,Visakhapatnam,2024-10-11,active
1911,Wishi Agrawal,wishi.agrawal894@example.com,Delhi,2025-01-27,active
2192,Nachiket Chada,nachiket.chada219@example.com,Thiruvananthapuram,2023-11-08,active
1754,Harrison Nayar,harrison.nayar380@example.com,Bhopal,2024-05-28,active
1817,Hemangini Gade,hemangini.gade707@example.com,Ranchi,2025-12-20,active
1286,Atharv Loke,atharv.loke757@example.com,Indore,2023-08-11,active
2129,Alexander Ganesh,alexander.ganesh794@example.com,Patna,2025-11-04,inactive
2122,Lekha Savant,lekha.savant426@example.com,Ranchi,2024-03-31,inactive
1387,Mitesh Sengupta,mitesh.sengupta325@example.com,Thiruvananthapuram,2026-04-18,active
1123,Thomas Sura,thomas.sura627@example.com,Thiruvananthapuram,2024-03-01,active
2099,Idika Subramaniam,idika.subramaniam819@example.com,Patna,2025-02-06,active
1192,Odika Bhagat,odika.bhagat736@example.com,Ranchi,2024-01-27,active
1708,Zinal Sachar,zinal.sachar921@example.com,Ranchi,2025-07-28,active
1607,Nidhi Gour,nidhi.gour39@example.com,Guwahati,2024-01-26,active
1460,Hiral Sathe,hiral.sathe408@example.com,Ahmedabad,2025-06-10,active
2077,Shivani Natt,,Ranchi,2024-04-13,active
2286,Divya Balay,divya.balay322@example.com,Surat,2024-04-26,active
2190,Inaya Sathe,inaya.sathe577@example.com,Hyderabad,2025-05-06,active
1377,Jhalak Venkataraman,jhalak.venkataraman508@example.com,Delhi,2024-04-21,active
2217,Qushi Dhillon,qushi.dhillon730@example.com,Bhopal,2025-06-10,active
,Isaiah Keer,isaiah.keer116@example.com,Coimbatore,2025-05-16,active
1208,Nirja Bassi,nirja.bassi797@example.com,Bhopal,,active
1258,Jeremiah Jha,jeremiah.jha651@example.com,Visakhapatnam,2023-09-23,active
2237,Ranveer Manne,ranveer.manne440@example.com,Ahmedabad,2024-10-22,active
2023,Jasmit Majumdar,jasmit.majumdar325@example.com,Chandigarh,2026-06-03,active
1808,Vedhika Varty,vedhika.varty333@example.com,Guwahati,2026-01-21,active
1768,Nicholas Seth,nicholas.seth670@example.com,Guwahati,2023-09-28,active
2062,Bachittar Thakkar,bachittar.thakkar613@example.com,Indore,2024-07-16,active
1845,Dhriti Bhardwaj,dhriti.bhardwaj10@example.com,Lucknow,2023-07-17,active
1049,Logan Sami,logan.sami118@example.com,Guwahati,2024-01-23,inactive
2206,Anthony Baral,anthony.baral813@example.com,Jaipur,2024-03-31,active
2168,Yasti Dubey,yasti.dubey781@example.com,Delhi,2023-10-20,active
1244,Lakshmi Prabhu,lakshmi.prabhu622@example.com,Raipur,2023-11-04,active
2066,Rachit Lall,rachit.lall832@example.com,Patna,2024-03-20,active
1867,Omya Cheema,omya.cheema707@example.com,Bengaluru,2025-01-07,active
1105,Girik Keer,girik.keer515@example.com,Bhopal,2025-06-28,active
1592,Nandini Warrior,nandini.warrior597@example.com,Guwahati,2025-01-02,active
1759,Bachittar Gopal,bachittar.gopal986@example.com,Chennai,2025-04-14,inactive
1034,Kabir Soman,kabir.soman68@example.com,Kochi,2026-04-16,inactive
1209,Lakshmi Raju,lakshmi.raju245@example.com,Ahmedabad,2026-05-30,active
2282,Sathvik Narula,sathvik.narula335@example.com,Kolkata,2025-11-10,active
1064,Tanvi Mutti,tanvi.mutti71@example.com,Patna,2026-03-28,active
1150,Advaith Varughese,advaith.varughese885@example.com,Raipur,2026-04-17,inactive
1257,Ansh Bedi,ansh.bedi109@example.com,Surat,2025-10-27,inactive
2026,Zehaan Mohanty,zehaan.mohanty90@example.com,Chennai,2025-03-18,active
2034,Warda Sarna,warda.sarna174@example.com,Guwahati,2023-07-23,active
1274,Qushi Seth,qushi.seth777@example.com,Jaipur,2026-02-12,active
2294,Tripti Ram,tripti.ram51@example.com,Guwahati,2025-08-10,active
1058,Yadavi Wali,,Bhopal,2023-12-26,inactive
1055,Suhani Mangal,suhani.mangal109@example.com,Thiruvananthapuram,2024-10-04,active
1149,Harini Mammen,harini.mammen341@example.com,,2026-02-04,inactive
1391,Zarna Ram,zarna.ram233@example.com,Raipur,2026-03-11,active
2234,Ikbal Seth,ikbal.seth381@example.com,Pune,,active
2008,Luke Gopal,luke.gopal758@example.com,Pune,2025-05-06,active
1733,Anvi Mammen,,Kochi,2024-10-29,active
1837,Gaurav Kapadia,gaurav.kapadia662@example.com,Delhi,2024-07-24,inactive
2179,Yadavi Kant,yadavi.kant94@example.com,Ranchi,2023-12-22,active
1293,Saanvi Samra,saanvi.samra771@example.com,Indore,2024-12-10,active
1986,Noah Varkey,noah.varkey416@example.com,Visakhapatnam,2023-12-08,active
1428,Ira Bava,ira.bava806@example.com,Patna,2023-09-03,inactive
1492,Jackson Jha,jackson.jha667@example.com,Patna,2025-08-14,active
1361,Bishakha Sanghvi,,Vadodara,2023-07-13,active
2144,Ranveer Viswanathan,ranveer.viswanathan300@example.com,Lucknow,2025-07-09,active
1331,Kai Chad,kai.chad784@example.com,Guwahati,2024-06-06,inactive
1556,Avni Bali,avni.bali79@example.com,Bhopal,2024-01-19,active
1960,Raksha Raj,raksha.raj512@example.com,Patna,2024-09-05,active
2055,Alka Jhaveri,alka.jhaveri564@example.com,Hyderabad,2024-03-12,inactive
1774,Garima Jha,garima.jha567@example.com,Lucknow,2026-05-15,active
1354,,madhav.devan96@example.com,Jaipur,2023-08-21,inactive
2203,Vihaan Rai,vihaan.rai211@example.com,Bhopal,2025-01-04,active
2010,Victor Radhakrishnan,victor.radhakrishnan764@example.com,Chandigarh,,active
2223,Atharv Loke,,Coimbatore,2025-04-17,active
1223,Wridesh Tank,wridesh.tank280@example.com,Surat,2026-03-11,active
2150,Chandran Peri,chandran.peri729@example.com,Kolkata,2024-03-03,inactive
2111,Indrajit Shah,,Surat,2025-04-30,active
1884,Oviya Ganesan,oviya.ganesan57@example.com,Visakhapatnam,2023-11-09,active
2228,Bachittar Rege,bachittar.rege627@example.com,Vadodara,2025-10-03,active
1525,Varenya Joshi,varenya.joshi320@example.com,Raipur,2026-01-23,active
1878,Pooja D’Alia,pooja.d’alia849@example.com,Patna,2023-10-21,inactive
1800,Baljiwan Gera,baljiwan.gera698@example.com,Jaipur,2024-04-30,active
1137,Keya Ranganathan,keya.ranganathan905@example.com,Ranchi,2026-04-10,inactive
1654,Pushti Chand,,Patna,2025-07-31,active
2261,Chandani Naidu,chandani.naidu476@example.com,Chandigarh,2024-08-07,active
1352,Libni Bumb,libni.bumb246@example.com,Ranchi,2024-08-14,active
2154,Banjeet Bobal,,Thiruvananthapuram,2025-12-17,active
2018,Fiyaz Mander,fiyaz.mander677@example.com,Nagpur,2025-04-09,active
1726,Frado Lad,frado.lad900@example.com,Patna,2026-03-15,active
1871,Watika Johal,watika.johal621@example.com,Chandigarh,2025-07-14,active
1394,Ethan Seth,ethan.seth307@example.com,Hyderabad,2024-01-12,active
1618,Lakshit Rajagopal,lakshit.rajagopal199@example.com,Chandigarh,2024-10-04,active
1979,Finn Mand,finn.mand294@example.com,,2026-01-12,active
1397,Janaki Trivedi,janaki.trivedi544@example.com,Surat,2024-03-07,active
1937,Charvi Swaminathan,charvi.swaminathan196@example.com,Delhi,2025-10-31,active
1132,Azaan Kota,azaan.kota434@example.com,Ahmedabad,2024-02-09,active
1178,Darpan Gandhi,darpan.gandhi925@example.com,Chennai,2025-11-02,active
1593,Balhaar Parsa,balhaar.parsa359@example.com,Lucknow,2025-07-28,inactive
2017,,pavani.desai443@example.com,Chennai,,active
1669,Manya Merchant,manya.merchant318@example.com,Bhopal,2025-05-30,active
1753,Elijah Prakash,elijah.prakash354@example.com,Nagpur,2025-08-01,active
1600,Ojasvi Chada,ojasvi.chada96@example.com,Thiruvananthapuram,2023-11-12,active
2053,Tejas Luthra,tejas.luthra955@example.com,Coimbatore,2024-01-22,active
2092,Hemang Lala,hemang.lala415@example.com,Thiruvananthapuram,2025-04-30,active
1966,Siddharth Sachar,siddharth.sachar501@example.com,Chennai,2026-03-03,inactive
2270,Bina Hari,bina.hari430@example.com,Indore,2023-07-13,inactive
2141,Adya Peri,adya.peri825@example.com,Delhi,2024-11-07,active
1836,Aarna Goswami,aarna.goswami205@example.com,Lucknow,2026-04-16,active
1942,Vaishnavi Andra,vaishnavi.andra891@example.com,Kolkata,2023-11-11,active
1922,Lakshmi Dhillon,lakshmi.dhillon934@example.com,Chennai,2023-09-06,active
1923,Ryan Loke,ryan.loke438@example.com,Patna,2025-09-18,active
2051,Yuvraj Mani,yuvraj.mani590@example.com,Jaipur,2023-10-19,active
2127,Rushil Patel,rushil.patel792@example.com,Indore,2026-02-12,active
1893,Yashasvi Singh,yashasvi.singh185@example.com,Pune,2026-01-05,active
1959,Bimala Mitra,bimala.mitra389@example.com,Coimbatore,2025-04-18,inactive
1748,Vritti Barad,vritti.barad465@example.com,,2023-10-16,active
1425,Wishi Varma,wishi.varma374@example.com,Raipur,2024-11-20,active
1903,Januja Sethi,januja.sethi558@example.com,Surat,2023-11-10,active
2104,Brinda Kashyap,brinda.kashyap117@example.com,Chandigarh,2025-11-07,active
2068,Shivansh Saini,shivansh.saini255@example.com,Guwahati,2025-07-27,active
1469,Vincent Warrior,vincent.warrior880@example.com,Pune,2025-09-06,inactive
1221,Yash Wali,yash.wali753@example.com,Patna,2024-09-23,active
1403,Unnati Varughese,unnati.varughese262@example.com,Guwahati,2024-07-13,active
1124,Vedika Balakrishnan,vedika.balakrishnan684@example.com,Patna,2024-08-29,active
1936,Balveer Dube,balveer.dube95@example.com,Patna,2026-03-27,active
1201,Tanmayi Dhillon,tanmayi.dhillon573@example.com,Vadodara,2024-08-23,active
1761,Wazir Palan,wazir.palan195@example.com,Chennai,2026-05-24,active
1261,Kalpit Zachariah,kalpit.zachariah828@example.com,,2024-04-04,active
2042,Suhani Raval,suhani.raval7@example.com,Nagpur,2025-03-15,active
2229,Anamika Sachar,anamika.sachar683@example.com,Raipur,2024-03-05,active
1144,Veda Shroff,veda.shroff906@example.com,Surat,2024-10-18,inactive
1505,Ladli Karpe,ladli.karpe682@example.com,Surat,2024-03-31,inactive
2157,Praneel Sagar,praneel.sagar899@example.com,Chandigarh,2025-09-14,active
1802,Wazir Bawa,wazir.bawa20@example.com,,2025-09-13,active
1861,Keya Kumer,keya.kumer274@example.com,Kolkata,2025-10-11,active
1983,Urmi Dixit,,Vadodara,2024-08-04,active
2089,Shivansh Ganesan,shivansh.ganesan759@example.com,Jaipur,2024-09-07,active
2250,Bhavya Golla,bhavya.golla430@example.com,Jaipur,2023-11-14,active
1299,Abhimanyu Tank,abhimanyu.tank591@example.com,Thiruvananthapuram,2025-09-15,active
2142,Qasim Bahl,qasim.bahl546@example.com,Ahmedabad,2025-05-02,active
1803,Kashish Bahri,kashish.bahri156@example.com,Surat,2024-07-06,active
1838,Osha Narula,osha.narula92@example.com,Thiruvananthapuram,2024-08-11,active
1228,Chasmum Issac,chasmum.issac404@example.com,,2026-06-11,active
1100,Charvi Ravi,charvi.ravi570@example.com,Guwahati,2025-02-15,active
1786,Frederick Padmanabhan,frederick.padmanabhan327@example.com,Chennai,2025-11-19,active
2291,,xiti.dube42@example.com,Kochi,2024-01-30,inactive
1664,Teerth Chadha,teerth.chadha491@example.com,Thiruvananthapuram,2026-02-21,active
1485,Jacob Merchant,,Kolkata,2024-08-06,active
2236,Lila Varty,lila.varty121@example.com,Hyderabad,2025-10-04,active
1635,Om Naik,om.naik860@example.com,Ranchi,2026-05-20,active
,Frado Kibe,frado.kibe885@example.com,Mumbai,2025-03-12,active
1340,Raksha Bassi,raksha.bassi968@example.com,Nagpur,2024-09-21,inactive
2280,Turvi Sachdev,turvi.sachdev872@example.com,Kolkata,2026-03-27,inactive
1700,Abhiram Pillay,abhiram.pillay286@example.com,Jaipur,2024-02-10,inactive
1716,Dipta Ray,dipta.ray206@example.com,Pune,2023-11-17,active
1373,Bhavika Parikh,bhavika.parikh877@example.com,Surat,,active
1769,Chaitaly Bahri,chaitaly.bahri550@example.com,Hyderabad,,inactive
2005,Zansi Ravi,,Chennai,2025-04-10,active
1212,Alexander Dhawan,alexander.dhawan83@example.com,Pune,2024-09-21,active
1576,Amrita Tailor,,Raipur,2023-12-14,inactive
1521,Aadhya Jani,aadhya.jani72@example.com,Pune,2024-06-28,active
1312,Oscar Dua,oscar.dua161@example.com,Hyderabad,2025-09-29,active
1653,Charles Randhawa,charles.randhawa539@example.com,Patna,2025-05-08,active
1730,Om Sant,om.sant166@example.com,Kolkata,2025-12-03,inactive
2105,Ranbir Sabharwal,ranbir.sabharwal469@example.com,Vadodara,2026-02-06,active
1094,Aarav Venkatesh,aarav.venkatesh870@example.com,Jaipur,2026-03-24,active
1001,Aryan Maharaj,aryan.maharaj655@example.com,Bengaluru,2024-03-29,active
1563,Ayushman Mahajan,ayushman.mahajan975@example.com,Thiruvananthapuram,2025-10-24,active
1571,Saumya Vala,saumya.vala361@example.com,Bhopal,2024-09-18,active
1037,Devika Rastogi,devika.rastogi937@example.com,Thiruvananthapuram,2026-06-06,active
1423,Leena Sahota,leena.sahota643@example.com,Thiruvananthapuram,2024-04-01,active
1932,Falan Grover,falan.grover992@example.com,Surat,2026-05-02,active
1962,Mahika Merchant,mahika.merchant842@example.com,Indore,2026-04-30,inactive
2199,Darpan Mander,darpan.mander87@example.com,Jaipur,2024-02-10,active
1902,Udant Sha,udant.sha306@example.com,Visakhapatnam,2024-06-29,active
2231,Vrishti Nair,vrishti.nair141@example.com,Ranchi,2026-01-20,active
1122,Chanchal Ramakrishnan,chanchal.ramakrishnan854@example.com,,2026-01-06,active
1324,Reva Viswanathan,reva.viswanathan480@example.com,Ranchi,2025-01-19,active
2123,Rushil Sharma,rushil.sharma501@example.com,Chennai,2025-09-02,active
2159,Pranit Ratti,,Raipur,,active
1999,Mason Grover,mason.grover77@example.com,Guwahati,2023-12-26,inactive
2116,Wakeeta Kalla,,Pune,2024-07-10,active
1587,Pranit Bala,pranit.bala809@example.com,Thiruvananthapuram,2026-04-22,active
1895,Arunima Bedi,arunima.bedi384@example.com,,2025-01-02,active
1471,Balhaar Ranganathan,balhaar.ranganathan113@example.com,Guwahati,2025-10-28,inactive
1081,Harshil Pandya,harshil.pandya804@example.com,Indore,2025-10-20,inactive
2028,Neel Chaudhry,neel.chaudhry106@example.com,Hyderabad,2024-02-25,active
1413,Shivansh Saha,shivansh.saha850@example.com,,2025-04-30,active
1388,Sachi Bose,sachi.bose778@example.com,Indore,2025-03-14,inactive
1714,Samaksh Deshpande,samaksh.deshpande654@example.com,Chennai,2025-10-20,active
2113,Chandran Warrior,chandran.warrior499@example.com,Thiruvananthapuram,2023-08-04,active
1229,Hredhaan Khalsa,hredhaan.khalsa28@example.com,Mumbai,2024-08-21,active
1520,Omaja Wagle,omaja.wagle147@example.com,Coimbatore,2023-12-01,active
1042,Ekavir Varkey,ekavir.varkey142@example.com,Bhopal,2024-03-21,active
1285,Ishwar Mallick,ishwar.mallick707@example.com,Chennai,2025-03-14,active
1840,Urmi Hayer,urmi.hayer960@example.com,Delhi,2024-12-26,inactive
2260,Tamanna Parsa,tamanna.parsa312@example.com,Raipur,2026-03-30,active
1329,Gauri Bumb,gauri.bumb235@example.com,Guwahati,2025-03-24,inactive
,Chanchal Sheth,chanchal.sheth126@example.com,Surat,2025-06-28,active
2207,Gauri Suri,gauri.suri116@example.com,,2024-09-03,active
1170,Chameli Sanghvi,chameli.sanghvi202@example.com,Chandigarh,2024-06-01,active
1508,Wridesh Jhaveri,,Bhopal,2023-09-21,active
1481,Warinder Sekhon,warinder.sekhon470@example.com,Thiruvananthapuram,2025-09-22,inactive
1518,Urvashi Khosla,urvashi.khosla720@example.com,Lucknow,2026-01-02,inactive
2251,Samaksh Aggarwal,samaksh.aggarwal427@example.com,Raipur,2025-05-05,active
1659,Harshil Munshi,,Bengaluru,2024-08-06,active
1012,Harrison Rai,harrison.rai285@example.com,Pune,2024-05-03,active
1056,Mohammed Gupta,mohammed.gupta655@example.com,Bhopal,2024-05-23,active
1628,Jeevika Barman,jeevika.barman928@example.com,Bhopal,2025-09-29,active
1572,Gaurav Pandya,gaurav.pandya473@example.com,Visakhapatnam,2025-02-21,active
1830,Dakshesh Raval,dakshesh.raval927@example.com,Bhopal,2025-06-15,active
1781,Darika Rao,darika.rao522@example.com,Nagpur,2024-11-25,active
1657,Jai Sami,jai.sami17@example.com,Chandigarh,2025-07-20,active
,Nidhi Kala,nidhi.kala99@example.com,Bhopal,2026-03-04,active
2082,Ubika Dhillon,ubika.dhillon352@example.com,Visakhapatnam,2026-01-22,active
2118,Ganga Buch,ganga.buch887@example.com,Chandigarh,2025-12-27,inactive
1494,Sudiksha Deo,,Surat,2025-01-09,active
2211,Ati Kar,ati.kar583@example.com,Surat,2023-12-20,active
1880,Falguni Parmar,falguni.parmar169@example.com,Kolkata,2026-02-19,inactive
1444,Avi Som,avi.som625@example.com,Jaipur,2024-04-20,active
2050,Ira Varty,ira.varty712@example.com,Thiruvananthapuram,2025-02-02,active
1634,Samuel Bhargava,samuel.bhargava29@example.com,Kolkata,2025-03-10,inactive
1873,Indrajit Tak,indrajit.tak822@example.com,Guwahati,2023-12-17,inactive
2216,Lakshit More,lakshit.more408@example.com,Bhopal,2025-07-14,active
1853,Leela Thakur,leela.thakur810@example.com,Lucknow,2025-03-30,active
2076,Tanveer Kumar,tanveer.kumar401@example.com,Visakhapatnam,2024-11-30,active
1347,Harshil Varty,harshil.varty775@example.com,Indore,2026-01-04,active
1933,Krishna Baria,krishna.baria138@example.com,Nagpur,2024-10-10,active
1934,Kalpit Dyal,kalpit.dyal209@example.com,Kolkata,2025-03-25,active
2098,Tanmayi Saran,tanmayi.saran829@example.com,Mumbai,2025-01-20,active
1110,Patrick Vasa,patrick.vasa609@example.com,Delhi,2024-11-18,active
1538,Omkaar Dey,omkaar.dey783@example.com,Ahmedabad,2025-08-17,active
1764,Aahana Chokshi,aahana.chokshi968@example.com,Nagpur,2025-08-17,active
1722,Abha Ghosh,abha.ghosh421@example.com,Surat,2023-08-14,inactive
1013,Nicholas Prabhakar,nicholas.prabhakar782@example.com,Kolkata,2024-07-24,active
1322,Harshil Oza,harshil.oza315@example.com,Vadodara,2026-05-24,active
1671,Ekavir Wable,ekavir.wable38@example.com,Thiruvananthapuram,2026-02-13,active
1268,Darsh Srinivas,darsh.srinivas333@example.com,,2025-12-31,active
1065,Aditya Shanker,aditya.shanker132@example.com,Guwahati,2025-05-04,active
1048,Ikbal Kothari,ikbal.kothari567@example.com,Hyderabad,2024-02-01,active
1452,Tripti Walia,tripti.walia430@example.com,Coimbatore,2024-07-10,active
1422,Yug Dhaliwal,yug.dhaliwal141@example.com,Thiruvananthapuram,2023-10-23,active
1775,Alka Manda,alka.manda517@example.com,,2024-05-24,active
2021,Diya Rege,diya.rege158@example.com,Nagpur,2024-08-01,active
2175,Gaurika Pall,gaurika.pall370@example.com,Ahmedabad,2026-02-03,active
1134,Tejas Shroff,tejas.shroff269@example.com,Chennai,2025-07-26,active
1928,Champak Raj,champak.raj773@example.com,Patna,2024-08-28,active
1701,Xavier Shetty,xavier.shetty27@example.com,Raipur,2024-08-07,active
1030,Kashvi Edwin,kashvi.edwin656@example.com,Ranchi,2025-02-05,active
1627,Yasti Chowdhury,yasti.chowdhury782@example.com,Chennai,2025-03-13,active
2027,Lakshit Dani,lakshit.dani571@example.com,Patna,2025-09-16,active
2232,Prisha Ravel,prisha.ravel509@example.com,Chandigarh,2025-10-16,active
2114,Baghyawati Luthra,,Thiruvananthapuram,2023-11-22,inactive
2135,Idika Sarna,idika.sarna357@example.com,Mumbai,2025-08-31,active
1462,Anita Devan,anita.devan218@example.com,Thiruvananthapuram,2023-11-05,active
1695,Omaja Nagarajan,omaja.nagarajan393@example.com,Coimbatore,2024-04-26,active
1583,Varenya Murthy,varenya.murthy450@example.com,Bhopal,2024-01-17,active
1495,Dalbir Shere,dalbir.shere465@example.com,Nagpur,2025-06-28,active
,Nitesh Kohli,nitesh.kohli865@example.com,Bengaluru,2025-01-12,active
1896,Neha Keer,neha.keer940@example.com,Nagpur,2023-10-04,active
1107,Vaishnavi Bora,vaishnavi.bora191@example.com,Mumbai,2024-11-08,active
1164,Varenya Sastry,varenya.sastry806@example.com,Kolkata,2024-07-09,active
1061,,,Lucknow,2024-09-30,active
1744,Theodore Rama,theodore.rama655@example.com,Hyderabad,2024-07-24,active
1713,Eesha Sethi,eesha.sethi729@example.com,Ranchi,2024-04-26,inactive
1136,Deepa Chokshi,deepa.chokshi10@example.com,Bengaluru,2025-03-19,active
2174,Baljiwan Raj,baljiwan.raj898@example.com,,2023-10-03,active
1171,Hardik Johal,hardik.johal972@example.com,Guwahati,2025-05-08,inactive
1665,Jatin Rajagopalan,jatin.rajagopalan139@example.com,Mumbai,2024-07-20,active
1432,Robert Patil,robert.patil303@example.com,Raipur,2025-02-20,inactive
1490,Isaac Bhatia,isaac.bhatia620@example.com,Surat,2025-12-11,active
2297,Devika Bajaj,devika.bajaj564@example.com,Jaipur,2025-03-18,active
2162,Ekiya Khosla,ekiya.khosla815@example.com,Patna,2025-03-03,active
1279,Rachana Char,rachana.char485@example.com,Patna,2025-09-12,active
1819,Nicholas Kala,nicholas.kala957@example.com,Raipur,2026-01-10,active
1410,Yadavi Ganguly,yadavi.ganguly874@example.com,Indore,2025-04-02,active
2030,Gavin Dhillon,gavin.dhillon804@example.com,Kolkata,2024-11-25,inactive
1863,Chanakya D’Alia,chanakya.d’alia670@example.com,Chandigarh,2024-09-28,active
1188,Nisha Tandon,nisha.tandon231@example.com,Kochi,2024-05-14,active
2283,Dominic Dixit,dominic.dixit240@example.com,Mumbai,2024-05-05,inactive
1382,Ira Saran,ira.saran994@example.com,Pune,2024-04-29,active
1096,Dipta Dash,dipta.dash411@example.com,Delhi,2025-08-17,active
1751,Peter Naik,peter.naik148@example.com,Kolkata,2023-09-13,inactive
1275,Harinakshi Setty,harinakshi.setty662@example.com,Ranchi,2024-09-09,active
2193,,xavier.divan942@example.com,Surat,2026-01-23,active
1449,Yachana Sinha,,,2026-01-27,active
1870,Ishita Rout,ishita.rout490@example.com,Pune,2024-05-21,active
1337,Yashica Zacharia,yashica.zacharia419@example.com,Kolkata,2025-12-18,active
1175,Sudiksha Bobal,sudiksha.bobal335@example.com,Nagpur,2025-07-13,active
1663,Max Sabharwal,max.sabharwal702@example.com,,2025-04-28,inactive
1680,,dayita.sarkar441@example.com,,2025-08-28,inactive
1142,Rachita Pathak,rachita.pathak216@example.com,Guwahati,2025-05-19,active
1883,Anita Rajan,anita.rajan921@example.com,Bhopal,2025-07-16,active
1954,Zayan Bobal,zayan.bobal424@example.com,Delhi,2025-03-15,active
1777,Mitesh Bhagat,mitesh.bhagat122@example.com,Pune,2024-07-30,inactive
1098,Neha Merchant,neha.merchant803@example.com,Visakhapatnam,2025-02-22,active
1897,Sara Chakrabarti,sara.chakrabarti700@example.com,Guwahati,2026-01-10,inactive
2299,Aradhana Walia,aradhana.walia64@example.com,Jaipur,2024-06-16,active
1437,Xiti Baria,xiti.baria810@example.com,Nagpur,2023-08-29,active
2016,Lakshmi Palla,lakshmi.palla365@example.com,Patna,2025-03-30,inactive
1694,Balendra Saini,balendra.saini798@example.com,Thiruvananthapuram,2024-03-07,active
1369,Qabil Deshmukh,,Patna,2023-09-17,active
1952,Ekbal Dube,ekbal.dube740@example.com,Indore,2023-08-06,active
1846,Shaurya Ganguly,shaurya.ganguly110@example.com,Kolkata,2025-03-17,active
2243,Suhani Chana,suhani.chana916@example.com,Coimbatore,2024-04-03,active
1103,Yasti Solanki,yasti.solanki556@example.com,Delhi,2025-11-04,active
1052,Warjas Ganesan,warjas.ganesan162@example.com,Visakhapatnam,2024-09-17,active
1476,Aarini Grewal,aarini.grewal117@example.com,Raipur,2023-07-27,active
2119,Daksh Lata,daksh.lata497@example.com,Pune,,active
2227,Urvi Devan,urvi.devan89@example.com,Surat,2024-01-02,active
1468,Ekani Mangal,ekani.mangal152@example.com,Vadodara,2025-05-30,active
1535,Forum Karpe,forum.karpe316@example.com,Delhi,2024-08-19,active
1660,Laksh Raja,laksh.raja753@example.com,Kolkata,2025-10-13,active
2263,Brinda Sinha,brinda.sinha560@example.com,Jaipur,2023-12-02,active
1879,Aditya Devi,aditya.devi208@example.com,Coimbatore,2025-06-18,active
1825,Mekhala Chaudry,mekhala.chaudry766@example.com,Indore,2023-07-19,active
1741,Dalbir Sodhi,dalbir.sodhi30@example.com,Mumbai,2025-01-26,active
2210,David Kurian,david.kurian136@example.com,Nagpur,2026-02-02,inactive
2112,Vyanjana Guha,vyanjana.guha589@example.com,Nagpur,2024-06-17,active
2000,Victor Sachdeva,victor.sachdeva921@example.com,Patna,2025-11-22,active
1093,Lekha Gupta,lekha.gupta993@example.com,Mumbai,2024-04-08,inactive
1153,Girik Menon,girik.menon880@example.com,Indore,2024-03-04,active
1506,Mohammed Majumdar,mohammed.majumdar739@example.com,Delhi,2024-01-28,inactive
1686,Amruta Dalal,amruta.dalal745@example.com,Chandigarh,2025-10-11,active
1588,Shaurya Sarma,shaurya.sarma68@example.com,Kolkata,2025-11-08,active
1114,Shivani Lad,shivani.lad245@example.com,Ahmedabad,2025-09-20,active
2296,Gauri Sibal,gauri.sibal415@example.com,Visakhapatnam,2026-02-13,active
2272,Oeshi Sachdev,oeshi.sachdev96@example.com,Delhi,2023-08-29,inactive
1014,Ekbal Garg,ekbal.garg390@example.com,Bengaluru,2025-01-31,active
1003,Ayushman Chander,ayushman.chander755@example.com,Bengaluru,,active
1241,Upkaar Ranganathan,upkaar.ranganathan130@example.com,Indore,2026-05-08,active
1339,Nicholas Golla,nicholas.golla711@example.com,Indore,2025-12-14,active
2084,Fariq Edwin,fariq.edwin100@example.com,Visakhapatnam,2024-07-12,active
2217,Qushi Dhillon,qushi.dhillon730@example.com,Bhopal,2025-06-10,active
1213,Falan Singh,falan.singh393@example.com,Ranchi,2025-10-22,active
1509,Sanya Bava,sanya.bava673@example.com,Indore,2024-03-28,active
2221,Nisha Mitter,nisha.mitter81@example.com,Bhopal,2024-10-26,inactive
1041,Veer Bir,veer.bir409@example.com,,2026-03-03,active
1165,Zayyan Sridhar,zayyan.sridhar524@example.com,Bengaluru,2023-11-10,active
2248,Nicholas Dhillon,nicholas.dhillon184@example.com,Delhi,2024-01-18,active
1420,Kamala Varma,kamala.varma257@example.com,Guwahati,2025-03-01,active
1721,Meghana Varghese,,Raipur,2023-09-02,active
1367,Gaurangi Deol,gaurangi.deol676@example.com,Indore,2023-08-28,inactive
2220,Ayushman Nagar,ayushman.nagar157@example.com,Ahmedabad,2026-02-04,active
1536,Xalak Nazareth,xalak.nazareth614@example.com,Delhi,2024-04-11,active
1852,Upkaar Padmanabhan,upkaar.padmanabhan191@example.com,Hyderabad,2024-06-08,active
1270,Ethan Buch,ethan.buch902@example.com,Vadodara,2024-06-19,active
1797,Harish Cherian,harish.cherian739@example.com,Delhi,2025-03-02,active
1985,Mekhala Patla,mekhala.patla407@example.com,Mumbai,2024-12-28,active
1624,Vrinda Ganesh,vrinda.ganesh896@example.com,Chandigarh,2023-10-08,active
1204,Barkha Misra,barkha.misra929@example.com,Patna,2025-12-20,active
1510,Neelima Sarna,neelima.sarna111@example.com,Chandigarh,2024-03-17,inactive
1109,Abdul Chhabra,abdul.chhabra965@example.com,Coimbatore,2025-10-18,active
1804,Deepa Mand,deepa.mand421@example.com,Bhopal,2025-12-26,active
2083,Oviya Ravel,oviya.ravel534@example.com,Indore,2026-01-01,active
1290,Sudiksha Om,sudiksha.om726@example.com,Patna,2023-12-26,active
1121,Lajita Sood,lajita.sood379@example.com,Lucknow,2023-07-18,active
1633,Priya Gandhi,,Mumbai,2025-04-28,active
1737,Anirudh Raja,anirudh.raja965@example.com,Coimbatore,2025-10-22,active
1524,Elijah Guha,elijah.guha465@example.com,Kolkata,2025-11-15,active
1108,Leena Talwar,leena.talwar692@example.com,Jaipur,2024-09-10,active
1851,Andrew Agrawal,andrew.agrawal470@example.com,Thiruvananthapuram,2025-05-10,active
1429,Upma Mangal,upma.mangal375@example.com,Bhopal,2025-02-03,active
1141,Advik Salvi,advik.salvi921@example.com,Delhi,2025-12-04,inactive
1718,Jagdish Chana,jagdish.chana587@example.com,Chandigarh,,active
2224,Vincent Kashyap,vincent.kashyap855@example.com,Thiruvananthapuram,2025-07-13,active
,Forum Vyas,forum.vyas955@example.com,Surat,2024-09-25,active
1277,Kavya Dua,kavya.dua227@example.com,Nagpur,2025-07-13,active
1949,Gopal Ganesh,gopal.ganesh547@example.com,Thiruvananthapuram,2026-05-12,active
2049,Thomas Karpe,thomas.karpe992@example.com,Kolkata,2025-11-10,active
2289,Kavya Barad,kavya.barad93@example.com,Chennai,2025-10-18,inactive
1904,Aarnav Om,aarnav.om844@example.com,Jaipur,2024-07-24,active
1431,Neha Pau,neha.pau845@example.com,Indore,2023-08-29,inactive
2032,Fariq Barad,fariq.barad798@example.com,Mumbai,2025-08-22,active
1010,Janaki Handa,janaki.handa829@example.com,Hyderabad,2025-08-01,active
1646,Geetika De,geetika.de114@example.com,Indore,2025-03-06,active
2070,Karan Karnik,karan.karnik577@example.com,Thiruvananthapuram,2025-11-25,active
1712,Divya Ramaswamy,divya.ramaswamy913@example.com,Lucknow,2025-07-27,inactive
1211,Harish Sarraf,harish.sarraf344@example.com,Kolkata,2023-10-26,inactive
1157,Reyansh Mutti,reyansh.mutti286@example.com,Mumbai,2023-11-16,inactive
1719,Banjeet Kale,banjeet.kale565@example.com,Pune,2025-12-19,active
1486,Theodore Deol,theodore.deol68@example.com,Pune,2024-12-02,active
2254,Sudiksha Rout,sudiksha.rout54@example.com,Chennai,2024-10-25,active
1561,Chatresh Chaudhari,chatresh.chaudhari203@example.com,Chennai,2024-10-19,active
2259,Pranav Edwin,pranav.edwin206@example.com,Lucknow,2025-06-27,active
1390,Ishaan Bal,ishaan.bal647@example.com,Guwahati,2025-09-03,inactive
1455,Bhavya Johal,bhavya.johal962@example.com,Ahmedabad,2025-07-16,active
1427,Yashasvi Shankar,yashasvi.shankar426@example.com,Chennai,2026-05-07,active
2160,Saanvi Pandey,saanvi.pandey996@example.com,Visakhapatnam,2026-02-28,active
1707,Ati Chander,ati.chander874@example.com,Mumbai,2023-08-27,active
2180,Sanaya Thaman,,Indore,2023-10-16,active
1021,Janaki Kanda,janaki.kanda234@example.com,Lucknow,2026-06-09,inactive
1857,Jagrati Guha,jagrati.guha89@example.com,Nagpur,2024-01-03,active
1670,Warda Raju,warda.raju835@example.com,Patna,2023-11-09,active
2033,Bhavini Bhandari,bhavini.bhandari573@example.com,Jaipur,2026-04-15,active
1678,Arunima Chacko,arunima.chacko947@example.com,Bhopal,2024-06-06,active
1907,Hredhaan Kumar,hredhaan.kumar33@example.com,Guwahati,2025-04-23,active
1609,Shivani Sanghvi,shivani.sanghvi386@example.com,Pune,2024-08-29,active
1050,Zaid Borra,zaid.borra769@example.com,Ahmedabad,2024-10-26,active
1639,Yug Ramaswamy,yug.ramaswamy631@example.com,Hyderabad,2024-12-14,inactive
1548,Irya Loke,irya.loke118@example.com,Nagpur,2025-11-05,active
1790,Jai Sen,jai.sen577@example.com,Lucknow,2024-01-12,active
1262,Imaran Bal,imaran.bal477@example.com,Surat,2023-11-29,inactive
1656,Zilmil Saxena,zilmil.saxena397@example.com,Chandigarh,2023-07-21,active
1898,Diya Dani,diya.dani137@example.com,Thiruvananthapuram,,inactive
2181,Bimala Ramesh,bimala.ramesh608@example.com,Jaipur,2023-12-16,active
2095,Ayush Banerjee,ayush.banerjee203@example.com,Visakhapatnam,2025-06-18,active
1812,Dalbir Krish,dalbir.krish739@example.com,Guwahati,2023-08-16,active
1667,Yuvraj Mane,yuvraj.mane207@example.com,Delhi,2025-10-19,active
1729,Jason Basak,jason.basak531@example.com,Pune,2026-04-11,active
1376,Harinakshi Grover,harinakshi.grover680@example.com,Thiruvananthapuram,2024-12-21,inactive
2288,Tarak Vohra,tarak.vohra475@example.com,Ahmedabad,2024-05-29,inactive
1174,Bishakha Bali,bishakha.bali520@example.com,Lucknow,2024-03-14,active
2108,Wriddhish Varughese,wriddhish.varughese689@example.com,Pune,2025-10-03,active
1989,Vincent Bhatnagar,vincent.bhatnagar879@example.com,Thiruvananthapuram,2024-04-18,active
1023,Imaran Dua,imaran.dua390@example.com,Ahmedabad,2025-05-10,active
1215,Lajita Nadig,lajita.nadig339@example.com,Patna,2025-05-10,active
2222,Max Guha,max.guha998@example.com,Pune,2023-11-02,active
2262,Ekansh Sane,ekansh.sane506@example.com,Kochi,2025-12-26,active
1745,Patrick Khalsa,patrick.khalsa643@example.com,Patna,2025-04-03,active
1230,Chakrika Merchant,chakrika.merchant139@example.com,Visakhapatnam,2023-08-04,active
1234,Laksh Chatterjee,laksh.chatterjee975@example.com,Surat,2026-03-01,active
1020,Adya Sangha,adya.sangha722@example.com,Mumbai,2026-02-23,active
2177,Advay Raja,advay.raja406@example.com,Thiruvananthapuram,2023-09-07,active
1832,Omya Ravel,omya.ravel339@example.com,Ranchi,2024-08-28,active
1929,Chatura Arya,chatura.arya870@example.com,Jaipur,2025-09-11,active
1169,Upkaar Virk,upkaar.virk963@example.com,Raipur,2024-08-20,active
1193,Wishi Sathe,wishi.sathe410@example.com,Jaipur,2025-09-29,active
1769,Chaitaly Bahri,chaitaly.bahri550@example.com,Hyderabad,,inactive
1368,Parth Shetty,parth.shetty458@example.com,Patna,2026-05-22,active
2003,Naveen Desai,naveen.desai602@example.com,Pune,2025-05-13,active
1924,Bhavini Krishna,bhavini.krishna996@example.com,Chandigarh,2023-12-15,inactive
1351,Chatresh Randhawa,chatresh.randhawa30@example.com,Thiruvananthapuram,2024-12-28,active
2244,Jatin Chand,jatin.chand119@example.com,Jaipur,2023-11-10,active
1704,Gautami Agarwal,gautami.agarwal721@example.com,Visakhapatnam,2025-09-28,active
1910,Jatin Seshadri,jatin.seshadri458@example.com,Vadodara,2024-11-10,active
1996,Vidhi Subramaniam,vidhi.subramaniam942@example.com,Delhi,2026-02-11,active
1346,Zashil Ben,zashil.ben193@example.com,Bhopal,2025-05-25,active
1537,Vritti Sharma,vritti.sharma309@example.com,Kochi,2024-01-07,active
1611,Harsh Yadav,harsh.yadav829@example.com,Chennai,2024-01-27,active
1533,Chakradev Kant,chakradev.kant114@example.com,Lucknow,2025-09-09,active
1746,Ayaan Pandey,ayaan.pandey980@example.com,Lucknow,2026-04-17,active
2189,Hemangini Bajwa,hemangini.bajwa694@example.com,Pune,2025-10-09,active
1298,Laksh Kumer,laksh.kumer67@example.com,Nagpur,2024-05-15,active
1306,Gaurang Sarkar,gaurang.sarkar305@example.com,Coimbatore,2025-12-28,inactive
1047,Guneet Bhat,guneet.bhat480@example.com,Bhopal,2024-09-13,active
,Faris Sura,faris.sura767@example.com,Lucknow,2024-06-30,inactive
1067,Kevin Palla,kevin.palla894@example.com,,2026-02-05,active
1172,Finn Dugar,finn.dugar639@example.com,Kolkata,2024-03-23,active
1314,Ekantika Mutti,ekantika.mutti34@example.com,Jaipur,2023-12-19,active
2046,Saanvi Purohit,saanvi.purohit140@example.com,Lucknow,2025-03-03,active
1516,Lakshmi Vohra,lakshmi.vohra952@example.com,Guwahati,2024-06-15,inactive
1991,Lipika Singh,lipika.singh566@example.com,Indore,2026-03-16,active
1106,Rushil Din,rushil.din984@example.com,Bhopal,2023-08-07,active
1998,Faraj Varkey,faraj.varkey487@example.com,,2025-05-27,active
1320,Shivani Guha,shivani.guha931@example.com,Ahmedabad,2024-06-18,inactive
2209,Chasmum Keer,chasmum.keer13@example.com,Chandigarh,2026-06-07,inactive
1899,Harshil Raval,harshil.raval122@example.com,Chennai,2024-09-23,inactive
1711,Radhika De,radhika.de67@example.com,Patna,,active
1232,Watika Mangat,watika.mangat466@example.com,Kolkata,2025-10-15,active
1255,Jagrati Bhat,jagrati.bhat519@example.com,Thiruvananthapuram,2024-09-08,active
1752,Lucky Choudhry,lucky.choudhry327@example.com,Raipur,2025-12-30,inactive
1642,Suhani Sura,suhani.sura624@example.com,Bhopal,2024-06-24,active
1988,Jagrati Baria,jagrati.baria848@example.com,Mumbai,2024-03-01,active
1693,Januja Rajagopal,januja.rajagopal36@example.com,Pune,2026-03-18,active
2121,Lakshmi Arora,lakshmi.arora507@example.com,Surat,2023-11-19,active
1196,Nathan Mukhopadhyay,nathan.mukhopadhyay225@example.com,Chennai,2025-02-18,inactive
1544,Advik Badal,advik.badal44@example.com,Surat,,active
2183,Mohini Lala,mohini.lala352@example.com,Bengaluru,2023-10-10,inactive
1776,Chandran Ramaswamy,chandran.ramaswamy287@example.com,Vadodara,,active
1330,Inaya Mukherjee,inaya.mukherjee590@example.com,Coimbatore,2026-05-08,inactive
2143,William Nagi,william.nagi173@example.com,Kolkata,2025-08-18,inactive
1015,Nihal Shere,nihal.shere353@example.com,Vadodara,2024-08-19,active
2273,Simon Apte,simon.apte919@example.com,Bhopal,2025-05-24,active
2298,Shaurya Nagi,shaurya.nagi105@example.com,Pune,2024-02-10,active
1749,Theodore Bahri,theodore.bahri162@example.com,Visakhapatnam,2025-01-23,active
1205,Manthan Sekhon,manthan.sekhon163@example.com,Raipur,2025-02-05,inactive
1547,Wridesh Handa,wridesh.handa727@example.com,Thiruvananthapuram,2025-05-02,active
1039,Umang Bhatt,umang.bhatt575@example.com,Patna,2024-07-06,active
2013,Yahvi Dalal,yahvi.dalal978@example.com,Vadodara,2023-10-19,active
1393,Bhavika Swaminathan,bhavika.swaminathan103@example.com,Visakhapatnam,2024-02-10,active
1489,Sanya Wable,sanya.wable544@example.com,Lucknow,2025-07-31,active
1989,Vincent Bhatnagar,vincent.bhatnagar879@example.com,Thiruvananthapuram,2024-04-18,active
1994,Jasmit Brahmbhatt,jasmit.brahmbhatt340@example.com,Coimbatore,2025-01-12,inactive
2249,Oni Morar,oni.morar936@example.com,Ranchi,2024-06-05,active
,Nicholas Ramaswamy,nicholas.ramaswamy599@example.com,Nagpur,2026-06-01,inactive
1649,Ridhi Shan,ridhi.shan440@example.com,Hyderabad,2023-07-12,active
1445,Charan Srinivasan,charan.srinivasan651@example.com,Visakhapatnam,2024-01-09,inactive
1630,Chameli Bali,chameli.bali228@example.com,Visakhapatnam,2024-11-02,inactive
1133,,michael.khare342@example.com,Pune,2023-11-23,active
1091,Pranav Lanka,pranav.lanka883@example.com,Patna,2023-08-21,active
1799,Aishani Rajagopal,aishani.rajagopal635@example.com,Nagpur,2025-06-09,active
2036,Omkaar Banik,omkaar.banik505@example.com,Pune,2024-07-29,active
1421,Wyatt Shukla,wyatt.shukla786@example.com,Guwahati,2023-11-19,active
1502,Ijaya Dani,ijaya.dani570@example.com,Delhi,2024-01-18,active
1163,Harshil Arora,harshil.arora611@example.com,Surat,2025-03-14,active
1783,Kala Grover,kala.grover342@example.com,Indore,2024-10-29,active
1591,Krishna Borah,krishna.borah618@example.com,Pune,2024-11-01,active
1173,,naksh.agate128@example.com,Raipur,2024-09-19,inactive
2277,Ganga Nigam,ganga.nigam404@example.com,Mumbai,2026-03-21,active
1780,Bishakha Bumb,bishakha.bumb774@example.com,Pune,2024-11-27,active
1215,Lajita Nadig,lajita.nadig339@example.com,Patna,2025-05-10,active
1281,Jason Roy,jason.roy361@example.com,Ranchi,2024-07-22,active
1463,Xavier Bedi,xavier.bedi995@example.com,Hyderabad,2025-06-25,active
1005,Abeer Dutta,abeer.dutta433@example.com,Delhi,2025-07-25,active
2164,Sara Ranganathan,sara.ranganathan507@example.com,Ahmedabad,2023-07-12,active
1650,Samaksh Deo,samaksh.deo247@example.com,,2026-02-06,active
1321,Yachana Dora,yachana.dora74@example.com,Delhi,2026-04-27,active
1182,Ekantika Krishna,ekantika.krishna330@example.com,Visakhapatnam,,active
2011,Amol Jain,amol.jain448@example.com,Jaipur,2025-01-19,inactive
1647,Hemal Bava,hemal.bava17@example.com,Thiruvananthapuram,2023-08-29,active
1341,Sachi Mane,sachi.mane564@example.com,Delhi,,active
1500,Krishna Salvi,krishna.salvi96@example.com,Surat,2024-08-14,active
1083,Nitara Bakshi,nitara.bakshi442@example.com,Chandigarh,2024-01-19,active
1798,Bhavika Wason,bhavika.wason175@example.com,Bhopal,2026-02-04,active
1370,Balhaar Memon,balhaar.memon387@example.com,Visakhapatnam,2024-02-11,inactive
1648,Amol Dash,amol.dash248@example.com,Ranchi,2026-03-28,active
1294,Oeshi Mahajan,oeshi.mahajan13@example.com,Coimbatore,2024-02-26,active
1938,Elijah Nadkarni,elijah.nadkarni690@example.com,Vadodara,2025-01-22,active
2124,Sathvik Solanki,sathvik.solanki32@example.com,Jaipur,2024-08-29,active
1702,Rohan Korpal,rohan.korpal531@example.com,Nagpur,2023-12-19,inactive
1411,Onveer Nazareth,onveer.nazareth391@example.com,Coimbatore,2025-12-26,active
1282,Charan Mani,,Ahmedabad,2025-04-12,active
1309,Faraj Uppal,faraj.uppal782@example.com,Kochi,2025-05-17,active
1111,Jairaj Shan,jairaj.shan430@example.com,Guwahati,2023-12-01,active
1847,Vrishti Chakrabarti,vrishti.chakrabarti657@example.com,Patna,2023-11-26,active
2088,Jeremiah Keer,jeremiah.keer694@example.com,Chennai,2025-06-16,inactive
2300,Jacob Mahajan,jacob.mahajan844@example.com,Nagpur,2023-12-18,active
1246,Timothy Bhatnagar,timothy.bhatnagar111@example.com,Coimbatore,2025-05-19,active
2025,Praneel Prabhakar,praneel.prabhakar780@example.com,Ahmedabad,2025-02-26,active
1399,Jalsa Pillay,jalsa.pillay81@example.com,Vadodara,2024-11-21,inactive
1968,Rishi Contractor,rishi.contractor537@example.com,Delhi,2024-01-21,inactive
1146,Arya Seshadri,arya.seshadri243@example.com,Chennai,2024-03-27,inactive
1110,Patrick Vasa,patrick.vasa609@example.com,Delhi,2024-11-18,active
1964,Lohit Dasgupta,lohit.dasgupta173@example.com,Raipur,2023-08-25,active
1242,Gautam Rana,gautam.rana578@example.com,Kochi,2023-07-26,active
1950,Dominic Kade,dominic.kade268@example.com,Chandigarh,2025-06-25,active
1603,Sneha Nagar,sneha.nagar350@example.com,Indore,2023-09-21,active
1534,Advika Sahni,advika.sahni608@example.com,Indore,2024-05-21,active
1762,Gaurang Nayak,gaurang.nayak528@example.com,Visakhapatnam,2024-10-30,active
2202,Hritik Bahl,hritik.bahl868@example.com,,2024-05-18,inactive
1862,Chanakya Chokshi,chanakya.chokshi741@example.com,Coimbatore,2025-06-07,active
1629,Tejas Sandal,tejas.sandal448@example.com,,2023-10-29,inactive
1458,Megha Pai,megha.pai102@example.com,,2026-04-24,active
1728,Kabir Chanda,kabir.chanda933@example.com,Delhi,2026-03-02,inactive
2069,Janya Rattan,janya.rattan171@example.com,Thiruvananthapuram,2024-05-05,active
2182,Fitan Soni,fitan.soni456@example.com,Hyderabad,2025-03-12,active
1688,Adya Bose,adya.bose811@example.com,Delhi,,active
1375,Rajeshri Ratta,rajeshri.ratta831@example.com,Nagpur,2025-09-11,active
2136,Krishna Parmar,krishna.parmar121@example.com,Jaipur,2025-08-22,active
1263,Wazir Naik,wazir.naik607@example.com,Ahmedabad,2023-07-28,active
1349,Rajeshri Chand,rajeshri.chand563@example.com,Pune,2026-04-15,inactive
1200,Ojasvi Subramanian,ojasvi.subramanian476@example.com,Guwahati,2026-05-21,active
1602,Vasudha Pall,vasudha.pall317@example.com,Chennai,2024-11-30,inactive
1371,Benjamin Mutti,benjamin.mutti891@example.com,Kochi,2026-04-01,inactive
1349,Rajeshri Chand,rajeshri.chand563@example.com,Pune,2026-04-15,inactive
1615,Chameli Chad,chameli.chad803@example.com,Visakhapatnam,2025-06-27,active
2039,Zarna Aurora,zarna.aurora967@example.com,Jaipur,2025-09-04,active
1735,Nisha Srinivas,,Vadodara,2023-09-15,active
1975,Om Agrawal,om.agrawal935@example.com,Indore,2024-06-09,active
1456,Edhitha Srinivasan,edhitha.srinivasan380@example.com,Kochi,2024-07-17,active
1703,Arjun Kaul,arjun.kaul121@example.com,Ahmedabad,2025-02-08,active
1389,Mitali Murthy,mitali.murthy37@example.com,Vadodara,2025-06-03,active
1073,Yashasvi Suresh,yashasvi.suresh22@example.com,Coimbatore,2024-04-04,active
1796,Oni Chowdhury,,Coimbatore,2024-09-25,active
1829,Raghav Doctor,raghav.doctor246@example.com,Jaipur,2025-01-13,active
2275,Abeer Comar,abeer.comar766@example.com,Mumbai,2025-07-12,active
1532,Ekaja Jani,ekaja.jani525@example.com,Bengaluru,2024-08-10,active
1606,Ganga Sandhu,ganga.sandhu553@example.com,Raipur,2026-04-28,inactive
2019,Aarini Gulati,aarini.gulati634@example.com,Lucknow,2023-07-17,active
1154,,damini.pillay837@example.com,Visakhapatnam,2024-11-27,active
1287,Dayamai Nori,dayamai.nori604@example.com,Bhopal,2024-07-20,active
2245,Janani Chada,janani.chada3@example.com,Delhi,2025-01-20,inactive
1828,Aradhana Lal,aradhana.lal112@example.com,Vadodara,2025-06-10,active
1117,Faris Devi,faris.devi637@example.com,Coimbatore,2023-12-19,inactive
1493,Gavin Uppal,gavin.uppal221@example.com,Surat,2024-10-28,active
2060,Mitali Kapadia,mitali.kapadia259@example.com,Guwahati,2025-09-18,active
1308,Dayita Nori,dayita.nori625@example.com,Raipur,2024-03-04,active
1386,Janaki Rajagopal,,Patna,2026-04-19,active
2218,Eesha Bir,eesha.bir434@example.com,Ranchi,2025-02-25,active
1535,Forum Karpe,forum.karpe316@example.com,Delhi,2024-08-19,active
1568,Lopa Nadig,lopa.nadig643@example.com,Kolkata,2024-07-30,active
1666,Divya Dey,divya.dey967@example.com,Visakhapatnam,2024-04-01,active
1567,Fitan Loyal,fitan.loyal640@example.com,Kolkata,2023-12-23,inactive
1689,Christopher Tata,christopher.tata653@example.com,Nagpur,2026-01-13,active
1131,Inaya Kapur,inaya.kapur258@example.com,Delhi,2025-06-04,active
1987,Praneel Dhingra,praneel.dhingra714@example.com,Jaipur,2025-09-03,active
1222,Onkar Gill,onkar.gill920@example.com,Jaipur,,active
1612,Ronith Shankar,ronith.shankar45@example.com,Surat,2023-11-10,active
1579,Warhi Hayre,warhi.hayre155@example.com,Delhi,2024-11-11,active
1767,Keya Chaudhuri,keya.chaudhuri507@example.com,Vadodara,2025-12-11,inactive
2048,Vasatika Dada,vasatika.dada322@example.com,Chennai,2024-04-11,inactive
1016,Ekta Bhalla,ekta.bhalla45@example.com,Raipur,2024-03-12,active
1210,Warhi Bansal,warhi.bansal731@example.com,Lucknow,2023-11-23,active
2240,Siya Chana,siya.chana524@example.com,Chandigarh,2025-08-20,active
2067,Hemal Pau,hemal.pau937@example.com,Mumbai,2024-01-24,active
1619,Oscar Ganesan,oscar.ganesan585@example.com,,2024-12-14,active
1956,Rachita Mutti,rachita.mutti268@example.com,Patna,2023-07-30,inactive
1447,Rayaan Bahl,rayaan.bahl144@example.com,Delhi,2024-10-24,inactive
1334,Dayamai Gole,dayamai.gole453@example.com,Ahmedabad,2026-04-20,active
1941,Garima Narula,garima.narula573@example.com,Kochi,2024-07-30,active
1715,Nachiket Cherian,nachiket.cherian521@example.com,Jaipur,2024-01-03,active
1772,Hamsini Subramanian,hamsini.subramanian375@example.com,Delhi,2025-08-01,active
2252,Advik Shanker,advik.shanker846@example.com,Mumbai,2024-12-23,active
,Vritti Kari,vritti.kari773@example.com,Coimbatore,2024-07-25,active
1626,Bhavya Ganguly,bhavya.ganguly872@example.com,Bengaluru,2025-10-21,active
1517,Nilima Dixit,nilima.dixit274@example.com,Hyderabad,2024-05-26,active
1459,Bina Basak,bina.basak924@example.com,Thiruvananthapuram,2024-05-13,active
1018,Divya Kala,divya.kala301@example.com,Thiruvananthapuram,2025-06-09,active
,Garima Chahal,garima.chahal567@example.com,,2023-09-02,active
1271,Dominic Date,dominic.date283@example.com,Patna,2024-04-30,active
1971,Ganga Parikh,ganga.parikh646@example.com,Jaipur,2023-11-25,active
1019,Tara Dhar,tara.dhar883@example.com,Chandigarh,2024-04-19,active
2196,Shaurya Yogi,shaurya.yogi604@example.com,Raipur,2024-02-22,active
2052,Faqid Gokhale,faqid.gokhale288@example.com,Nagpur,2024-12-01,active
1839,Ubika Dalal,ubika.dalal548@example.com,Raipur,2024-11-24,active
2184,Kalpit Deshmukh,kalpit.deshmukh433@example.com,Ranchi,2024-12-05,active
1330,Inaya Mukherjee,inaya.mukherjee590@example.com,Coimbatore,2026-05-08,inactive
1462,Anita Devan,anita.devan218@example.com,Thiruvananthapuram,2023-11-05,active
1454,Arya Misra,arya.misra854@example.com,Indore,2024-03-07,active
1439,Yutika Dey,yutika.dey689@example.com,Raipur,2024-06-25,active
1334,Dayamai Gole,dayamai.gole453@example.com,Ahmedabad,2026-04-20,active
1390,Ishaan Bal,ishaan.bal647@example.com,Guwahati,2025-09-03,inactive
1792,Farhan Saran,farhan.saran113@example.com,Surat,2024-02-12,active
1057,Darsh Murthy,darsh.murthy157@example.com,Chandigarh,2023-09-10,active
1584,Eiravati Manne,eiravati.manne163@example.com,Chandigarh,2025-09-02,active
1186,Gavin Singhal,gavin.singhal649@example.com,Vadodara,2024-07-16,active
1530,Darika Lal,darika.lal435@example.com,Indore,2024-07-29,active
1335,Vedika Handa,vedika.handa600@example.com,Surat,2024-03-09,active
1706,Oni Swamy,oni.swamy503@example.com,Kochi,2026-05-01,active
1717,Sarthak Seth,sarthak.seth506@example.com,Hyderabad,2024-06-04,active
2130,Meghana Kibe,meghana.kibe376@example.com,Patna,2023-07-21,inactive
1972,Harish Mane,harish.mane155@example.com,Hyderabad,2025-05-02,active
1364,Madhavi Singhal,madhavi.singhal807@example.com,,2023-08-27,active
,Yamini Rajagopalan,yamini.rajagopalan795@example.com,Delhi,2024-09-30,active
1069,Abhiram Mistry,abhiram.mistry707@example.com,Kochi,2026-03-31,active
2197,Vasudha Dhaliwal,,Surat,2025-07-21,active
1496,Anthony Randhawa,anthony.randhawa98@example.com,Kolkata,2024-04-08,active
1063,William Lanka,william.lanka88@example.com,Raipur,2024-09-05,active
1254,Janani Chaudhary,janani.chaudhary439@example.com,Guwahati,2026-05-22,active
1813,Jalsa Issac,jalsa.issac710@example.com,Ahmedabad,2024-04-29,active
2035,Robert Bandi,robert.bandi143@example.com,Ahmedabad,2025-10-24,active
1951,Panini Chawla,panini.chawla510@example.com,Visakhapatnam,2024-02-16,active
1755,Nakul Sarkar,nakul.sarkar327@example.com,Jaipur,2025-11-02,active
1562,Harini Ranganathan,harini.ranganathan779@example.com,Thiruvananthapuram,2026-05-09,active
1408,Zashil Hegde,zashil.hegde707@example.com,Ahmedabad,2025-05-18,active
2244,Jatin Chand,jatin.chand119@example.com,Jaipur,2023-11-10,active
1104,,frado.mander59@example.com,Delhi,2025-01-11,active
1935,Abdul Narayanan,abdul.narayanan945@example.com,Visakhapatnam,2024-11-20,inactive
1068,Kala Mane,kala.mane217@example.com,Patna,2023-12-27,active
1511,Daksh Dey,,Bengaluru,2024-12-30,active
1119,Ganga Shukla,ganga.shukla272@example.com,Pune,2024-09-27,inactive
1412,Ayush Bumb,ayush.bumb303@example.com,Ranchi,2023-08-29,active
2255,Yash Mall,yash.mall529@example.com,Delhi,2025-05-02,inactive
1356,Fariq Bahl,,Thiruvananthapuram,2024-04-09,inactive
1060,Netra Dar,netra.dar115@example.com,Chandigarh,2026-04-10,inactive
2165,Bhavani Babu,bhavani.babu291@example.com,Kolkata,2025-01-13,active
2074,Vidhi Mital,vidhi.mital532@example.com,Patna,2024-04-04,active
1278,Ekalinga Chand,ekalinga.chand314@example.com,Guwahati,2025-12-14,active
1827,Devansh Nayar,devansh.nayar576@example.com,Ranchi,2026-05-30,active
2038,Ira Rana,ira.rana496@example.com,Mumbai,2024-09-16,active
1638,Jonathan Deo,jonathan.deo143@example.com,Ranchi,2024-04-03,active
1135,Oliver Contractor,oliver.contractor565@example.com,Ranchi,2025-10-18,active
1326,Nilima Nigam,nilima.nigam506@example.com,Visakhapatnam,2025-07-04,active
2056,Ishani Dugal,ishani.dugal473@example.com,Ranchi,2025-10-19,active
1116,Bhavika Keer,bhavika.keer324@example.com,,2024-04-26,active
1766,Odika Tailor,odika.tailor362@example.com,,2026-02-05,active
2058,Vasatika Prabhu,vasatika.prabhu71@example.com,Surat,2025-05-03,active
1993,Adya Ghosh,,Surat,2024-08-16,active
1834,Vamakshi Parmer,vamakshi.parmer564@example.com,Chennai,2025-01-02,active
1433,Libni Thaman,libni.thaman824@example.com,Bengaluru,2024-11-03,active
1905,Kashvi Cherian,kashvi.cherian355@example.com,Pune,2023-08-29,active
1385,Bakhshi Date,bakhshi.date873@example.com,Kolkata,2023-09-21,inactive
1183,Ansh Luthra,ansh.luthra692@example.com,Kochi,2025-03-17,active
1854,Dhruv Bath,dhruv.bath776@example.com,Kochi,2024-05-24,active
1552,Vamakshi Bhalla,vamakshi.bhalla865@example.com,Bengaluru,2025-05-20,active
1658,Ekavir Karnik,ekavir.karnik354@example.com,Jaipur,2024-08-23,active
1908,Jai Ramaswamy,jai.ramaswamy785@example.com,Hyderabad,2024-02-26,active
1616,Jacob Khare,jacob.khare245@example.com,Lucknow,2024-06-01,inactive
1276,Dhriti Sane,dhriti.sane812@example.com,Hyderabad,2024-06-09,active
1467,Vansha Iyengar,vansha.iyengar222@example.com,Jaipur,2025-09-24,active
1202,Ekaraj Majumdar,ekaraj.majumdar774@example.com,Visakhapatnam,2025-10-12,active
2007,Vasatika Garde,vasatika.garde554@example.com,Kolkata,2024-03-01,active
1575,Lajita Gara,lajita.gara520@example.com,Nagpur,2023-12-07,active
1637,Krishna Sabharwal,krishna.sabharwal294@example.com,Indore,2026-03-17,active
1621,Jagrati Andra,jagrati.andra429@example.com,Chennai,2024-12-09,inactive
1692,Chaitanya Arora,chaitanya.arora623@example.com,Guwahati,2024-03-28,active
1042,Ekavir Varkey,ekavir.varkey142@example.com,Bhopal,2024-03-21,active
1763,Shaurya Krish,shaurya.krish316@example.com,Indore,2025-07-19,active
2290,Sachi Toor,sachi.toor312@example.com,Ranchi,2023-08-07,active
1974,Michael Patla,michael.patla654@example.com,Guwahati,2025-11-19,inactive
1101,Daksha Mangat,daksha.mangat159@example.com,Kochi,2024-02-21,active
2135,Idika Sarna,idika.sarna357@example.com,Mumbai,2025-08-31,active
1679,Nachiket Yadav,nachiket.yadav85@example.com,Raipur,,active
1811,Oscar Hans,oscar.hans363@example.com,,2026-01-29,active
1080,Balveer Parmar,balveer.parmar585@example.com,Coimbatore,2024-02-20,active
1823,Anvi Sampath,anvi.sampath295@example.com,Ranchi,2026-02-20,active
1295,Hemani Sani,hemani.sani491@example.com,Visakhapatnam,2023-11-07,active
1826,Barkha Misra,barkha.misra848@example.com,Patna,2025-07-10,active
1565,Rachana Grewal,rachana.grewal460@example.com,Guwahati,2025-07-05,inactive
1353,Eiravati Chaudhary,eiravati.chaudhary565@example.com,Hyderabad,2025-12-22,active
1077,Aditya Choudhury,aditya.choudhury73@example.com,Bhopal,2023-09-30,active
1969,Triya Bora,triya.bora77@example.com,Guwahati,2024-05-16,active
2172,Faras Nair,faras.nair706@example.com,Pune,2025-11-03,inactive
1995,Udant Varty,udant.varty998@example.com,Bengaluru,2024-09-16,inactive
1785,David Dora,,Kolkata,2025-09-20,inactive
1541,Ekansh Dora,ekansh.dora546@example.com,Ranchi,2023-07-21,active
1842,Laksh Iyer,laksh.iyer181@example.com,Delhi,2024-07-11,inactive
2284,Harinakshi Prashad,harinakshi.prashad140@example.com,Coimbatore,2025-05-09,active
2274,Aachal Bir,aachal.bir918@example.com,Chandigarh,2024-06-04,active
1586,Janya Comar,janya.comar347@example.com,Guwahati,2026-03-31,active
1207,Ranbir Khare,ranbir.khare861@example.com,,2025-03-12,active
2153,Jyoti Bhardwaj,jyoti.bhardwaj643@example.com,Surat,2025-12-06,active
1217,Utkarsh Chana,utkarsh.chana399@example.com,Coimbatore,2024-10-16,inactive
1206,Gaurangi Purohit,,Ahmedabad,2024-11-08,active
2194,Akshay Oza,akshay.oza454@example.com,Kochi,2025-07-20,active
2205,Quincy Issac,quincy.issac662@example.com,Delhi,2024-12-26,active
2161,Kamya Sachar,kamya.sachar715@example.com,Chandigarh,2025-10-03,inactive
1304,Bimala Contractor,bimala.contractor634@example.com,Jaipur,2024-09-15,active
1307,Rajata Rattan,rajata.rattan313@example.com,Coimbatore,2025-01-20,active
1849,Leela Agrawal,leela.agrawal480@example.com,Ahmedabad,2023-08-21,active
1231,Anvi Anand,anvi.anand267@example.com,Nagpur,2025-03-06,active
1860,Jatin Peri,jatin.peri393@example.com,Jaipur,,active
2276,Meghana Balakrishnan,meghana.balakrishnan518@example.com,Pune,2025-12-14,active
2204,Diya Sundaram,diya.sundaram194@example.com,Raipur,2026-01-20,active
1026,Amara Oak,amara.oak719@example.com,Guwahati,2023-11-07,active
1939,Ekansh Tiwari,ekansh.tiwari895@example.com,Mumbai,2023-12-28,active
2065,Ladli Chaudhuri,ladli.chaudhuri38@example.com,Chandigarh,2024-06-22,active
1566,Frederick Merchant,frederick.merchant579@example.com,Thiruvananthapuram,2025-11-08,active
1668,Charvi Jha,charvi.jha908@example.com,Delhi,2025-01-13,active
2131,Vaishnavi Dubey,vaishnavi.dubey43@example.com,Raipur,2024-08-10,active
1814,Yashasvi Ranganathan,yashasvi.ranganathan197@example.com,Jaipur,2025-05-19,active
2140,Ekapad Wali,ekapad.wali804@example.com,Kochi,2023-12-24,inactive
1795,Anya Venkatesh,anya.venkatesh272@example.com,Thiruvananthapuram,2024-11-11,active
1179,Reva Dash,reva.dash309@example.com,Nagpur,2024-11-22,active
1138,Faqid Kibe,faqid.kibe559@example.com,Delhi,2023-10-28,inactive
1655,Tanay Sood,tanay.sood895@example.com,Indore,,active
1529,Lajita Shukla,lajita.shukla84@example.com,Ahmedabad,2025-01-30,active
2219,Qarin Nadkarni,qarin.nadkarni656@example.com,Patna,2025-12-22,active
1303,Dhriti Sanghvi,dhriti.sanghvi427@example.com,,2025-03-14,active
1414,Widisha Mann,widisha.mann9@example.com,Coimbatore,2025-05-26,inactive
1892,Manthan Bhagat,manthan.bhagat484@example.com,Delhi,2023-07-24,active
1161,Jonathan Mahal,jonathan.mahal119@example.com,Ahmedabad,2023-08-29,active
1868,Barkha Comar,barkha.comar964@example.com,Lucknow,2025-10-25,active
1088,,falguni.mallick195@example.com,Patna,2026-01-18,active
1259,Tarak Kaul,tarak.kaul446@example.com,Chennai,2024-06-26,active
1395,Gagan Nagarajan,gagan.nagarajan816@example.com,Delhi,2025-06-22,active
1434,Jagat Dave,jagat.dave78@example.com,Pune,2026-05-16,active
1343,Rishi Pillai,rishi.pillai994@example.com,Nagpur,2025-07-04,inactive
1355,Liam Singh,liam.singh935@example.com,Bengaluru,2024-11-01,active
1920,Varsha Sahni,varsha.sahni308@example.com,Ahmedabad,2025-06-29,active
1247,Chasmum Rege,chasmum.rege320@example.com,Coimbatore,2023-11-13,active
1302,Rajata Bahl,rajata.bahl255@example.com,Bengaluru,2024-11-13,active
1679,Nachiket Yadav,nachiket.yadav85@example.com,Raipur,,active
2059,Anvi Swaminathan,anvi.swaminathan143@example.com,Thiruvananthapuram,2024-01-22,active
2170,Zaid Kaul,zaid.kaul952@example.com,Chennai,2024-04-10,active
2029,Hamsini Ben,,Mumbai,2023-12-30,active
1072,Hemal Jani,hemal.jani254@example.com,Jaipur,2025-07-13,active
1809,,yutika.dutt386@example.com,Kolkata,2023-09-19,inactive
1162,Brinda Date,brinda.date986@example.com,Ahmedabad,2025-05-21,active
1613,Dhriti Rama,dhriti.rama737@example.com,Jaipur,2025-04-23,inactive
1976,Rajata Malhotra,rajata.malhotra17@example.com,Hyderabad,2025-12-23,active
1483,Warinder Bhatia,warinder.bhatia437@example.com,Guwahati,2025-06-22,active
2173,Vinaya Chandran,vinaya.chandran310@example.com,Chennai,2025-04-06,inactive
1973,Eesha Sunder,eesha.sunder467@example.com,Chandigarh,2024-11-03,active
2097,Sai Deshmukh,sai.deshmukh211@example.com,Ahmedabad,2026-05-10,active
1858,Anirudh Kari,anirudh.kari190@example.com,Pune,2024-03-07,active
2071,Warinder Sankaran,warinder.sankaran410@example.com,Kolkata,2026-01-09,inactive
1793,Aarna Nagarajan,aarna.nagarajan816@example.com,Raipur,2026-03-08,inactive
,Noah Sibal,noah.sibal680@example.com,Bengaluru,2026-03-18,inactive
2134,Hredhaan Dass,hredhaan.dass305@example.com,Delhi,2024-12-13,active
1466,Abdul Dugar,abdul.dugar850@example.com,Patna,2024-09-17,active
2208,Andrew Palan,andrew.palan609@example.com,Mumbai,2025-07-10,active
1848,Pushti Raval,pushti.raval911@example.com,Pune,,inactive
2109,Bhavani Wali,bhavani.wali245@example.com,Lucknow,2025-11-20,active
1705,Damyanti Chawla,,Lucknow,2024-02-15,active
1176,Rudra Sandal,rudra.sandal568@example.com,Pune,2023-11-11,active
2121,Lakshmi Arora,lakshmi.arora507@example.com,Surat,2023-11-19,active
1310,Ikshita Panchal,ikshita.panchal271@example.com,Guwahati,2025-08-25,active
1127,Krishna Shenoy,krishna.shenoy110@example.com,Raipur,2024-01-21,active
2156,Lekha Gupta,lekha.gupta768@example.com,Ahmedabad,2024-02-02,active
1551,Azad Chander,azad.chander942@example.com,Chandigarh,2024-09-16,active
1464,Viraj Ben,viraj.ben342@example.com,Jaipur,2023-10-26,inactive
2295,Aayush Mukhopadhyay,aayush.mukhopadhyay840@example.com,Chennai,2026-03-31,active
1953,Baljiwan Chahal,baljiwan.chahal328@example.com,Kochi,2023-09-28,active
1901,Tanmayi Om,tanmayi.om229@example.com,Hyderabad,2024-08-02,active
1540,Chanakya Ahuja,chanakya.ahuja441@example.com,Chennai,2024-09-23,active
1092,Hemani Murthy,hemani.murthy668@example.com,Patna,2024-10-19,inactive
1913,Oscar Dave,oscar.dave553@example.com,Kochi,2023-10-30,active
1383,Falan Ravi,falan.ravi801@example.com,Ahmedabad,2024-08-02,active
1757,Udant Gill,udant.gill100@example.com,Delhi,2024-08-18,active
1782,Gavin Ram,gavin.ram47@example.com,Delhi,2024-01-25,active
1760,Hemang Taneja,hemang.taneja957@example.com,Coimbatore,2023-12-08,active
1379,Chaaya Nagi,chaaya.nagi103@example.com,Visakhapatnam,2023-10-29,active
1794,Gagan Rama,gagan.rama645@example.com,Hyderabad,2025-02-24,active
2115,Abhiram Kaul,abhiram.kaul178@example.com,Patna,2023-10-16,active
1187,Ekani Cheema,ekani.cheema839@example.com,Jaipur,2026-01-11,active
1543,Vinaya Babu,vinaya.babu74@example.com,Nagpur,2023-07-19,inactive
2002,Nirja Bains,nirja.bains323@example.com,Hyderabad,2024-03-27,inactive
1965,Frederick Mody,frederick.mody174@example.com,Pune,2024-02-20,active
1815,Azaan Khurana,azaan.khurana306@example.com,Jaipur,2024-08-12,inactive
1632,Warjas Kadakia,warjas.kadakia406@example.com,Bhopal,2025-11-22,active
1237,Ojasvi Gill,ojasvi.gill359@example.com,Jaipur,2024-02-11,active
1970,Zashil Chaudhari,zashil.chaudhari7@example.com,Surat,2024-02-07,active
1168,Frederick Kothari,frederick.kothari948@example.com,Patna,2023-11-15,active
1598,Sanaya Prasad,sanaya.prasad687@example.com,Ranchi,2024-08-31,inactive
1604,Ishwar Bajaj,ishwar.bajaj141@example.com,,2026-01-02,active
1350,Shravya Palla,shravya.palla449@example.com,Ranchi,2026-03-29,active
1424,Falak Munshi,falak.munshi808@example.com,Visakhapatnam,2024-01-30,active
1053,Tanay Rattan,tanay.rattan740@example.com,Raipur,2026-02-28,active
1199,Wishi Manne,wishi.manne125@example.com,Visakhapatnam,2025-01-04,active
1409,Jeremiah Mitter,,Kochi,2025-04-26,inactive
1984,Bina Desai,bina.desai835@example.com,Chandigarh,2024-11-18,active
2230,Samarth Bhatti,samarth.bhatti180@example.com,Bengaluru,2024-01-16,active
2281,Chandani Mutti,chandani.mutti403@example.com,Ranchi,2025-02-22,inactive
1604,Ishwar Bajaj,ishwar.bajaj141@example.com,,2026-01-02,active
,Neha Magar,neha.magar1@example.com,Lucknow,2024-12-26,active
1876,Aishani Shetty,aishani.shetty541@example.com,Ranchi,2023-09-03,active
1008,Hemangini Lalla,hemangini.lalla666@example.com,Ranchi,2025-11-18,active
1739,Lipika Madan,lipika.madan620@example.com,Kolkata,2024-01-19,inactive
1112,Edhitha Savant,edhitha.savant536@example.com,Kolkata,2025-04-25,inactive
1315,Upasna Sathe,upasna.sathe290@example.com,Ranchi,2025-05-15,inactive
2006,Bhanumati Chada,bhanumati.chada581@example.com,Nagpur,2024-02-27,active
2126,Jason Kulkarni,jason.kulkarni173@example.com,Visakhapatnam,2024-12-05,active
2171,George Ratta,george.ratta1@example.com,Surat,2025-03-09,active
1805,Vedant Desai,vedant.desai943@example.com,Indore,2024-05-27,inactive
1102,Udyati Sathe,udyati.sathe992@example.com,Delhi,2024-10-25,active
1197,Girik Kar,girik.kar713@example.com,Bhopal,2026-06-03,active
1487,Kashvi Sagar,kashvi.sagar649@example.com,Coimbatore,2025-07-29,active
1610,Samesh Mallick,samesh.mallick852@example.com,Ranchi,2025-09-20,active
1577,Radhika Majumdar,radhika.majumdar461@example.com,Coimbatore,2024-10-02,active
