record_id,user_id,transaction_date,region,product_category,sale_amount,city,age,subscription,email,username,status,price,store_id,raw_timestamp
1,U0064,04-06-2023,East,Sports,775.05,Denver,54,Free,user174@example.com,user_147,Inactive,150.07,S003,07-05-2023 15:52
2,U0126,09-02-2023,East,Food,1902.33,Seattle,53,Basic,user269@example.com,user_143,Active,356.85,S013,15-05-2023 22:57
3,U0025,31-12-2023,North,Food,324.77,Portland,41,Free,user14@example.com,user_75,Inactive,147.79,S028,24-11-2023 18:07
4,U0073,23-09-2023,West,Food,424.46,Seattle,65,Free,user279@example.com,user_86,Unknown,171.45,S010,05-02-2023 02:04
5,U0028,24-05-2023,North,Food,687.55,Denver,28,Free,user170@example.com,user_157,Pending,67.02,S020,21-12-2023 16:32
6,U0031,26-10-2023,East,Clothing,1835.12,Los Angeles,16,Premium,user159@example.com,user_197,Active,220.4,S004,15-07-2023 06:53
7,U0067,28-02-2023,South,Food,797.71,Seattle,32,Basic,user142@example.com,user_13,Active,121.56,S010,23-11-2023 05:54
8,U0099,11-07-2023,North,Food,1688.88,San Francisco,23,Premium,user297@example.com,user_46,,79.1,S015,11-05-2023 05:09
9,U0082,26-09-2023,West,Electronics,1153.59,San Francisco,49,Premium,user254@example.com,user_60,Inactive,277.32,S019,20-03-2023 15:06
10,U0131,31-07-2023,West,Books,1476.31,Los Angeles,41,Basic,,user_76,Pending,29.1,S007,02-10-2023 20:11
11,U0135,14-02-2023,East,Clothing,684.85,Seattle,64,Premium,user59@example.com,user_239,Active,148.93,S027,03-01-2023 11:38
12,U0050,04-06-2023,North,Food,86.7,Los Angeles,36,Basic,user154@example.com,user_236,Pending,144.25,S027,17-08-2023 00:27
13,U0076,24-09-2023,West,Clothing,1737.82,Portland,64,Free,user222@example.com,user_97,Active,185.89,S011,24-03-2023 16:23
14,U0026,08-03-2023,West,Books,573.05,Los Angeles,40,Premium,user79@example.com,user_53,Active,202.41,S019,16-10-2023 13:06
15,U0123,20-02-2023,East,Books,1335.74,San Francisco,40,Basic,user192@example.com,user_126,Active,179.51,S007,24-06-2023 16:17
16,U0003,20-08-2023,East,Food,153.48,Los Angeles,29,Basic,user19@example.com,user_272,Active,416.24,S003,15-02-2023 14:42
17,U0044,18-08-2023,West,Clothing,931,San Francisco,17,Basic,user273@example.com,user_112,Pending,431.84,S014,01-08-2023 06:14
18,U0060,30-06-2023,West,Books,1440.35,Sacramento,41,Free,user83@example.com,user_53,Pending,344.33,S018,21-05-2023 01:35
19,U0025,31-12-2023,North,Food,324.77,Portland,41,Free,user14@example.com,user_75,Inactive,147.79,S028,24-11-2023 18:07
20,U0018,24-10-2023,East,Books,195.74,Seattle,22,Free,user231@example.com,user_197,Inactive,,S025,22-04-2023 15:56
21,U0064,30-09-2023,East,Clothing,452.58,Seattle,28,Basic,user69@example.com,,Active,135.51,S004,16-04-2023 09:29
22,U0028,29-04-2023,East,Electronics,593.86,Los Angeles,62,Free,user298@example.com,user_135,Active,181.4,S026,01-12-2023 03:16
23,U0071,05-11-2023,North,Clothing,1252.07,San Francisco,36,Basic,user90@example.com,,Unknown,133.58,S021,19-03-2023 01:00
24,U0035,17-06-2023,West,Books,1294.81,Los Angeles,44,Basic,user93@example.com,user_1,Pending,44.63,S006,10-06-2023 07:15
25,U0058,01-12-2023,North,Electronics,1442.85,Seattle,44,Basic,user36@example.com,user_165,,464.99,S009,10-07-2023 13:42
26,U0080,10-10-2023,South,Clothing,808.6,Seattle,41,Basic,user242@example.com,user_241,,475.47,S022,05-05-2023 01:16
27,U0044,06-12-2023,South,Food,165.93,Seattle,61,Basic,user7@example.com,user_95,Active,175.02,S016,12-02-2023 05:25
28,U0033,12-10-2023,West,Sports,37.69,Seattle,48,Basic,user50@example.com,user_60,Inactive,305.69,S002,27-09-2023 07:22
29,U0065,17-06-2023,West,Food,229.7,Seattle,20,Free,user114@example.com,user_42,Active,273.12,S018,08-02-2023 20:23
30,U0132,23-09-2023,West,Clothing,128.62,Los Angeles,58,Premium,user37@example.com,user_119,Inactive,465.97,S027,23-06-2023 13:52
31,U0054,08-12-2023,West,Food,1513.48,Seattle,33,,user214@example.com,user_187,Active,376.63,S007,26-02-2023 10:27
32,U0048,04-11-2023,West,Sports,1612.65,Los Angeles,60,,user141@example.com,user_113,Pending,76.04,S017,09-08-2023 17:50
33,U0061,25-07-2023,West,Sports,328.8,Los Angeles,23,Premium,user47@example.com,user_150,Pending,412.22,S028,11-04-2023 04:35
34,U0044,07-05-2023,West,Clothing,184.39,Seattle,16,Basic,user95@example.com,user_160,,304.54,S015,18-04-2023 08:23
35,U0036,08-07-2023,West,Food,287.6,Los Angeles,44,Basic,user229@example.com,user_225,Pending,317.01,S030,20-08-2023 14:07
36,U0147,29-04-2023,West,Sports,1330.54,Denver,24,Basic,user161@example.com,user_286,Active,350.5,S005,10-02-2023 01:48
37,U0082,02-02-2023,East,Food,1095.12,Seattle,41,Basic,,user_61,,67.84,S007,26-11-2023 17:15
38,U0128,31-03-2023,South,Books,195.4,Los Angeles,35,Free,user288@example.com,user_254,Pending,452.43,S010,11-08-2023 00:39
39,U0067,25-08-2023,West,Electronics,348.68,Oakland,67,Basic,user147@example.com,user_249,,390.93,S013,20-08-2023 00:12
40,U0054,15-10-2023,West,Books,1693.02,San Francisco,37,Free,user213@example.com,user_274,Active,461.6,S024,25-07-2023 14:14
41,U0008,19-09-2023,West,Sports,1100.53,San Francisco,46,Premium,user127@example.com,user_87,Pending,219.31,S022,21-06-2023 13:53
42,U0039,25-11-2023,East,Sports,187.66,Seattle,70,Free,user285@example.com,user_104,Active,81.69,S024,10-12-2023 20:33
43,U0095,21-04-2023,South,Electronics,588.46,Sacramento,29,Basic,user258@example.com,user_89,,70.88,S020,08-05-2023 03:48
44,U0073,03-03-2023,South,Books,186.74,San Francisco,45,,user141@example.com,user_269,Inactive,,S013,24-01-2023 10:38
45,U0097,04-10-2023,South,Sports,,San Francisco,33,Basic,,user_84,Active,373.21,S020,14-08-2023 16:29
46,U0149,22-03-2023,West,Clothing,550.54,Portland,56,Basic,user136@example.com,user_132,Active,161.69,S022,19-09-2023 14:45
47,U0125,15-06-2023,East,Books,1875.76,Seattle,30,Basic,user168@example.com,,Active,418.69,S020,26-06-2023 01:28
48,U0004,13-12-2023,East,Electronics,1013.97,San Francisco,23,Free,user106@example.com,user_132,Active,377.62,S015,27-07-2023 04:26
49,U0140,03-04-2023,East,Electronics,542.17,Denver,,Basic,user200@example.com,user_30,Pending,410.39,S023,27-02-2023 16:39
50,U0109,19-02-2023,East,Sports,1730.24,Los Angeles,47,Basic,user277@example.com,user_251,Active,329.92,S011,08-11-2023 23:08
51,U0134,11-09-2023,West,Food,1593.04,Los Angeles,31,Basic,user254@example.com,user_262,Active,79.31,S004,01-04-2023 10:38
52,U0048,03-08-2023,West,Electronics,1897.46,Seattle,46,Basic,user248@example.com,user_257,Active,250.55,S021,15-03-2023 09:09
53,U0061,12-01-2023,South,Clothing,826.81,San Francisco,41,Basic,user218@example.com,user_32,Active,148.14,S017,19-08-2023 11:11
54,U0131,09-02-2023,West,Food,250.51,Sacramento,31,Premium,user282@example.com,user_38,Inactive,130.23,S018,23-04-2023 22:31
55,U0123,26-09-2023,North,Food,553.06,Oakland,47,,user183@example.com,user_5,Active,380.23,S027,23-11-2023 15:58
56,U0098,02-05-2023,West,Books,257.24,Seattle,21,Premium,user232@example.com,user_47,Inactive,375.85,S005,13-04-2023 02:07
57,U0069,28-06-2023,West,Books,852.19,San Francisco,46,Basic,user112@example.com,user_105,,,S008,13-04-2023 13:34
58,U0109,20-11-2023,West,Food,765.22,Seattle,24,Basic,user29@example.com,user_78,Inactive,49.15,S005,06-05-2023 05:26
59,U0108,14-06-2023,East,Electronics,414.43,Las Vegas,54,Premium,user280@example.com,user_155,Active,314.55,S018,10-06-2023 05:35
60,U0052,10-09-2023,South,Books,595.22,Tucson,30,Premium,user84@example.com,user_253,Inactive,286.53,S004,12-05-2023 01:21
61,U0071,09-12-2023,East,Electronics,472.3,Denver,38,Basic,user291@example.com,user_244,Active,494.24,S003,22-08-2023 10:13
62,U0004,23-12-2023,West,Clothing,1241.67,Tucson,67,Premium,user236@example.com,user_89,Active,401.37,S005,09-05-2023 18:34
63,U0099,10-08-2023,West,Sports,1887.22,Los Angeles,51,Basic,user98@example.com,user_60,Active,298.11,S030,11-12-2023 03:32
64,U0136,21-07-2023,North,Sports,876.96,Seattle,26,Premium,user203@example.com,user_274,Active,469.72,S008,08-01-2023 23:33
65,U0057,27-07-2023,North,Electronics,1865.77,Los Angeles,58,Premium,user233@example.com,user_216,Inactive,68.7,S002,24-12-2023 02:38
66,U0127,28-05-2023,North,Sports,1735.9,Seattle,44,Basic,user169@example.com,user_221,Active,239.54,S013,12-07-2023 06:30
67,U0139,24-05-2023,West,Books,1678.04,Los Angeles,34,Basic,user46@example.com,user_298,Pending,102.53,S001,23-09-2023 22:39
68,U0045,25-04-2023,South,Food,1312.2,Denver,18,Basic,user227@example.com,user_107,Active,469.62,S024,26-10-2023 04:56
69,U0136,21-07-2023,North,Sports,876.96,Seattle,26,Premium,user203@example.com,user_274,Active,469.72,S008,08-01-2023 23:33
70,U0017,02-07-2023,North,Books,1511.59,Los Angeles,51,Basic,user224@example.com,user_254,Inactive,332.45,S015,28-04-2023 11:11
71,U0142,07-08-2023,East,Books,,Las Vegas,62,Basic,user131@example.com,user_266,Active,288.93,S023,24-12-2023 08:34
72,U0033,13-09-2023,East,Clothing,520.76,Seattle,46,Basic,user140@example.com,user_91,Active,306.6,S005,18-03-2023 12:02
73,U0054,01-12-2023,East,Electronics,1197.35,Los Angeles,69,Basic,user7@example.com,user_114,,288.46,S015,15-02-2023 22:24
74,U0132,17-08-2023,South,Electronics,572.29,San Francisco,34,Free,user10@example.com,user_59,,163.23,S028,17-05-2023 18:12
75,U0010,25-10-2023,West,Clothing,1728.74,Los Angeles,31,Premium,user44@example.com,user_245,,217.06,S019,28-07-2023 23:49
76,U0008,07-02-2023,West,Food,1104.26,San Francisco,56,Free,user43@example.com,user_290,,20.73,S029,19-02-2023 13:59
77,U0003,07-11-2023,North,Electronics,758.73,Seattle,60,Premium,user34@example.com,user_116,Inactive,68.37,S024,17-01-2023 12:44
78,U0134,06-11-2023,East,Books,1209.45,Seattle,43,Premium,user286@example.com,user_186,Active,477.67,S023,24-02-2023 17:18
79,U0106,12-11-2023,East,Electronics,1295.38,Los Angeles,57,Premium,user132@example.com,user_2,Inactive,291.88,S009,19-11-2023 09:12
80,U0079,06-04-2023,West,Books,735.41,San Francisco,50,Basic,user51@example.com,user_179,Pending,361.37,S017,24-04-2023 18:31
81,U0041,27-11-2023,North,Sports,1417.51,Seattle,68,Free,,user_1,Active,5.23,S018,12-02-2023 06:49
82,U0052,23-06-2023,West,Sports,1398.38,San Francisco,18,Free,user186@example.com,user_245,Inactive,325.39,S014,20-09-2023 00:31
83,U0101,30-04-2023,West,Clothing,420.17,San Francisco,50,Premium,user238@example.com,user_248,Active,365.75,S016,04-09-2023 08:24
84,U0044,06-12-2023,South,Food,165.93,Seattle,61,Basic,user7@example.com,user_95,Active,175.02,S016,12-02-2023 05:25
85,U0043,12-11-2023,South,Electronics,1093.4,Seattle,50,Premium,user268@example.com,user_259,Active,112.23,S024,27-03-2023 11:43
86,U0039,05-04-2023,West,Electronics,1488.6,San Francisco,31,Free,user250@example.com,user_278,Inactive,137.86,S013,13-11-2023 01:52
87,U0001,27-04-2023,East,Sports,,Los Angeles,19,Premium,,user_287,Pending,136.8,S010,16-01-2023 19:40
88,U0041,29-10-2023,West,Clothing,,Phoenix,58,Free,user225@example.com,user_189,Active,323.61,S015,03-02-2023 19:03
89,U0025,31-12-2023,North,Food,324.77,Portland,41,Free,user14@example.com,user_75,Inactive,147.79,S028,24-11-2023 18:07
90,U0117,22-09-2023,South,Sports,315.96,Las Vegas,17,,user227@example.com,user_121,Inactive,351.78,S004,24-10-2023 16:05
91,U0071,02-01-2023,North,Clothing,624,Los Angeles,48,Basic,user147@example.com,,Active,203.26,S020,25-01-2023 05:21
92,U0101,08-03-2023,West,Sports,87.65,San Francisco,48,Premium,user91@example.com,user_8,Active,335.18,S008,02-08-2023 06:47
93,U0143,17-10-2023,West,Electronics,790.52,Seattle,46,Premium,user172@example.com,user_199,Active,247.22,S030,11-05-2023 06:34
94,U0147,05-10-2023,West,Clothing,1697.58,Oakland,28,Basic,user101@example.com,user_78,,293.25,S021,20-04-2023 07:13
95,U0038,10-06-2023,North,Sports,1552.91,Sacramento,61,Premium,user215@example.com,,Active,408,S017,11-01-2023 13:43
96,U0103,02-06-2023,West,Electronics,285.68,San Francisco,22,Basic,user50@example.com,user_272,Active,180.29,S012,04-04-2023 16:22
97,U0082,09-02-2023,West,Books,660.97,San Francisco,57,Basic,user256@example.com,user_80,Inactive,190.87,S013,14-03-2023 21:42
98,U0138,18-10-2023,East,Clothing,1522.09,Phoenix,58,Free,user164@example.com,user_42,,340.03,S020,16-10-2023 08:54
99,U0056,05-02-2023,North,Clothing,338.21,Seattle,61,Free,user114@example.com,user_43,Inactive,292.09,S005,01-01-2023 03:36
100,U0064,15-12-2023,North,Clothing,381.54,Seattle,68,Basic,user251@example.com,user_293,Unknown,207.21,S016,17-10-2023 14:06
101,U0004,09-03-2023,East,Books,791.15,Seattle,46,Basic,user59@example.com,user_282,Inactive,353.57,S024,09-08-2023 15:26
102,U0105,21-08-2023,North,Books,487.17,Los Angeles,,Premium,user248@example.com,user_262,Active,368.93,S026,26-08-2023 21:09
103,U0123,06-05-2023,North,Sports,1758.26,San Francisco,67,Premium,user185@example.com,user_27,Active,255.05,S009,05-06-2023 04:40
104,U0078,17-06-2023,West,Sports,1954.77,Seattle,48,Basic,user129@example.com,user_167,Active,378.3,S027,17-07-2023 15:08
105,U0150,16-11-2023,South,Sports,356.54,Sacramento,49,Premium,user37@example.com,user_88,Active,183.1,S022,07-05-2023 13:03
106,U0062,04-10-2023,West,Books,628.85,Los Angeles,51,Premium,user3@example.com,user_281,Pending,453.97,S023,25-02-2023 19:59
107,U0108,07-01-2023,West,Books,434.4,Seattle,60,Free,user97@example.com,user_284,Active,260.03,S006,22-04-2023 18:32
108,U0018,30-12-2023,West,Books,1027.37,Portland,34,Free,user38@example.com,user_295,Active,127.43,S008,04-09-2023 06:38
109,U0039,25-11-2023,East,Sports,187.66,Seattle,70,Free,user285@example.com,user_104,Active,81.69,S024,10-12-2023 20:33
110,U0142,23-09-2023,West,Electronics,213.08,San Francisco,,Free,user60@example.com,user_214,Active,185.2,S008,25-03-2023 08:21
111,U0097,04-10-2023,South,Sports,,San Francisco,33,Basic,,user_84,Active,373.21,S020,14-08-2023 16:29
112,U0041,07-07-2023,West,Food,809.74,Sacramento,16,Premium,user149@example.com,user_59,Unknown,99.07,S012,28-08-2023 23:14
113,U0096,04-06-2023,East,Books,34.42,Seattle,67,,user88@example.com,user_261,Active,238.89,S019,10-09-2023 15:07
114,U0009,11-10-2023,North,Food,1442.24,Sacramento,16,Premium,user226@example.com,user_164,Active,382.23,S015,02-06-2023 19:01
115,U0127,31-07-2023,East,Books,1144.07,San Francisco,42,Free,user20@example.com,user_18,Active,250.44,S012,21-07-2023 18:20
116,U0039,02-01-2023,South,Electronics,1874.2,Los Angeles,30,Free,user52@example.com,user_104,Pending,238.23,S029,06-04-2023 21:16
117,U0045,09-01-2023,North,Sports,921.24,Los Angeles,45,Basic,user279@example.com,user_192,Active,488.5,S025,26-08-2023 21:53
118,U0016,05-09-2023,West,Food,,Seattle,38,Basic,user62@example.com,user_9,Active,69.94,S021,23-10-2023 00:28
119,U0107,04-02-2023,North,Food,349.31,Seattle,23,Premium,user106@example.com,user_166,Unknown,412.64,S005,16-12-2023 20:53
120,U0122,20-01-2023,West,Sports,1897.96,Los Angeles,20,Premium,user93@example.com,user_299,Active,160.49,S003,12-10-2023 13:32
121,U0096,21-11-2023,East,Books,1286.79,Los Angeles,56,Premium,user111@example.com,user_86,Inactive,460.37,S025,16-03-2023 04:23
122,U0008,06-12-2023,North,Sports,,Los Angeles,27,Free,user210@example.com,user_94,Active,25.9,S009,21-07-2023 21:10
123,U0045,07-11-2023,West,Food,312.25,Los Angeles,26,Premium,user286@example.com,user_202,,166.62,S019,17-08-2023 21:33
124,U0082,26-09-2023,West,Electronics,1153.59,San Francisco,49,Premium,user254@example.com,user_60,Inactive,277.32,S019,20-03-2023 15:06
125,U0068,31-12-2023,East,Electronics,112.17,San Francisco,20,Basic,user221@example.com,user_122,Active,400.69,S017,14-01-2023 21:23
126,U0072,07-04-2023,East,Electronics,1482.66,Denver,16,Basic,user12@example.com,user_162,Inactive,425.62,S002,06-03-2023 03:07
127,U0003,09-03-2023,West,Clothing,1050.64,San Francisco,50,Basic,user101@example.com,user_49,Active,276.86,S028,10-12-2023 20:57
128,U0073,17-05-2023,South,Electronics,939.7,Los Angeles,59,Basic,user2@example.com,user_194,,370.13,S017,16-01-2023 10:30
129,U0018,30-12-2023,West,Books,1027.37,Portland,34,Free,user38@example.com,user_295,Active,127.43,S008,04-09-2023 06:38
130,U0043,16-02-2023,East,Electronics,121.88,San Francisco,37,Basic,user72@example.com,user_67,Active,,S019,13-08-2023 17:13
131,U0110,09-03-2023,North,Clothing,198.57,Seattle,30,Premium,user162@example.com,user_271,Pending,116.25,S013,13-06-2023 00:50
132,U0073,23-09-2023,West,Clothing,1943.31,Oakland,70,Basic,user87@example.com,,Active,40.41,S024,26-05-2023 11:49
133,U0098,24-10-2023,West,Food,347.9,San Francisco,34,,user177@example.com,user_80,Active,417.93,S015,10-10-2023 04:50
134,U0029,22-05-2023,West,Sports,350.57,Denver,65,Basic,user152@example.com,user_235,Inactive,76.48,S001,02-01-2023 11:48
135,U0017,21-05-2023,East,Electronics,1402.24,Seattle,33,Free,user75@example.com,user_71,Active,153.9,S003,26-12-2023 23:30
136,U0092,28-04-2023,North,Sports,91.89,San Francisco,48,Free,user295@example.com,user_117,Unknown,431.05,S006,24-10-2023 22:55
137,U0107,13-11-2023,West,Books,787.53,Seattle,62,Basic,user107@example.com,user_253,Active,472.46,S015,24-11-2023 17:02
138,U0092,16-04-2023,West,Food,446.5,Portland,63,Free,user93@example.com,user_264,Active,207.56,S019,26-06-2023 08:21
139,U0044,18-08-2023,West,Clothing,931,San Francisco,17,Basic,user273@example.com,user_112,Pending,431.84,S014,01-08-2023 06:14
140,U0056,02-01-2023,North,Clothing,,Seattle,40,Free,,,Active,68.26,S028,14-01-2023 05:33
141,U0135,08-07-2023,West,Books,1039.96,San Francisco,34,Basic,user196@example.com,user_257,Active,73.46,S025,16-12-2023 21:20
142,U0061,31-01-2023,West,Sports,51.02,Seattle,26,Premium,user299@example.com,user_206,Pending,494.2,S029,11-02-2023 00:37
143,U0052,08-12-2023,East,Food,511.85,Seattle,17,Free,user10@example.com,user_114,Active,179.88,S006,12-05-2023 05:00
144,U0009,11-10-2023,North,Food,1442.24,Sacramento,16,Premium,user226@example.com,user_164,Active,382.23,S015,02-06-2023 19:01
145,U0051,19-06-2023,East,Clothing,1333.17,Tucson,16,Basic,user85@example.com,user_1,Active,218.61,S015,10-10-2023 23:00
146,U0132,23-10-2023,South,Food,1482.73,San Francisco,29,Basic,user127@example.com,user_292,Active,216.52,S030,01-03-2023 11:00
147,U0064,11-06-2023,South,Electronics,866.03,Los Angeles,39,Premium,user120@example.com,user_220,Pending,208.75,S028,15-04-2023 07:56
148,U0104,03-02-2023,North,Sports,1185.57,San Francisco,55,Premium,user287@example.com,user_123,Active,272.4,S023,14-07-2023 12:13
149,U0100,07-04-2023,West,Food,827.96,Seattle,54,Basic,user260@example.com,user_215,Active,396.52,S007,27-12-2023 01:07
150,U0074,19-07-2023,East,Electronics,18.17,San Francisco,30,Premium,user181@example.com,user_8,Inactive,474.41,S010,18-11-2023 05:57
151,U0100,12-05-2023,West,Electronics,1141.6,Las Vegas,24,Premium,user136@example.com,,Active,277.86,S006,12-06-2023 09:29
152,U0007,21-06-2023,West,Clothing,1525.35,Seattle,59,Premium,user223@example.com,user_217,Inactive,1.44,S015,14-02-2023 06:10
153,U0081,19-05-2023,West,Clothing,1007.67,Los Angeles,22,Free,user107@example.com,,Active,238.53,S030,04-08-2023 05:11
154,U0115,15-10-2023,West,Electronics,688.48,San Francisco,53,Free,user128@example.com,user_113,Active,118.92,S005,25-05-2023 10:33
155,U0060,19-03-2023,East,Clothing,1079.47,Los Angeles,38,Free,,user_209,Active,176.02,S027,27-04-2023 11:58
156,U0010,18-03-2023,West,Sports,1718.54,Portland,69,Premium,user233@example.com,user_298,Inactive,107.07,S018,28-01-2023 04:44
157,U0140,05-07-2023,North,Electronics,485.3,San Francisco,61,Basic,user212@example.com,user_103,Inactive,28.55,S024,26-05-2023 06:31
158,U0103,26-11-2023,North,Books,370.02,San Francisco,63,Premium,user57@example.com,user_147,Active,321.99,S005,21-08-2023 15:28
159,U0007,26-04-2023,West,Books,604.3,Tucson,67,Basic,user118@example.com,user_125,Pending,495.18,S008,25-03-2023 07:16
160,U0008,18-11-2023,West,Electronics,1378.09,Denver,25,Basic,user61@example.com,user_174,Active,403.05,S002,08-04-2023 04:34
161,U0147,23-07-2023,East,Books,581.32,Los Angeles,44,,user292@example.com,user_69,Inactive,336.83,S002,09-08-2023 12:37
162,U0070,14-02-2023,West,Clothing,848.36,Los Angeles,57,Basic,user179@example.com,user_102,Active,484.69,S014,01-09-2023 23:28
163,U0031,13-09-2023,North,Sports,776.19,San Francisco,34,Free,user300@example.com,user_223,Active,51.77,S015,19-09-2023 03:14
164,U0039,27-03-2023,South,Food,1350.74,San Francisco,35,,user239@example.com,user_300,Inactive,484.43,S009,18-12-2023 21:45
165,U0039,20-07-2023,North,Books,1316.13,Los Angeles,34,Basic,user261@example.com,user_236,Active,17.4,S023,12-02-2023 05:03
166,U0057,27-05-2023,East,Clothing,1215.39,Las Vegas,61,Free,user48@example.com,user_238,Active,265.56,S013,06-01-2023 08:06
167,U0146,06-06-2023,North,Clothing,1098.5,Los Angeles,37,Free,user291@example.com,user_236,Active,150.77,S007,12-07-2023 18:40
168,U0128,12-10-2023,West,Sports,1760.61,Los Angeles,,Free,user127@example.com,user_137,Active,,S006,09-01-2023 13:33
169,U0129,27-01-2023,North,Sports,170.64,Los Angeles,,Premium,user26@example.com,user_249,Unknown,111.21,S012,05-04-2023 17:56
170,U0062,24-05-2023,South,Clothing,1984.4,San Francisco,64,Premium,user174@example.com,user_252,Inactive,194.58,S001,05-03-2023 21:39
171,U0010,18-02-2023,North,Sports,39.56,Seattle,32,Premium,user4@example.com,user_70,Active,235.44,S014,11-04-2023 21:53
172,U0022,05-08-2023,East,Sports,241.87,Los Angeles,46,Basic,user40@example.com,user_30,Active,131.57,S019,17-02-2023 20:37
173,U0034,04-07-2023,West,Clothing,517.43,San Francisco,57,Free,user256@example.com,user_194,Active,173.54,S005,04-10-2023 11:45
174,U0111,05-04-2023,North,Sports,1669.48,Seattle,64,Basic,user294@example.com,user_77,Inactive,,S011,27-10-2023 11:34
175,U0076,26-05-2023,West,Books,,Los Angeles,62,Basic,user32@example.com,user_224,Active,,S012,24-05-2023 20:31
176,U0035,16-02-2023,South,Electronics,1258.87,San Francisco,31,Basic,user102@example.com,user_177,,402.53,S005,16-07-2023 05:40
177,U0090,14-06-2023,South,Books,291.06,Seattle,67,,user72@example.com,user_141,Active,172.54,S006,12-03-2023 17:44
178,U0148,29-09-2023,West,Food,692.42,Los Angeles,69,Free,,user_193,Active,37.96,S001,07-03-2023 07:21
179,U0066,05-04-2023,North,Electronics,1602.12,Los Angeles,64,Basic,,user_182,Pending,337.9,S030,25-08-2023 16:32
180,U0098,31-07-2023,West,Clothing,367.93,Seattle,32,Basic,user157@example.com,user_234,Active,184.67,S022,01-06-2023 23:16
181,U0036,26-09-2023,West,Clothing,1429.84,Portland,65,,,user_217,Active,391.85,S011,12-02-2023 10:23
182,U0049,24-03-2023,North,Books,234.51,Tucson,28,Basic,user85@example.com,user_281,Pending,256.83,S016,18-05-2023 18:13
183,U0096,20-12-2023,North,Books,930.84,San Francisco,18,,user233@example.com,user_177,Active,444.46,S011,24-01-2023 06:08
184,U0052,06-10-2023,East,Electronics,268.9,Seattle,51,Basic,user112@example.com,user_234,Inactive,416.65,S001,18-02-2023 20:17
185,U0032,08-10-2023,East,Sports,1982.08,Los Angeles,19,,user20@example.com,user_106,Active,92.77,S009,12-08-2023 11:22
186,U0047,22-11-2023,West,Clothing,758.76,San Francisco,50,Premium,user196@example.com,user_59,Pending,24.77,S018,20-06-2023 09:29
187,U0107,16-09-2023,West,Clothing,1762.47,San Francisco,58,Free,user116@example.com,user_187,Inactive,125.14,S016,07-09-2023 00:03
188,U0125,16-01-2023,East,Sports,1143.12,Los Angeles,32,Free,,user_126,Unknown,227.71,S024,19-05-2023 16:07
189,U0113,04-12-2023,West,Books,1459.08,Los Angeles,69,Basic,user142@example.com,user_264,Pending,316.48,S001,06-11-2023 07:31
190,U0148,19-03-2023,West,Electronics,1026.38,Oakland,22,Basic,user5@example.com,user_81,Active,150.93,S010,17-01-2023 14:59
191,U0012,08-06-2023,North,Electronics,843.05,Los Angeles,50,Free,user41@example.com,user_6,Active,320.09,S012,05-05-2023 10:35
192,U0110,11-06-2023,West,Clothing,840.44,Los Angeles,39,Basic,user36@example.com,user_277,Active,389.33,S020,22-06-2023 17:44
193,U0098,12-06-2023,West,Food,732.35,Seattle,28,Basic,user60@example.com,user_95,Inactive,252.48,S021,11-11-2023 00:36
194,U0141,26-08-2023,East,Books,1464.38,Seattle,45,Premium,user204@example.com,user_217,Inactive,108.55,S003,08-02-2023 20:48
195,U0124,13-09-2023,West,Sports,389.15,Los Angeles,67,Basic,user177@example.com,user_63,Active,75.14,S002,11-11-2023 21:40
196,U0104,10-10-2023,East,Clothing,1463.11,Seattle,29,Basic,user111@example.com,user_161,Pending,424.65,S030,16-10-2023 13:39
197,U0066,04-04-2023,South,Clothing,1950.26,San Francisco,43,Premium,user214@example.com,user_23,Pending,498.65,S018,26-11-2023 17:16
198,U0104,11-10-2023,North,Clothing,1703.01,San Francisco,41,Basic,user179@example.com,user_242,Active,289.83,S017,07-09-2023 23:36
199,U0086,21-01-2023,East,Sports,1948.32,San Francisco,24,Premium,user196@example.com,user_277,Active,248.66,S028,08-05-2023 08:56
200,U0064,08-02-2023,West,Books,1868.2,San Francisco,21,Premium,user169@example.com,user_156,Pending,202.94,S013,11-12-2023 05:24
201,U0141,21-02-2023,East,Sports,123.15,Seattle,60,Basic,user250@example.com,user_29,Active,188.68,S013,10-10-2023 12:01
202,U0110,21-03-2023,East,Books,1899.5,Los Angeles,66,Free,user206@example.com,user_255,Inactive,306.41,S024,07-02-2023 16:33
203,U0096,04-06-2023,East,Books,34.42,Seattle,67,,user88@example.com,user_261,Active,238.89,S019,10-09-2023 15:07
204,U0016,20-11-2023,East,Food,1672.8,Seattle,53,Basic,user256@example.com,user_160,Active,479.99,S028,03-11-2023 05:28
205,U0122,20-01-2023,West,Sports,1897.96,Los Angeles,20,Premium,user93@example.com,user_299,Active,160.49,S003,12-10-2023 13:32
206,U0127,30-10-2023,East,Food,1473.89,Los Angeles,24,Free,user70@example.com,,Active,418.3,S003,12-06-2023 16:02
207,U0106,03-05-2023,North,Sports,386.92,Seattle,27,,user261@example.com,user_70,Active,274.29,S018,19-03-2023 15:41
208,U0106,05-11-2023,East,Sports,323.17,Los Angeles,38,Basic,user256@example.com,user_82,Active,180.83,S011,01-02-2023 03:20
209,U0027,28-10-2023,North,Clothing,1205.49,San Francisco,41,Premium,user173@example.com,user_211,Active,210.82,S003,01-01-2023 03:09
210,U0101,24-04-2023,West,Books,948.71,San Francisco,54,Premium,user164@example.com,user_299,Active,130.79,S006,27-03-2023 16:02
211,U0104,14-07-2023,West,Clothing,270.82,Seattle,55,Basic,user192@example.com,user_109,Active,425.13,S011,23-02-2023 16:43
212,U0096,20-12-2023,South,Electronics,721.09,Portland,69,Free,user45@example.com,user_37,,56.62,S013,08-06-2023 07:03
213,U0114,17-12-2023,East,Food,182.6,Seattle,46,Premium,user262@example.com,user_143,Pending,339.43,S001,24-11-2023 19:28
214,U0071,16-09-2023,West,Electronics,870.59,Los Angeles,40,Premium,user141@example.com,user_226,Active,25.05,S023,24-08-2023 22:54
215,U0047,10-09-2023,West,Sports,1229.92,Tucson,,Premium,user198@example.com,user_224,Active,489.88,S029,06-06-2023 01:17
216,U0076,09-09-2023,West,Food,324.25,Seattle,44,Free,user224@example.com,user_246,Active,271.5,S012,13-07-2023 08:06
217,U0061,10-09-2023,West,Clothing,1499.77,Seattle,68,Basic,user213@example.com,user_47,Active,,S027,09-06-2023 21:27
218,U0101,13-12-2023,North,Electronics,1977.21,Denver,46,Premium,user193@example.com,user_99,Inactive,285.08,S019,13-12-2023 01:12
219,U0114,09-02-2023,South,Sports,681.38,Los Angeles,18,Premium,user223@example.com,user_54,Active,310.2,S024,19-12-2023 21:19
220,U0084,14-01-2023,West,Food,1260.38,Los Angeles,29,Free,user157@example.com,user_224,Active,246.45,S028,12-02-2023 01:57
221,U0041,25-05-2023,West,Sports,1239.23,Seattle,28,Free,user134@example.com,user_119,Active,328.62,S001,17-02-2023 17:12
222,U0143,18-08-2023,North,Electronics,478.36,Phoenix,66,Premium,user153@example.com,user_243,Inactive,447.57,S013,07-06-2023 18:20
223,U0107,16-09-2023,West,Clothing,1762.47,San Francisco,58,Free,user116@example.com,user_187,Inactive,125.14,S016,07-09-2023 00:03
224,U0119,23-01-2023,North,Electronics,1658.59,San Francisco,43,Basic,user270@example.com,user_154,Active,47.88,S020,22-03-2023 22:12
225,U0101,08-03-2023,West,Sports,87.65,San Francisco,48,Premium,user91@example.com,user_8,Active,335.18,S008,02-08-2023 06:47
226,U0034,13-01-2023,West,Electronics,744.36,Seattle,48,Free,user16@example.com,user_93,Active,469.9,S023,17-07-2023 11:46
227,U0034,28-10-2023,West,Clothing,,San Francisco,26,Free,,user_72,Active,78.18,S023,26-03-2023 08:24
228,U0011,07-07-2023,North,Sports,1904.92,San Francisco,39,Premium,user86@example.com,user_143,,158.96,S022,28-08-2023 14:03
229,U0047,18-01-2023,East,Electronics,1536.77,Los Angeles,61,Free,user125@example.com,user_187,Inactive,119.66,S005,26-03-2023 00:44
230,U0041,25-05-2023,West,Sports,1239.23,Seattle,28,Free,user134@example.com,user_119,Active,328.62,S001,17-02-2023 17:12
231,U0009,06-07-2023,East,Electronics,508.54,San Francisco,27,Basic,,user_167,Active,242.56,S022,06-10-2023 13:14
232,U0039,02-05-2023,East,Sports,590.34,Seattle,16,Free,user232@example.com,user_211,Pending,491.07,S003,04-02-2023 02:28
233,U0090,21-02-2023,West,Clothing,1181.13,Los Angeles,32,Basic,user145@example.com,user_108,Inactive,51.8,S003,12-02-2023 11:35
234,U0063,03-05-2023,West,Food,1780.06,Seattle,64,Premium,user110@example.com,user_229,Pending,407.22,S019,11-11-2023 00:41
235,U0098,24-10-2023,West,Food,347.9,San Francisco,34,,user177@example.com,user_80,Active,417.93,S015,10-10-2023 04:50
236,U0072,11-10-2023,West,Clothing,919.19,Portland,,Free,user231@example.com,user_201,Inactive,80.11,S005,16-02-2023 08:15
237,U0111,06-10-2023,East,Food,1262.06,Seattle,39,Basic,user103@example.com,user_73,Inactive,54.43,S030,03-02-2023 15:36
238,U0058,18-09-2023,West,Books,1063.29,Seattle,67,Basic,user270@example.com,user_118,Inactive,426.87,S021,26-10-2023 14:24
239,U0058,17-11-2023,West,Books,1659.94,San Francisco,35,Premium,,user_241,Unknown,,S014,02-06-2023 16:24
240,U0020,01-03-2023,South,Food,709.04,Los Angeles,32,Free,user33@example.com,user_126,Active,121.12,S012,22-10-2023 01:36
241,U0076,26-05-2023,West,Books,,Los Angeles,62,Basic,user32@example.com,user_224,Active,,S012,24-05-2023 20:31
242,U0055,21-07-2023,North,Electronics,1965.11,San Francisco,50,Premium,user46@example.com,user_200,Active,5.96,S004,23-11-2023 23:28
243,U0058,18-09-2023,West,Books,1063.29,Seattle,67,Basic,user270@example.com,user_118,Inactive,426.87,S021,26-10-2023 14:24
244,U0018,23-03-2023,East,Books,206.95,Los Angeles,36,Premium,user26@example.com,user_266,Inactive,53.18,S021,10-01-2023 00:40
245,U0115,08-02-2023,North,Electronics,655.88,Seattle,48,Premium,,user_172,Pending,165.36,S012,04-12-2023 01:45
246,U0099,27-04-2023,West,Sports,1096.09,Las Vegas,,Basic,user247@example.com,user_90,Inactive,300.21,S009,12-03-2023 15:32
247,U0080,22-05-2023,West,Books,1770.17,Los Angeles,35,Basic,user266@example.com,user_30,Pending,128.39,S018,17-01-2023 07:11
248,U0113,30-01-2023,East,Books,381.01,Seattle,57,,user59@example.com,user_71,Active,379.83,S021,06-07-2023 11:55
249,U0044,07-05-2023,West,Clothing,184.39,Seattle,16,Basic,user95@example.com,user_160,,304.54,S015,18-04-2023 08:23
250,U0034,26-04-2023,West,Books,481.13,Los Angeles,28,Premium,user23@example.com,,Active,88.74,S003,13-06-2023 01:58
251,U0003,31-07-2023,South,Sports,1426.26,San Francisco,33,Free,user4@example.com,user_12,Pending,492.65,S018,25-05-2023 20:03
252,U0008,07-04-2023,West,Books,1097.24,Los Angeles,32,Premium,user290@example.com,user_132,,352.68,S011,19-06-2023 11:31
253,U0095,04-09-2023,East,Electronics,1899.49,Denver,59,Premium,,user_53,Inactive,,S025,11-09-2023 06:53
254,U0006,13-08-2023,East,Sports,158.26,San Francisco,20,Basic,user173@example.com,user_43,Active,211.79,S028,20-10-2023 14:16
255,U0106,12-11-2023,East,Electronics,1295.38,Los Angeles,57,Premium,user132@example.com,user_2,Inactive,291.88,S009,19-11-2023 09:12
256,U0055,11-01-2023,West,Electronics,278.1,Los Angeles,27,Premium,user49@example.com,user_23,,423.31,S006,03-12-2023 01:32
257,U0138,18-10-2023,East,Clothing,1522.09,Phoenix,58,Free,user164@example.com,user_42,,340.03,S020,16-10-2023 08:54
258,U0012,27-08-2023,South,Sports,645.62,Portland,16,Premium,user114@example.com,user_294,Pending,444.79,S023,22-09-2023 03:13
259,U0050,18-05-2023,North,Electronics,1272.59,Los Angeles,21,Basic,user214@example.com,user_161,Inactive,12.63,S021,21-09-2023 14:20
260,U0014,08-08-2023,East,Books,1776.66,Tucson,37,Premium,user252@example.com,user_211,Inactive,84.47,S026,26-06-2023 18:24
261,U0058,05-03-2023,East,Electronics,89.43,Los Angeles,33,,user252@example.com,user_49,Unknown,357.11,S021,24-05-2023 03:59
262,U0120,05-11-2023,South,Electronics,313.82,Oakland,70,Basic,user117@example.com,user_74,Inactive,70.89,S017,07-12-2023 19:41
263,U0121,17-02-2023,North,Clothing,1190.96,San Francisco,25,Basic,user77@example.com,user_139,Inactive,44.63,S022,21-08-2023 17:50
264,U0134,06-01-2023,South,Electronics,,Seattle,22,Premium,user275@example.com,user_32,Active,343.7,S013,25-10-2023 07:25
265,U0052,27-12-2023,West,Clothing,1086.44,Los Angeles,64,Basic,user240@example.com,user_57,Active,,S009,24-11-2023 04:52
266,U0070,20-10-2023,West,Food,1459.4,San Francisco,34,Free,user120@example.com,user_141,Active,266.49,S005,07-09-2023 19:52
267,U0058,17-11-2023,West,Books,1659.94,San Francisco,35,Premium,,user_241,Unknown,,S014,02-06-2023 16:24
268,U0135,05-06-2023,South,Sports,1998.23,Los Angeles,29,Premium,user38@example.com,user_135,,113.24,S007,20-08-2023 17:40
269,U0086,21-01-2023,East,Sports,1948.32,San Francisco,24,Premium,user196@example.com,user_277,Active,248.66,S028,08-05-2023 08:56
270,U0045,28-03-2023,East,Sports,524.15,San Francisco,37,Basic,user112@example.com,user_33,,177.73,S003,02-01-2023 13:46
271,U0058,13-04-2023,East,Books,646.14,Seattle,38,Basic,user93@example.com,user_108,Active,392.97,S010,17-09-2023 03:56
272,U0075,05-06-2023,East,Food,740.9,San Francisco,33,Basic,user251@example.com,user_80,,1.27,S025,05-07-2023 05:38
273,U0051,07-05-2023,East,Clothing,1614.03,San Francisco,52,Free,user164@example.com,user_280,Active,37.25,S013,21-04-2023 22:44
274,U0029,24-08-2023,East,Clothing,1765.84,Portland,67,,user139@example.com,user_136,Pending,225.47,S030,21-01-2023 22:17
275,U0113,19-08-2023,West,Sports,101.71,San Francisco,35,Free,user134@example.com,user_113,Inactive,114.35,S016,06-02-2023 21:29
276,U0117,24-10-2023,North,Sports,692.78,Seattle,29,Free,user23@example.com,user_196,Pending,128.42,S028,02-12-2023 05:13
277,U0004,09-10-2023,West,Food,,Los Angeles,48,Basic,user198@example.com,user_43,Active,499.93,S028,18-08-2023 15:22
278,U0034,11-10-2023,West,Sports,1684.9,Los Angeles,66,Free,,user_17,Active,73.34,S005,21-05-2023 11:37
279,U0062,16-04-2023,East,Sports,800.84,Sacramento,51,Basic,user76@example.com,user_236,,168.59,S003,17-08-2023 09:06
280,U0070,15-08-2023,East,Books,299.48,Denver,52,Basic,user31@example.com,user_175,Pending,,S023,28-08-2023 00:39
281,U0092,22-01-2023,East,Sports,,Los Angeles,31,Basic,user166@example.com,user_58,Active,465.67,S001,15-03-2023 20:28
282,U0084,18-09-2023,West,Books,1759.59,San Francisco,47,Free,user8@example.com,user_21,Active,256.26,S017,19-04-2023 20:47
283,U0084,14-01-2023,West,Food,1260.38,Los Angeles,29,Free,user157@example.com,user_224,Active,246.45,S028,12-02-2023 01:57
284,U0117,02-04-2023,West,Electronics,1515.2,Denver,51,Free,user26@example.com,user_287,Inactive,330.45,S029,03-01-2023 23:49
285,U0109,19-02-2023,East,Sports,1730.24,Los Angeles,47,Basic,user277@example.com,user_251,Active,329.92,S011,08-11-2023 23:08
286,U0093,25-09-2023,North,Electronics,1624.2,Seattle,50,Basic,user197@example.com,user_252,Unknown,358.39,S002,08-04-2023 11:38
287,U0045,28-03-2023,East,Sports,524.15,San Francisco,37,Basic,user112@example.com,user_33,,177.73,S003,02-01-2023 13:46
288,U0120,05-07-2023,West,Food,1191.72,Tucson,44,Basic,user76@example.com,user_215,Active,419.65,S019,18-10-2023 12:16
289,U0088,05-08-2023,West,Clothing,,Seattle,32,Premium,user181@example.com,user_135,Inactive,184.5,S011,08-10-2023 18:07
290,U0062,24-05-2023,South,Clothing,1984.4,San Francisco,64,Premium,user174@example.com,user_252,Inactive,194.58,S001,05-03-2023 21:39
291,U0114,01-07-2023,West,Sports,41.46,Los Angeles,25,Premium,user288@example.com,user_16,Unknown,10.19,S027,20-03-2023 21:27
292,U0041,21-05-2023,East,Sports,1851.31,San Francisco,25,Free,user121@example.com,user_299,Active,330.14,S028,22-05-2023 21:45
293,U0121,07-02-2023,North,Food,1851.43,Tucson,31,Basic,user271@example.com,user_237,Active,194.34,S024,11-04-2023 04:32
294,U0124,28-03-2023,West,Electronics,541.37,Seattle,63,Premium,,user_189,,431.66,S008,08-07-2023 01:10
295,U0149,03-03-2023,East,Clothing,624.2,Seattle,66,,user165@example.com,user_62,Inactive,483.86,S018,01-08-2023 03:25
296,U0005,27-09-2023,East,Electronics,1020.32,Los Angeles,36,Premium,,user_222,Active,251.07,S022,03-12-2023 14:03
297,U0087,13-04-2023,West,Electronics,633.68,San Francisco,61,Basic,user201@example.com,,Active,219.22,S008,04-05-2023 09:42
298,U0114,30-04-2023,East,Sports,1338.81,Los Angeles,32,Basic,user133@example.com,user_250,,428.42,S014,08-05-2023 08:14
299,U0084,15-11-2023,South,Sports,982.12,Los Angeles,39,Premium,user100@example.com,user_281,Active,156.69,S020,09-01-2023 08:36
300,U0031,07-12-2023,South,Books,264.72,Los Angeles,39,Basic,user40@example.com,user_19,Active,128.63,S013,04-04-2023 10:32
301,U0022,10-08-2023,North,Sports,552.02,San Francisco,58,Premium,user2@example.com,user_77,Inactive,434.06,S015,04-08-2023 17:43
302,U0126,12-12-2023,North,Food,486.24,San Francisco,70,Premium,user57@example.com,user_275,Pending,36.08,S013,19-04-2023 11:22
303,U0060,11-11-2023,East,Sports,1547.48,San Francisco,62,Free,user50@example.com,user_121,Inactive,301.63,S029,27-02-2023 05:56
304,U0071,28-09-2023,North,Clothing,1032.65,Los Angeles,69,Premium,user202@example.com,,Inactive,287.32,S005,06-08-2023 18:49
305,U0060,27-04-2023,East,Sports,1348.87,Los Angeles,63,Basic,user220@example.com,user_221,,,S006,21-04-2023 00:47
306,U0070,11-05-2023,North,Electronics,1015.16,Sacramento,66,Free,user190@example.com,user_260,Active,133.46,S023,08-06-2023 11:47
307,U0099,27-12-2023,East,Clothing,676.9,San Francisco,24,Basic,user293@example.com,user_100,Active,476.74,S007,19-01-2023 01:46
308,U0050,07-02-2023,West,Sports,,Los Angeles,23,Free,user259@example.com,user_100,Active,461.73,S023,03-06-2023 11:13
309,U0030,07-10-2023,South,Food,1328.18,Sacramento,61,Basic,user37@example.com,user_105,Active,291.62,S022,11-07-2023 14:03
310,U0080,24-11-2023,North,Food,920.12,Los Angeles,36,Basic,user261@example.com,user_118,,418.64,S023,04-01-2023 01:39
311,U0080,21-01-2023,East,Sports,196.97,San Francisco,55,Basic,user26@example.com,user_169,Active,403.06,S019,21-02-2023 17:47
312,U0084,15-11-2023,South,Sports,982.12,Los Angeles,39,Premium,user100@example.com,user_281,Active,156.69,S020,09-01-2023 08:36
313,U0067,09-11-2023,West,Food,965.69,Los Angeles,29,Basic,user179@example.com,user_99,Pending,131.21,S007,04-08-2023 12:35
314,U0002,23-01-2023,North,Sports,1584.43,San Francisco,53,Basic,user123@example.com,user_66,Inactive,32.8,S022,21-10-2023 20:33
315,U0020,10-07-2023,West,Books,174.71,Los Angeles,41,Free,user272@example.com,user_272,,290.56,S005,25-04-2023 17:57
316,U0120,28-02-2023,West,Sports,120.47,San Francisco,35,Premium,user41@example.com,user_71,Pending,85.61,S023,13-08-2023 04:53
317,U0090,28-01-2023,West,Clothing,598.69,Los Angeles,30,Basic,user221@example.com,user_173,Pending,406.17,S016,13-01-2023 01:28
318,U0061,29-01-2023,West,Sports,1947.98,Seattle,33,Basic,user33@example.com,user_292,Pending,14.48,S017,04-03-2023 12:21
319,U0087,09-05-2023,East,Sports,1001.52,San Francisco,64,Premium,user39@example.com,user_161,Inactive,491,S015,15-10-2023 11:38
320,U0011,24-01-2023,West,Food,430.91,Tucson,56,,user258@example.com,user_68,,415.39,S004,19-10-2023 06:07
321,U0028,10-07-2023,West,Clothing,919.36,Los Angeles,68,Premium,user231@example.com,user_51,Active,403.24,S028,04-10-2023 10:23
322,U0049,15-06-2023,West,Food,177.53,Los Angeles,43,Basic,user95@example.com,user_197,Active,464.46,S014,19-04-2023 15:16
323,U0048,08-11-2023,West,Books,1672.77,Los Angeles,48,Basic,user298@example.com,user_269,Inactive,,S003,18-03-2023 23:55
324,U0082,16-10-2023,East,Books,660.45,Seattle,47,Free,user207@example.com,user_265,Inactive,127.34,S029,06-03-2023 11:13
325,U0029,04-03-2023,North,Food,373.99,San Francisco,37,Premium,user263@example.com,user_203,Inactive,488.24,S005,09-02-2023 07:50
326,U0052,29-11-2023,West,Food,1782.75,Seattle,19,Free,user172@example.com,user_40,Inactive,230.73,S015,03-02-2023 05:46
327,U0041,27-11-2023,North,Sports,1417.51,Seattle,68,Free,,user_1,Active,5.23,S018,12-02-2023 06:49
328,U0058,02-10-2023,North,Clothing,553.59,Seattle,36,,user107@example.com,user_145,,251.95,S011,23-09-2023 07:58
329,U0148,31-01-2023,West,Clothing,978.39,Los Angeles,45,Premium,user92@example.com,user_249,Inactive,330.77,S030,28-11-2023 16:33
330,U0041,15-06-2023,East,Books,241.35,Seattle,26,Free,user248@example.com,user_117,Pending,375.07,S015,07-12-2023 12:17
331,U0136,15-05-2023,West,Books,1328.41,Sacramento,34,Premium,user243@example.com,user_258,Active,400.06,S023,27-10-2023 01:14
332,U0005,02-06-2023,South,Electronics,1931.47,Los Angeles,57,Basic,user251@example.com,user_22,Pending,116.65,S029,02-11-2023 00:08
333,U0001,01-06-2023,East,Books,150.23,Seattle,60,Basic,user261@example.com,user_275,Pending,159.09,S030,14-10-2023 09:51
334,U0097,21-02-2023,West,Clothing,1265.83,Los Angeles,19,Basic,user288@example.com,user_144,Active,428.99,S030,17-09-2023 22:55
335,U0042,19-07-2023,North,Electronics,397.34,Los Angeles,33,Basic,user239@example.com,user_90,Active,233.6,S021,10-05-2023 04:49
336,U0036,04-01-2023,East,Books,917.66,San Francisco,65,,user158@example.com,user_22,Active,488,S024,01-03-2023 20:47
337,U0044,07-05-2023,West,Clothing,184.39,Seattle,16,Basic,user95@example.com,user_160,,304.54,S015,18-04-2023 08:23
338,U0071,18-06-2023,East,Books,345.18,Seattle,44,Free,user231@example.com,user_171,Active,398.93,S030,16-10-2023 08:01
339,U0110,25-10-2023,East,Clothing,1138.06,Sacramento,36,Premium,user38@example.com,user_77,Active,261.16,S016,20-10-2023 19:42
340,U0137,17-04-2023,West,Sports,1950.71,San Francisco,34,Basic,user131@example.com,,Active,420.8,S005,05-04-2023 09:54
341,U0092,04-10-2023,North,Books,1518.34,Los Angeles,63,Premium,user191@example.com,user_45,Inactive,,S018,03-04-2023 17:26
342,U0020,21-01-2023,West,Clothing,1432.8,San Francisco,,Premium,user189@example.com,user_239,Active,,S008,27-12-2023 21:17
343,U0099,22-03-2023,South,Books,464.01,Seattle,37,Basic,user285@example.com,user_220,Inactive,160.21,S024,20-03-2023 04:30
344,U0003,21-01-2023,West,Food,1531.81,Seattle,47,Free,user8@example.com,user_80,Active,14.35,S018,06-11-2023 17:24
345,U0114,26-02-2023,West,Electronics,822.82,Los Angeles,68,Free,user265@example.com,user_216,Active,25.37,S021,06-01-2023 17:22
346,U0030,17-03-2023,North,Food,1112.17,San Francisco,57,,user179@example.com,user_67,Active,456.42,S022,28-04-2023 06:51
347,U0111,06-10-2023,East,Food,1262.06,Seattle,39,Basic,user103@example.com,user_73,Inactive,54.43,S030,03-02-2023 15:36
348,U0075,12-12-2023,West,Sports,48.32,Oakland,70,Free,user119@example.com,user_203,Active,121.41,S027,07-02-2023 16:52
349,U0122,27-06-2023,East,Books,1351.49,Las Vegas,63,Premium,user140@example.com,user_171,Active,128.37,S021,03-08-2023 20:05
350,U0128,05-12-2023,North,Food,1347.79,San Francisco,70,Free,user221@example.com,user_99,,413,S014,06-07-2023 17:02
351,U0129,22-11-2023,East,Food,1385.82,Seattle,31,Premium,user38@example.com,user_283,Inactive,436.69,S013,06-08-2023 12:21
352,U0148,01-06-2023,West,Electronics,1588.27,Seattle,61,Premium,user141@example.com,user_196,Active,499.07,S019,16-11-2023 21:10
353,U0134,08-02-2023,West,Sports,233.98,Seattle,63,,user91@example.com,user_267,Active,165.24,S020,13-04-2023 14:16
354,U0146,19-04-2023,North,Food,,Las Vegas,40,Free,user118@example.com,user_47,Active,258.39,S018,07-07-2023 23:53
355,U0121,04-07-2023,West,Food,1557.22,Los Angeles,37,Basic,user156@example.com,user_116,Pending,409.32,S025,04-10-2023 14:01
356,U0028,23-10-2023,North,Clothing,719.28,San Francisco,65,Premium,,user_83,,395.83,S014,08-10-2023 18:32
357,U0041,25-05-2023,West,Sports,1239.23,Seattle,28,Free,user134@example.com,user_119,Active,328.62,S001,17-02-2023 17:12
358,U0055,06-07-2023,East,Sports,292.76,Seattle,22,Premium,user240@example.com,user_85,Pending,133.48,S015,19-07-2023 06:33
359,U0128,24-03-2023,West,Sports,771.52,Seattle,39,Basic,user165@example.com,user_152,Unknown,38.66,S003,22-02-2023 17:20
360,U0055,19-03-2023,West,Clothing,883.74,Los Angeles,23,Premium,user71@example.com,user_96,Active,281.19,S017,14-02-2023 09:03
361,U0078,04-05-2023,North,Electronics,1623.37,Los Angeles,62,Free,,user_269,,359.4,S007,02-12-2023 19:14
362,U0148,01-06-2023,West,Electronics,1588.27,Seattle,61,Premium,user141@example.com,user_196,Active,499.07,S019,16-11-2023 21:10
363,U0067,09-11-2023,West,Food,965.69,Los Angeles,29,Basic,user179@example.com,user_99,Pending,131.21,S007,04-08-2023 12:35
364,U0137,15-02-2023,East,Food,1288.99,San Francisco,61,Basic,user28@example.com,user_152,,156.72,S001,06-05-2023 15:19
365,U0030,07-10-2023,South,Food,1328.18,Sacramento,61,Basic,user37@example.com,user_105,Active,291.62,S022,11-07-2023 14:03
366,U0122,18-01-2023,West,Electronics,1052.71,Sacramento,55,Basic,,user_43,Inactive,16.1,S026,08-01-2023 17:01
367,U0117,07-03-2023,North,Food,634.71,Denver,20,Basic,user251@example.com,user_247,Inactive,93.83,S023,23-01-2023 10:15
368,U0023,12-02-2023,West,Sports,1248.98,San Francisco,48,Free,user127@example.com,user_243,Active,366.07,S019,19-07-2023 19:20
369,U0141,03-11-2023,North,Clothing,840.23,Los Angeles,68,Premium,user111@example.com,user_297,Active,392.04,S002,23-09-2023 19:32
370,U0124,03-03-2023,North,Clothing,346.65,Oakland,,Basic,user233@example.com,user_296,Unknown,65.82,S025,15-12-2023 17:22
371,U0010,24-11-2023,East,Food,1182.78,Portland,45,Free,user130@example.com,user_11,,64.15,S003,12-07-2023 17:36
372,U0061,29-01-2023,West,Sports,1947.98,Seattle,33,Basic,user33@example.com,user_292,Pending,14.48,S017,04-03-2023 12:21
373,U0078,10-05-2023,West,Sports,1577.28,Los Angeles,55,Free,user101@example.com,user_66,,39.61,S012,08-09-2023 09:00
374,U0011,29-07-2023,West,Clothing,396.74,San Francisco,36,Free,user25@example.com,user_89,Pending,497.74,S012,28-09-2023 09:04
375,U0015,22-03-2023,West,Food,496.24,Denver,32,Basic,user34@example.com,user_129,Inactive,261.1,S003,25-12-2023 07:59
376,U0113,26-11-2023,East,Food,544.09,Los Angeles,25,Premium,user66@example.com,user_294,Active,360.79,S006,27-07-2023 00:24
377,U0011,28-06-2023,West,Clothing,1155.58,Los Angeles,65,Basic,user289@example.com,user_49,Active,225.25,S001,04-03-2023 13:41
378,U0122,09-12-2023,North,Electronics,37.11,Los Angeles,21,,user278@example.com,user_243,Inactive,19.5,S013,03-12-2023 06:42
379,U0006,10-11-2023,West,Food,635.1,Oakland,,Basic,user216@example.com,user_112,Active,445.06,S017,26-09-2023 02:06
380,U0114,30-04-2023,East,Sports,1338.81,Los Angeles,32,Basic,user133@example.com,user_250,,428.42,S014,08-05-2023 08:14
381,U0101,05-11-2023,West,Electronics,930.41,Los Angeles,43,Basic,,user_200,Pending,162.92,S007,20-12-2023 02:07
382,U0073,03-09-2023,West,Food,1785.62,Sacramento,59,Premium,user237@example.com,user_57,Inactive,390.15,S007,26-12-2023 09:37
383,U0003,17-06-2023,West,Electronics,1650.62,Los Angeles,33,Basic,user256@example.com,user_55,Active,91.97,S006,22-08-2023 05:43
384,U0137,03-05-2023,South,Sports,,Seattle,53,Basic,user70@example.com,user_25,Active,,S017,18-04-2023 09:10
385,U0028,02-02-2023,South,Clothing,756.24,Phoenix,20,Premium,user202@example.com,user_121,Active,464.59,S010,23-08-2023 17:27
386,U0055,25-04-2023,West,Sports,101.48,Los Angeles,32,Basic,user224@example.com,user_132,Pending,474.5,S007,27-03-2023 17:24
387,U0114,08-04-2023,East,Clothing,1963.13,Denver,59,Basic,user228@example.com,user_260,Active,20.44,S007,26-04-2023 18:58
388,U0133,11-12-2023,North,Sports,484.81,San Francisco,47,Premium,user16@example.com,user_224,Active,25.94,S010,09-03-2023 21:16
389,U0106,15-04-2023,West,Books,995.3,San Francisco,29,Basic,user32@example.com,user_11,Active,11.9,S008,23-03-2023 07:08
390,U0004,13-07-2023,North,Sports,1125.18,Los Angeles,,Basic,user223@example.com,user_259,Pending,292.52,S017,16-12-2023 00:39
391,U0094,17-10-2023,North,Food,1062.28,Seattle,37,Basic,user182@example.com,user_57,Active,11.54,S027,12-06-2023 17:24
392,U0061,17-04-2023,East,Electronics,505.44,Los Angeles,38,,,user_238,Inactive,65.77,S015,25-11-2023 02:55
393,U0130,18-02-2023,West,Electronics,892.14,Seattle,56,Premium,user120@example.com,user_4,Active,345.78,S022,18-08-2023 22:51
394,U0060,18-09-2023,West,Books,461.03,San Francisco,61,Basic,user64@example.com,user_157,,175.39,S006,10-01-2023 14:27
395,U0029,08-01-2023,West,Electronics,1614.64,Seattle,29,,user223@example.com,user_78,Active,280.94,S028,14-08-2023 19:58
396,U0087,31-12-2023,East,Clothing,1343.16,Seattle,45,Free,user87@example.com,user_141,Active,411.53,S007,22-05-2023 17:33
397,U0003,31-07-2023,South,Sports,1426.26,San Francisco,33,Free,user4@example.com,user_12,Pending,492.65,S018,25-05-2023 20:03
398,U0118,18-07-2023,West,Sports,266.95,Oakland,21,Basic,user1@example.com,user_167,Active,50.69,S018,11-02-2023 17:22
399,U0073,23-09-2023,West,Food,424.46,Seattle,65,Free,user279@example.com,user_86,Unknown,171.45,S010,05-02-2023 02:04
400,U0079,04-05-2023,East,Food,789.9,Los Angeles,48,Premium,user77@example.com,user_14,Active,33.32,S017,21-06-2023 09:25
401,U0034,24-02-2023,South,Food,1304.59,Seattle,37,Free,,user_89,Pending,133.51,S014,18-08-2023 13:46
402,U0082,06-05-2023,North,Electronics,1860.87,Los Angeles,56,Premium,user226@example.com,user_81,Active,465.42,S018,16-11-2023 23:54
403,U0131,08-02-2023,South,Sports,1320.65,San Francisco,59,Premium,user114@example.com,,Pending,292.07,S026,13-04-2023 05:17
404,U0064,28-06-2023,East,Sports,515.45,Phoenix,54,Basic,user283@example.com,user_111,Inactive,209.65,S022,15-05-2023 16:18
405,U0087,17-07-2023,West,Food,622.33,Portland,37,Basic,user34@example.com,user_198,Active,372.28,S020,11-07-2023 10:27
406,U0107,25-12-2023,West,Food,1453.33,Los Angeles,30,Premium,user165@example.com,,,2.06,S026,11-08-2023 13:47
407,U0004,19-12-2023,West,Food,1183.64,Los Angeles,63,Free,user219@example.com,user_280,Inactive,240.13,S028,26-11-2023 03:57
408,U0061,25-07-2023,West,Sports,328.8,Los Angeles,23,Premium,user47@example.com,user_150,Pending,412.22,S028,11-04-2023 04:35
409,U0010,18-03-2023,West,Sports,1718.54,Portland,69,Premium,user233@example.com,user_298,Inactive,107.07,S018,28-01-2023 04:44
410,U0048,19-04-2023,East,Sports,1362.38,Los Angeles,57,Premium,user202@example.com,user_145,Active,218.84,S002,21-09-2023 03:54
411,U0049,12-08-2023,North,Sports,1925.51,Seattle,36,Premium,user293@example.com,,Pending,204.79,S029,26-11-2023 19:20
412,U0009,06-11-2023,West,Sports,184.72,Phoenix,28,Free,user37@example.com,user_198,Pending,491.93,S016,23-04-2023 21:37
413,U0112,05-11-2023,West,Clothing,1654.47,Tucson,62,Premium,user234@example.com,user_11,Active,287.59,S018,21-04-2023 13:10
414,U0041,15-06-2023,East,Books,241.35,Seattle,26,Free,user248@example.com,user_117,Pending,375.07,S015,07-12-2023 12:17
415,U0095,17-12-2023,West,Food,1793.08,Seattle,49,Basic,user157@example.com,user_81,,281.41,S003,21-01-2023 20:38
416,U0128,24-03-2023,West,Sports,771.52,Seattle,39,Basic,user165@example.com,user_152,Unknown,38.66,S003,22-02-2023 17:20
417,U0090,08-01-2023,West,Books,43.63,Los Angeles,18,Free,user264@example.com,user_219,Active,331.8,S024,13-02-2023 06:53
418,U0025,30-06-2023,West,Clothing,1813.36,Los Angeles,25,Premium,user273@example.com,user_153,Active,90.33,S027,12-10-2023 13:41
419,U0131,05-06-2023,North,Food,1383.09,San Francisco,17,,user239@example.com,user_107,Active,161.88,S022,26-09-2023 21:58
420,U0057,13-09-2023,West,Sports,1534.64,Portland,64,Premium,user184@example.com,user_21,Active,11.26,S005,27-08-2023 04:12
421,U0005,24-11-2023,West,Clothing,,San Francisco,28,Basic,user54@example.com,user_254,,193.62,S026,11-05-2023 18:41
422,U0145,10-07-2023,West,Clothing,723.92,Oakland,50,Premium,user143@example.com,user_161,Active,333.97,S001,04-10-2023 01:16
423,U0001,18-04-2023,North,Clothing,1612.09,Tucson,40,Free,user135@example.com,user_50,Active,96.94,S011,16-10-2023 00:23
424,U0043,16-08-2023,West,Food,1170.77,Los Angeles,20,Premium,user163@example.com,user_168,Pending,188.95,S009,08-10-2023 17:09
425,U0135,24-03-2023,West,Electronics,892.15,Seattle,48,Free,user277@example.com,user_96,Inactive,387.12,S013,25-06-2023 22:16
426,U0098,05-10-2023,West,Clothing,1981.1,Seattle,51,Basic,user155@example.com,user_161,Active,331.24,S016,20-08-2023 06:40
427,U0134,08-06-2023,South,Clothing,1612.56,Portland,54,Free,user11@example.com,user_158,Active,,S002,10-07-2023 11:35
428,U0030,11-12-2023,North,Electronics,384.53,Oakland,18,Premium,user116@example.com,user_104,Active,443.43,S029,27-06-2023 00:08
429,U0054,15-10-2023,West,Books,1693.02,San Francisco,37,Free,user213@example.com,user_274,Active,461.6,S024,25-07-2023 14:14
430,U0064,28-06-2023,East,Sports,515.45,Phoenix,54,Basic,user283@example.com,user_111,Inactive,209.65,S022,15-05-2023 16:18
431,U0106,12-11-2023,East,Electronics,1295.38,Los Angeles,57,Premium,user132@example.com,user_2,Inactive,291.88,S009,19-11-2023 09:12
432,U0008,23-01-2023,West,Clothing,574.28,Los Angeles,24,Basic,user113@example.com,user_62,Inactive,241.38,S005,06-08-2023 08:53
433,U0026,10-11-2023,North,Sports,1335.29,San Francisco,49,Basic,user82@example.com,user_162,Pending,81.14,S003,11-11-2023 01:22
434,U0049,24-12-2023,South,Clothing,1521.85,Seattle,62,Premium,user68@example.com,,Active,228,S017,08-08-2023 05:54
435,U0079,03-07-2023,West,Clothing,598.53,San Francisco,54,Basic,,user_299,Inactive,109.55,S004,11-01-2023 15:33
436,U0141,21-11-2023,West,Electronics,1065.18,San Francisco,56,,,user_168,Inactive,81.1,S017,26-10-2023 17:25
437,U0113,30-01-2023,East,Books,381.01,Seattle,57,,user59@example.com,user_71,Active,379.83,S021,06-07-2023 11:55
438,U0023,13-09-2023,East,Clothing,1560.34,Tucson,49,Premium,user116@example.com,user_70,Inactive,,S009,16-06-2023 06:24
439,U0009,25-06-2023,West,Clothing,301.89,Las Vegas,29,Basic,,user_94,Unknown,368.63,S004,03-10-2023 14:34
440,U0064,15-12-2023,North,Clothing,381.54,Seattle,68,Basic,user251@example.com,user_293,Unknown,207.21,S016,17-10-2023 14:06
441,U0001,13-01-2023,West,Books,1726.06,Los Angeles,25,Basic,user117@example.com,user_9,Active,80.67,S025,07-06-2023 01:46
442,U0029,08-11-2023,West,Sports,1145.67,Los Angeles,69,Basic,user217@example.com,user_124,Active,435.92,S017,27-02-2023 21:07
443,U0026,24-11-2023,East,Sports,923.05,Los Angeles,36,Basic,user172@example.com,user_25,Inactive,,S006,12-05-2023 06:05
444,U0034,10-12-2023,South,Food,118.86,Seattle,39,Premium,user62@example.com,user_74,Active,476.03,S011,19-06-2023 09:29
445,U0064,30-09-2023,East,Clothing,452.58,Seattle,28,Basic,user69@example.com,,Active,135.51,S004,16-04-2023 09:29
446,U0055,11-01-2023,West,Electronics,278.1,Los Angeles,27,Premium,user49@example.com,user_23,,423.31,S006,03-12-2023 01:32
447,U0109,14-01-2023,West,Sports,965.73,Seattle,41,Premium,user47@example.com,user_149,Active,62.2,S005,19-05-2023 22:38
448,U0029,14-02-2023,North,Food,1491.72,Los Angeles,20,Premium,user73@example.com,user_164,Inactive,172.73,S030,11-01-2023 02:09
449,U0111,16-12-2023,East,Books,878.15,Los Angeles,59,Basic,user124@example.com,user_100,Active,366.36,S021,03-08-2023 21:55
450,U0043,22-12-2023,West,Food,1884.86,Los Angeles,28,Basic,user176@example.com,user_258,Inactive,139.58,S023,21-09-2023 06:19
451,U0045,16-08-2023,West,Electronics,940.98,Seattle,58,Premium,user162@example.com,user_121,Inactive,430.12,S014,07-12-2023 03:02
452,U0038,29-03-2023,West,Food,219.25,Los Angeles,63,Basic,user231@example.com,user_88,Active,412.67,S024,05-03-2023 18:27
453,U0140,18-02-2023,West,Sports,188.75,San Francisco,20,Basic,user148@example.com,user_236,Inactive,189.62,S016,28-08-2023 19:01
454,U0064,31-07-2023,North,Clothing,829.81,Seattle,29,Premium,user84@example.com,user_19,Inactive,435.55,S012,15-01-2023 18:59
455,U0090,21-02-2023,West,Clothing,1181.13,Los Angeles,32,Basic,user145@example.com,user_108,Inactive,51.8,S003,12-02-2023 11:35
456,U0027,22-09-2023,South,Food,600.73,San Francisco,59,Premium,user40@example.com,user_216,,,S009,03-01-2023 08:16
457,U0112,10-04-2023,West,Clothing,1411.55,San Francisco,49,Premium,user170@example.com,user_82,Active,67.22,S020,28-06-2023 08:24
458,U0144,11-06-2023,South,Sports,1096.45,Seattle,62,Premium,user166@example.com,user_179,Active,321.42,S001,19-12-2023 08:23
459,U0090,17-06-2023,South,Clothing,1454.32,San Francisco,,Premium,user132@example.com,user_51,Pending,336.44,S012,17-12-2023 07:52
460,U0080,27-06-2023,North,Food,984.45,Los Angeles,53,Free,user283@example.com,user_113,,257.9,S011,08-09-2023 07:24
461,U0027,22-09-2023,South,Food,600.73,San Francisco,59,Premium,user40@example.com,user_216,,,S009,03-01-2023 08:16
462,U0130,24-05-2023,North,Food,399.76,San Francisco,41,Premium,user167@example.com,user_14,,88.19,S007,23-05-2023 08:31
463,U0005,24-11-2023,West,Clothing,,San Francisco,28,Basic,user54@example.com,user_254,,193.62,S026,11-05-2023 18:41
464,U0121,02-08-2023,West,Sports,1141.32,Seattle,46,Basic,user70@example.com,user_198,Active,,S011,14-01-2023 08:46
465,U0070,04-07-2023,West,Clothing,1309.19,Los Angeles,37,Basic,user221@example.com,user_88,Active,30.08,S008,14-04-2023 02:18
466,U0043,24-02-2023,North,Sports,215.48,San Francisco,70,Basic,user228@example.com,user_141,Active,406.03,S010,21-10-2023 04:12
467,U0074,04-05-2023,North,Sports,59.68,San Francisco,27,Basic,user283@example.com,user_176,Unknown,207.58,S022,28-11-2023 22:40
468,U0003,02-05-2023,South,Electronics,1456.49,Seattle,59,Free,user222@example.com,user_261,Active,430.21,S026,13-08-2023 20:54
469,U0085,23-10-2023,West,Sports,1952.6,San Francisco,45,Basic,user65@example.com,user_56,Active,229.02,S022,24-04-2023 00:36
470,U0073,28-07-2023,West,Clothing,1360.91,Seattle,33,Basic,user216@example.com,user_127,Active,419.39,S022,11-08-2023 19:05
471,U0137,03-05-2023,South,Sports,,Seattle,53,Basic,user70@example.com,user_25,Active,,S017,18-04-2023 09:10
472,U0085,25-02-2023,West,Clothing,712.47,Phoenix,37,Premium,user128@example.com,user_46,,163.79,S008,26-04-2023 09:25
473,U0038,09-10-2023,East,Books,1080.64,Los Angeles,45,Basic,user122@example.com,user_197,Active,98.54,S011,19-02-2023 20:18
474,U0082,25-07-2023,East,Sports,1573.72,Denver,26,Free,user117@example.com,user_297,Active,5.55,S014,10-02-2023 03:29
475,U0095,16-10-2023,West,Books,1862.64,San Francisco,42,Free,user23@example.com,,Active,68.19,S003,25-08-2023 01:25
476,U0137,09-09-2023,West,Food,508.39,Seattle,31,Free,user66@example.com,user_51,Active,8.19,S017,12-04-2023 08:50
477,U0058,05-03-2023,East,Electronics,89.43,Los Angeles,33,,user252@example.com,user_49,Unknown,357.11,S021,24-05-2023 03:59
478,U0026,24-11-2023,East,Sports,923.05,Los Angeles,36,Basic,user172@example.com,user_25,Inactive,,S006,12-05-2023 06:05
479,U0098,18-12-2023,West,Clothing,1598.72,San Francisco,41,Basic,user197@example.com,user_238,Active,5.43,S004,16-12-2023 20:03
480,U0029,20-09-2023,North,Food,1009.8,Seattle,32,Basic,user268@example.com,user_91,Active,471.26,S003,14-05-2023 14:29
481,U0056,23-10-2023,West,Electronics,1922.69,Seattle,53,Basic,user109@example.com,user_256,Pending,312.21,S004,15-04-2023 21:23
482,U0144,16-06-2023,East,Food,323.25,Los Angeles,62,Basic,user81@example.com,user_244,Active,396.76,S005,20-05-2023 23:05
483,U0015,02-11-2023,North,Sports,1117.78,Phoenix,23,Free,user114@example.com,user_2,,369.48,S021,13-09-2023 21:52
484,U0029,20-09-2023,North,Food,1009.8,Seattle,32,Basic,user268@example.com,user_91,Active,471.26,S003,14-05-2023 14:29
485,U0080,15-05-2023,East,Electronics,1623.13,Seattle,34,Premium,user263@example.com,user_196,Inactive,217.27,S014,08-07-2023 06:09
486,U0142,20-01-2023,North,Books,419.83,San Francisco,19,Free,user35@example.com,user_227,Active,194.46,S019,13-12-2023 11:31
487,U0079,24-09-2023,South,Clothing,1807.09,Los Angeles,62,Premium,user89@example.com,user_243,Active,204.12,S009,13-06-2023 15:46
488,U0040,10-10-2023,West,Clothing,1602.14,San Francisco,65,Basic,user137@example.com,user_247,Inactive,258.51,S013,28-10-2023 04:01
489,U0080,16-01-2023,South,Sports,746.7,Denver,43,,user222@example.com,user_253,Active,404.34,S030,09-08-2023 06:19
490,U0102,03-08-2023,East,Clothing,1202.18,Las Vegas,69,Premium,user45@example.com,user_169,Pending,468.16,S010,28-01-2023 22:27
491,U0147,22-10-2023,West,Food,1442.27,Los Angeles,30,Premium,user235@example.com,user_222,Unknown,156.49,S025,11-06-2023 21:46
492,U0114,07-10-2023,West,Clothing,1139.91,Los Angeles,16,Basic,user212@example.com,user_255,Active,43.18,S024,17-10-2023 03:41
493,U0052,30-03-2023,West,Sports,873.62,Seattle,18,Premium,user237@example.com,user_34,Inactive,458.7,S028,27-07-2023 14:06
494,U0090,11-04-2023,West,Books,116.45,Los Angeles,19,Premium,user273@example.com,user_187,Active,267.16,S015,25-08-2023 23:18
495,U0009,06-11-2023,West,Sports,184.72,Phoenix,28,Free,user37@example.com,user_198,Pending,491.93,S016,23-04-2023 21:37
496,U0068,22-01-2023,East,Clothing,1523.5,Los Angeles,52,Basic,user165@example.com,,Active,173.95,S003,19-02-2023 23:04
497,U0053,19-12-2023,South,Books,1676.78,Seattle,66,Free,,user_256,,427.71,S012,28-09-2023 20:32
498,U0005,24-11-2023,West,Clothing,,San Francisco,28,Basic,user54@example.com,user_254,,193.62,S026,11-05-2023 18:41
499,U0108,13-02-2023,West,Food,361.55,Los Angeles,66,Basic,user63@example.com,,Pending,430.1,S007,14-01-2023 00:43
500,U0103,02-06-2023,West,Electronics,285.68,San Francisco,22,Basic,user50@example.com,user_272,Active,180.29,S012,04-04-2023 16:22
501,U0105,21-08-2023,North,Books,487.17,Los Angeles,,Premium,user248@example.com,user_262,Active,368.93,S026,26-08-2023 21:09
502,U0027,22-09-2023,South,Food,600.73,San Francisco,59,Premium,user40@example.com,user_216,,,S009,03-01-2023 08:16
503,U0030,21-10-2023,South,Electronics,1897.67,Los Angeles,21,Free,user238@example.com,user_203,Active,400.34,S006,07-09-2023 16:52
504,U0142,07-05-2023,West,Electronics,1967.01,Los Angeles,18,Basic,user87@example.com,user_289,Active,130.55,S027,19-02-2023 13:09
505,U0105,16-03-2023,East,Sports,,Tucson,58,Basic,user189@example.com,user_22,,490.87,S011,04-05-2023 18:25
506,U0058,23-12-2023,East,Electronics,661.34,Denver,20,Free,user192@example.com,user_273,Pending,265.06,S020,15-04-2023 21:49
507,U0009,09-06-2023,West,Books,624.39,Los Angeles,55,Basic,user267@example.com,user_231,Inactive,282.03,S027,17-01-2023 04:44
508,U0077,20-09-2023,East,Sports,1934.62,Seattle,36,Basic,user236@example.com,user_244,Unknown,110.42,S012,08-12-2023 14:19
509,U0140,05-05-2023,West,Clothing,918.56,Phoenix,17,Free,user21@example.com,user_4,Active,227.83,S013,04-10-2023 10:45
510,U0085,19-09-2023,West,Sports,713.35,Seattle,53,Free,,user_235,Active,,S028,25-02-2023 07:19
511,U0067,28-02-2023,South,Food,797.71,Seattle,32,Basic,user142@example.com,user_13,Active,121.56,S010,23-11-2023 05:54
512,U0012,24-02-2023,North,Electronics,898.88,San Francisco,21,Premium,user221@example.com,user_220,Active,153.68,S016,05-05-2023 21:23
513,U0062,12-01-2023,North,Sports,1770.72,San Francisco,69,Basic,user6@example.com,user_201,,313.93,S019,10-05-2023 02:04
514,U0126,09-12-2023,West,Books,539.07,Seattle,68,Premium,user114@example.com,user_163,Active,270.69,S024,10-04-2023 21:46
515,U0112,15-12-2023,East,Electronics,1399.43,Seattle,62,,user231@example.com,user_250,Inactive,462.77,S014,07-05-2023 08:21
516,U0028,08-07-2023,West,Clothing,1508.42,Portland,57,Free,user189@example.com,user_269,Active,220.51,S006,10-12-2023 23:17
517,U0126,02-04-2023,North,Food,1096.88,Seattle,16,Basic,user211@example.com,user_45,Active,368.68,S011,11-06-2023 13:49
518,U0128,07-09-2023,North,Clothing,12.07,Los Angeles,64,Free,user164@example.com,user_222,Inactive,183.95,S006,09-08-2023 08:07
519,U0045,09-01-2023,North,Sports,921.24,Los Angeles,45,Basic,user279@example.com,user_192,Active,488.5,S025,26-08-2023 21:53
520,U0127,31-07-2023,East,Books,1144.07,San Francisco,42,Free,user20@example.com,user_18,Active,250.44,S012,21-07-2023 18:20
521,U0051,19-06-2023,East,Clothing,1333.17,Tucson,16,Basic,user85@example.com,user_1,Active,218.61,S015,10-10-2023 23:00
522,U0135,28-06-2023,West,Clothing,691.39,Los Angeles,64,Free,user293@example.com,user_176,Active,412.83,S019,01-08-2023 18:18
523,U0022,23-12-2023,West,Sports,263.75,Seattle,58,Basic,user221@example.com,user_147,Active,387.19,S010,23-03-2023 13:06
524,U0082,02-02-2023,East,Food,1095.12,Seattle,41,Basic,,user_61,,67.84,S007,26-11-2023 17:15
525,U0141,21-02-2023,East,Sports,123.15,Seattle,60,Basic,user250@example.com,user_29,Active,188.68,S013,10-10-2023 12:01
526,U0018,29-05-2023,East,Electronics,1020.09,Seattle,30,,,user_115,Active,275.03,S012,07-05-2023 03:41
527,U0142,20-04-2023,South,Clothing,1963.98,San Francisco,47,Premium,user218@example.com,user_202,Active,4.84,S001,01-12-2023 18:21
528,U0117,26-04-2023,North,Food,1847.85,Los Angeles,50,Premium,user171@example.com,user_48,Unknown,3.08,S018,23-02-2023 13:03
529,U0020,16-11-2023,East,Sports,1953.38,San Francisco,65,Basic,user255@example.com,user_124,,340.92,S008,24-02-2023 02:53
530,U0068,26-01-2023,West,Food,1923.73,Seattle,26,Basic,user136@example.com,user_148,Inactive,247.45,S025,28-01-2023 12:12
531,U0087,05-05-2023,West,Books,1165.53,Seattle,57,Basic,user254@example.com,,Active,46,S004,14-01-2023 22:59
532,U0023,29-08-2023,West,Electronics,20.2,San Francisco,61,Premium,user91@example.com,user_91,Active,,S016,27-11-2023 13:05
533,U0102,28-04-2023,East,Books,1600.8,Seattle,45,Basic,user299@example.com,user_163,Active,105.65,S016,27-04-2023 08:44
534,U0021,07-04-2023,North,Sports,602.21,Los Angeles,21,Premium,user32@example.com,user_122,Unknown,100.07,S020,01-07-2023 08:18
535,U0066,06-02-2023,East,Books,874.52,San Francisco,67,Premium,user33@example.com,user_113,Active,136.22,S010,20-10-2023 07:13
536,U0066,01-11-2023,North,Sports,,Las Vegas,45,Premium,user287@example.com,user_48,Active,,S029,17-11-2023 05:15
537,U0120,21-02-2023,West,Electronics,1336.03,Los Angeles,19,Basic,user117@example.com,user_99,Inactive,364.1,S028,26-12-2023 09:51
538,U0103,13-10-2023,North,Food,356.62,Los Angeles,24,Basic,user259@example.com,user_22,Active,315.92,S026,05-03-2023 04:32
539,U0013,27-06-2023,East,Electronics,964.5,Los Angeles,68,Basic,user112@example.com,user_89,,131.99,S027,24-10-2023 00:12
540,U0045,20-02-2023,South,Clothing,430.57,Los Angeles,46,Premium,user272@example.com,,Active,286.83,S013,22-05-2023 06:15
541,U0004,20-04-2023,North,Clothing,896.24,Seattle,63,Free,user123@example.com,user_32,Unknown,295.75,S014,13-04-2023 18:28
542,U0001,16-06-2023,West,Books,1421.78,Los Angeles,37,Free,,user_25,Pending,91.95,S018,03-10-2023 19:45
543,U0028,23-10-2023,North,Clothing,719.28,San Francisco,65,Premium,,user_83,,395.83,S014,08-10-2023 18:32
544,U0036,14-08-2023,West,Books,1037.2,San Francisco,33,Basic,user148@example.com,user_113,Active,239.37,S006,12-02-2023 10:21
545,U0137,12-09-2023,West,Food,1139.88,San Francisco,19,Premium,user116@example.com,user_43,Active,5.31,S027,22-03-2023 11:09
546,U0006,25-11-2023,East,Food,642.14,Seattle,49,Basic,user244@example.com,user_36,Unknown,241.64,S012,18-06-2023 06:29
547,U0129,27-01-2023,North,Sports,170.64,Los Angeles,,Premium,user26@example.com,user_249,Unknown,111.21,S012,05-04-2023 17:56
548,U0011,31-12-2023,East,Clothing,1277.81,Los Angeles,49,Free,user297@example.com,user_160,Pending,103.68,S026,09-08-2023 03:22
549,U0139,24-05-2023,West,Books,1678.04,Los Angeles,34,Basic,user46@example.com,user_298,Pending,102.53,S001,23-09-2023 22:39
550,U0079,03-07-2023,West,Clothing,598.53,San Francisco,54,Basic,,user_299,Inactive,109.55,S004,11-01-2023 15:33
551,U0057,14-03-2023,East,Clothing,1308.98,San Francisco,19,Basic,,user_171,Pending,369.43,S010,25-04-2023 14:52
552,U0022,29-03-2023,East,Food,,Los Angeles,18,Basic,,user_295,Active,155.1,S014,26-06-2023 20:57
553,U0090,07-10-2023,East,Sports,1294.94,Seattle,20,Basic,user96@example.com,user_261,Inactive,359.58,S029,20-05-2023 07:21
554,U0105,16-03-2023,East,Sports,,Tucson,58,Basic,user189@example.com,user_22,,490.87,S011,04-05-2023 18:25
555,U0011,03-09-2023,North,Clothing,,Los Angeles,48,Premium,user109@example.com,user_98,Pending,346.86,S018,23-08-2023 14:39
556,U0105,10-06-2023,North,Books,921.93,Los Angeles,23,Free,user124@example.com,user_164,Inactive,285.27,S019,10-04-2023 13:33
557,U0110,07-08-2023,West,Books,1156.13,Los Angeles,56,Basic,user1@example.com,user_203,Inactive,4.75,S005,18-02-2023 03:24
558,U0120,15-11-2023,East,Clothing,238.62,Seattle,61,Basic,user250@example.com,user_290,Active,,S018,11-03-2023 08:59
559,U0018,01-02-2023,West,Sports,146.25,Portland,23,Free,,user_138,Inactive,399.85,S023,07-09-2023 03:50
560,U0119,09-05-2023,West,Food,1610.55,Los Angeles,58,Free,user36@example.com,user_246,,137.31,S023,05-03-2023 23:25
561,U0069,19-07-2023,West,Food,1056.45,Seattle,43,Premium,user245@example.com,user_243,Active,174.63,S011,07-10-2023 22:37
562,U0069,19-07-2023,West,Food,1056.45,Seattle,43,Premium,user245@example.com,user_243,Active,174.63,S011,07-10-2023 22:37
563,U0005,28-05-2023,North,Books,1802.98,Portland,16,Basic,,user_93,Inactive,,S029,06-05-2023 18:48
564,U0093,02-06-2023,North,Books,1249.77,San Francisco,42,Free,,user_115,Pending,110.37,S021,09-08-2023 02:27
565,U0034,31-10-2023,East,Clothing,1506.35,Portland,53,Premium,,user_288,Active,358.57,S022,11-10-2023 03:30
566,U0023,13-12-2023,West,Food,516.26,Denver,55,Free,user210@example.com,user_281,Inactive,373.26,S001,10-08-2023 01:12
567,U0103,25-02-2023,West,Clothing,1233.24,Los Angeles,70,Premium,user66@example.com,user_1,Active,,S015,25-12-2023 22:39
568,U0124,28-06-2023,East,Books,690.03,Los Angeles,60,Basic,user132@example.com,user_89,Active,375.98,S017,09-08-2023 00:54
569,U0036,23-01-2023,South,Electronics,1133.24,San Francisco,28,Basic,user285@example.com,user_75,,181.98,S003,05-10-2023 11:13
570,U0133,05-05-2023,West,Electronics,1722.68,Los Angeles,18,Free,user48@example.com,user_16,Inactive,217.29,S004,13-09-2023 06:07
571,U0065,05-03-2023,South,Food,1516.37,Los Angeles,25,Premium,user264@example.com,user_195,,395.76,S022,19-04-2023 20:46
572,U0065,04-11-2023,East,Clothing,170.5,San Francisco,37,Premium,user106@example.com,user_17,Active,396.61,S024,24-02-2023 06:41
573,U0146,08-06-2023,West,Books,1859.57,Los Angeles,43,Basic,user223@example.com,user_195,,435.16,S025,03-12-2023 11:36
574,U0122,01-12-2023,East,Sports,308.22,Seattle,70,Premium,user233@example.com,user_35,Inactive,196.67,S009,16-10-2023 17:40
575,U0028,18-02-2023,East,Clothing,627.23,San Francisco,29,Free,user36@example.com,user_278,Active,386.84,S004,12-10-2023 04:34
576,U0040,17-07-2023,West,Food,386.21,Phoenix,58,Free,,user_274,Active,64.32,S006,17-08-2023 08:43
577,U0029,17-04-2023,West,Books,1509.18,Los Angeles,31,Basic,user31@example.com,user_254,Active,343.25,S015,06-12-2023 01:43
578,U0129,27-01-2023,North,Sports,170.64,Los Angeles,,Premium,user26@example.com,user_249,Unknown,111.21,S012,05-04-2023 17:56
579,U0121,20-12-2023,East,Electronics,993.06,Los Angeles,20,Free,user195@example.com,user_98,Active,177.51,S010,25-09-2023 00:01
580,U0114,25-09-2023,West,Food,769.93,Oakland,31,Basic,user55@example.com,user_204,,,S030,15-05-2023 23:31
581,U0012,23-09-2023,South,Electronics,1646.35,Las Vegas,65,Free,user91@example.com,user_162,Inactive,301.39,S004,27-01-2023 08:53
582,U0123,15-01-2023,West,Books,263.86,Seattle,42,Free,user113@example.com,user_282,Active,404.78,S006,19-07-2023 06:35
583,U0150,21-12-2023,East,Books,419.06,Seattle,46,Basic,user281@example.com,user_57,,269.79,S021,11-01-2023 10:57
584,U0051,23-04-2023,North,Food,1519.97,Seattle,49,Basic,user156@example.com,user_27,Inactive,78.89,S013,24-09-2023 02:02
585,U0054,08-12-2023,West,Food,1513.48,Seattle,33,,user214@example.com,user_187,Active,376.63,S007,26-02-2023 10:27
586,U0145,20-09-2023,West,Clothing,79.45,Denver,38,Basic,user133@example.com,user_137,,58.73,S024,03-06-2023 02:16
587,U0032,08-10-2023,East,Sports,1982.08,Los Angeles,19,,user20@example.com,user_106,Active,92.77,S009,12-08-2023 11:22
588,U0099,18-07-2023,West,Food,1523.02,Seattle,24,Free,user247@example.com,user_223,Inactive,219.34,S006,12-09-2023 11:30
589,U0050,19-02-2023,North,Electronics,931.66,Los Angeles,18,Free,user130@example.com,user_178,Pending,332.98,S002,08-06-2023 06:57
590,U0075,22-05-2023,East,Clothing,1774.14,San Francisco,49,Basic,user223@example.com,user_48,Pending,448.23,S008,21-08-2023 02:31
591,U0138,07-07-2023,North,Sports,1781.27,Seattle,51,Premium,user244@example.com,user_171,Active,209.07,S015,11-09-2023 21:54
592,U0100,16-04-2023,North,Electronics,1087.5,Phoenix,19,Free,user187@example.com,user_114,Inactive,79.82,S002,09-02-2023 18:53
593,U0123,16-01-2023,North,Electronics,840.27,San Francisco,20,,user230@example.com,user_258,Inactive,147.01,S009,06-02-2023 12:05
594,U0082,26-09-2023,West,Electronics,1153.59,San Francisco,49,Premium,user254@example.com,user_60,Inactive,277.32,S019,20-03-2023 15:06
595,U0064,09-07-2023,East,Clothing,920.54,Oakland,43,Free,user159@example.com,user_138,Active,132.47,S002,13-11-2023 19:12
596,U0076,18-12-2023,North,Clothing,1578.74,San Francisco,32,Free,user114@example.com,user_252,Inactive,83.74,S025,18-09-2023 09:43
597,U0106,14-03-2023,West,Clothing,1165.14,San Francisco,60,Basic,,user_44,,9.23,S030,16-02-2023 10:24
598,U0112,24-07-2023,West,Food,1485.07,Seattle,22,Basic,user255@example.com,user_164,Active,54.4,S013,06-02-2023 01:52
599,U0150,21-12-2023,East,Books,419.06,Seattle,46,Basic,user281@example.com,user_57,,269.79,S021,11-01-2023 10:57
600,U0006,25-11-2023,East,Food,642.14,Seattle,49,Basic,user244@example.com,user_36,Unknown,241.64,S012,18-06-2023 06:29
