order_id,customer_id,order_date,status,region_code
1,135,2023-11-25 01:44:32,DELIVERED,CENTRAL
2,517,2023-09-20 12:12:28,PLACED,NORTH
3,385,2025-09-21 16:54:01,SHIPPED,CENTRAL
4,50,2025-07-11 15:05:38,RETURNED,NORTH
5,21,2023-03-16 22:19:59,DELIVERED,WEST
6,455,2024-08-13 16:53:16,PLACED,EAST
7,486,2025-12-26 07:32:37,SHIPPED,NORTH
8,309,2024-10-15 19:13:30,DELIVERED,CENTRAL
9,277,2025-08-25 00:00:00,DELIVERED,SOUTH
10,429,2023-06-12 00:00:00,DELIVERED,CENTRAL
11,121,2024-03-15 04:04:20,PLACED,NORTH
12,510,2023-11-05 14:05:03,DELIVERED,EAST
13,536,2023-11-10 06:55:17,DELIVERED,WEST
14,303,2023-09-07 03:09:40,PLACED,WEST
15,213,2025-12-05 02:06:05,RETURNED,EAST
16,,2023-12-31 06:59:24,PLACED,NORTH
17,114,2025-06-10 21:57:59,DELIVERED,SOUTH
18,93,2025-03-05 21:45:29,PLACED,NORTH
19,263,2025-09-27 22:37:00,SHIPPED,EAST
20,271,2024-12-22 05:30:52,PLACED,SOUTH
21,41,2024-03-27 09:07:46,DELIVERED,EAST
22,437,2023-06-30 01:06:16,PLACED,NORTH
23,10,2023-08-03 23:43:07,DELIVERED,SOUTH
24,337,2024-07-09 09:35:15,CANCELLED,CENTRAL
25,275,2023-05-25 09:28:34,DELIVERED,EAST
26,188,2023-06-26 19:57:52,DELIVERED,WEST
27,279,2024-08-22 04:30:56,DELIVERED,WEST
28,432,2025-10-04 22:45:00,CANCELLED,SOUTH
29,116,2023-07-25 00:00:00,DELIVERED,NORTH
30,164,2023-06-11 02:42:17,DELIVERED,CENTRAL
31,495,2025-06-02 19:44:54,DELIVERED,SOUTH
32,389,2024-07-11 01:32:11,DELIVERED,SOUTH
33,495,2025-01-28 06:32:10,PLACED,WEST
34,452,2023-03-13 09:58:21,PLACED,EAST
35,13,2025-12-30 12:12:19,CANCELLED,CENTRAL
36,591,2025-05-27 17:10:57,SHIPPED,EAST
37,532,2025-03-23 00:00:00,DELIVERED,CENTRAL
38,98,2024-11-03 09:44:22,DELIVERED,SOUTH
39,494,2024-06-21 02:28:30,DELIVERED,WEST
40,153,2025-05-17 00:00:00,CANCELLED,CENTRAL
41,56,2023-01-19 02:09:07,DELIVERED,SOUTH
42,518,2024-12-30 00:21:34,CANCELLED,SOUTH
43,77,2025-02-02 17:57:52,SHIPPED,EAST
44,285,2023-03-20 05:12:38,DELIVERED,CENTRAL
45,388,2024-09-18 11:15:21,CANCELLED,NORTH
46,471,2024-11-21 00:33:41,CANCELLED,WEST
47,91,2025-02-13 07:47:31,DELIVERED,NORTH
48,510,2025-10-11 23:30:40,PLACED,WEST
49,423,2023-02-25 15:54:40,DELIVERED,NORTH
50,94,2025-07-27 14:19:50,RETURNED,EAST
51,521,2025-05-23 13:16:40,SHIPPED,WEST
52,350,2024-07-18 10:23:21,CANCELLED,SOUTH
53,,2024-12-06 23:29:46,SHIPPED,CENTRAL
54,485,2025-10-17 20:58:09,DELIVERED,WEST
55,117,2023-06-01 08:42:55,DELIVERED,SOUTH
56,3,2024-06-14 06:42:56,DELIVERED,EAST
57,561,2025-03-21 21:00:52,DELIVERED,NORTH
58,47,2023-09-13 00:09:20,DELIVERED,WEST
59,110,2024-01-31 00:35:33,DELIVERED,SOUTH
60,124,2024-09-02 08:14:34,SHIPPED,SOUTH
61,347,2023-06-17 09:47:53,DELIVERED,NORTH
62,127,2024-11-30 20:01:43,DELIVERED,CENTRAL
63,517,2023-07-29 03:35:39,RETURNED,NORTH
64,544,2023-03-17 10:52:50,DELIVERED,WEST
65,600,2025-01-20 05:00:30,RETURNED,SOUTH
66,593,2023-09-27 18:09:04,DELIVERED,SOUTH
67,107,2024-08-24 19:31:36,DELIVERED,CENTRAL
68,330,2025-02-22 02:35:14,CANCELLED,WEST
69,255,2024-03-01 00:23:37,DELIVERED,EAST
70,302,2024-12-04 11:18:41,CANCELLED,SOUTH
71,423,2025-07-24 23:44:22,DELIVERED,CENTRAL
72,307,2025-12-25 17:36:12,DELIVERED,EAST
73,,2025-05-09 23:00:59,DELIVERED,SOUTH
74,215,2025-08-27 14:39:15,DELIVERED,EAST
75,136,2025-10-06 20:58:37,RETURNED,SOUTH
76,516,2025-04-22 17:32:53,DELIVERED,EAST
77,119,2024-07-01 04:22:37,DELIVERED,CENTRAL
78,585,2025-11-02 00:00:00,DELIVERED,CENTRAL
79,293,2024-10-18 03:42:18,CANCELLED,CENTRAL
80,110,2023-02-09 06:12:49,DELIVERED,NORTH
81,58,2023-11-07 12:54:08,SHIPPED,SOUTH
82,294,2025-11-27 14:38:17,SHIPPED,NORTH
83,303,2023-11-13 21:42:17,DELIVERED,NORTH
84,368,2024-12-04 01:56:46,PLACED,CENTRAL
85,230,2025-10-02 06:21:41,DELIVERED,SOUTH
86,524,2025-12-17 09:33:05,SHIPPED,NORTH
87,391,2024-08-25 01:05:04,DELIVERED,EAST
88,566,2023-03-25 13:53:28,PLACED,EAST
89,208,2025-08-22 00:13:00,CANCELLED,WEST
90,231,2025-09-11 13:20:51,DELIVERED,EAST
91,560,2025-07-26 07:53:49,SHIPPED,SOUTH
92,302,2024-11-28 05:01:59,SHIPPED,NORTH
93,192,2023-09-27 23:33:07,DELIVERED,NORTH
94,387,2023-03-05 00:00:00,DELIVERED,CENTRAL
95,271,2023-07-22 01:13:54,SHIPPED,EAST
96,6,2024-05-28 12:16:26,DELIVERED,SOUTH
97,41,2023-08-27 18:28:38,RETURNED,CENTRAL
98,53,2025-08-29 11:21:32,DELIVERED,EAST
99,503,2025-06-08 14:56:44,DELIVERED,NORTH
100,326,2025-03-27 04:08:52,SHIPPED,SOUTH
101,534,2023-04-16 21:48:10,DELIVERED,SOUTH
102,426,2025-04-23 15:29:44,DELIVERED,NORTH
103,358,2023-12-10 14:51:43,CANCELLED,EAST
104,340,2024-07-14 11:31:04,SHIPPED,CENTRAL
105,544,2025-01-07 15:57:32,RETURNED,NORTH
106,118,2025-11-05 03:50:01,SHIPPED,SOUTH
107,250,2023-03-03 22:43:53,DELIVERED,EAST
108,391,2023-06-26 02:53:24,DELIVERED,CENTRAL
109,290,2023-02-08 09:05:46,RETURNED,EAST
110,527,2025-03-01 00:00:00,DELIVERED,NORTH
111,304,2025-10-09 00:00:00,SHIPPED,CENTRAL
112,85,2023-05-30 01:30:54,SHIPPED,CENTRAL
113,547,2023-01-12 09:18:14,DELIVERED,SOUTH
114,219,2025-11-30 17:45:26,DELIVERED,NORTH
115,211,2025-04-15 08:55:48,CANCELLED,WEST
116,74,2025-12-01 17:33:25,SHIPPED,WEST
117,,2024-05-30 07:14:44,PLACED,NORTH
118,56,2023-10-04 12:01:43,DELIVERED,CENTRAL
119,73,2025-06-12 00:00:00,CANCELLED,EAST
120,418,2024-08-25 18:54:14,DELIVERED,WEST
121,444,2024-05-06 12:24:19,PLACED,NORTH
122,548,2023-01-10 03:55:40,DELIVERED,CENTRAL
123,65,2025-06-28 17:02:57,PLACED,NORTH
124,367,2025-02-20 03:07:13,PLACED,EAST
125,89,2024-03-13 07:43:51,DELIVERED,WEST
126,391,2024-09-05 18:53:23,CANCELLED,NORTH
127,486,2023-08-31 20:09:41,DELIVERED,SOUTH
128,401,2025-04-27 18:04:58,SHIPPED,SOUTH
129,306,2025-11-18 03:09:56,CANCELLED,EAST
130,12,2025-05-09 20:52:38,CANCELLED,SOUTH
131,,2023-07-11 10:32:23,PLACED,CENTRAL
132,404,2025-04-14 10:28:47,DELIVERED,NORTH
133,313,2023-11-23 07:20:21,DELIVERED,EAST
134,217,2024-10-03 00:00:00,RETURNED,CENTRAL
135,146,2023-09-08 00:48:48,SHIPPED,CENTRAL
136,259,2023-10-29 21:00:23,PLACED,CENTRAL
137,56,2025-05-02 14:39:09,DELIVERED,CENTRAL
138,75,2024-03-27 12:19:00,DELIVERED,EAST
139,101,2023-11-03 16:15:40,DELIVERED,WEST
140,339,2024-07-08 19:04:59,PLACED,SOUTH
141,103,2024-03-18 22:40:59,DELIVERED,SOUTH
142,326,2025-01-24 18:13:10,DELIVERED,CENTRAL
143,314,2025-12-13 05:59:34,DELIVERED,CENTRAL
144,581,2024-07-20 05:18:00,CANCELLED,WEST
145,173,2023-01-08 12:08:44,SHIPPED,SOUTH
146,447,2024-03-05 00:00:00,CANCELLED,SOUTH
147,340,2025-01-15 13:58:51,DELIVERED,EAST
148,313,2025-01-26 11:36:32,DELIVERED,SOUTH
149,84,2024-03-11 22:07:13,CANCELLED,SOUTH
150,552,2023-11-02 03:30:47,SHIPPED,NORTH
151,78,2023-01-29 22:35:15,CANCELLED,NORTH
152,596,2025-06-18 06:59:08,DELIVERED,CENTRAL
153,218,2023-02-26 22:38:46,DELIVERED,CENTRAL
154,553,2025-01-03 09:18:39,DELIVERED,SOUTH
155,375,2024-09-01 17:23:56,SHIPPED,CENTRAL
156,298,2023-07-27 23:27:18,DELIVERED,CENTRAL
157,93,2024-09-08 09:13:22,DELIVERED,NORTH
158,245,2025-08-11 20:55:13,DELIVERED,CENTRAL
159,144,2024-11-24 04:18:14,SHIPPED,CENTRAL
160,580,2025-10-21 08:42:35,CANCELLED,SOUTH
161,496,2024-07-11 08:52:02,PLACED,WEST
162,238,2023-04-08 15:38:02,SHIPPED,SOUTH
163,44,2025-11-04 14:40:40,SHIPPED,EAST
164,398,2024-12-30 14:43:27,RETURNED,NORTH
165,41,2025-10-04 10:45:18,SHIPPED,CENTRAL
166,281,2024-02-14 00:00:00,DELIVERED,CENTRAL
167,179,2024-08-08 02:53:11,DELIVERED,EAST
168,80,2025-03-13 14:35:20,SHIPPED,SOUTH
169,529,2024-09-22 10:53:38,DELIVERED,EAST
170,499,2025-01-18 22:22:00,CANCELLED,NORTH
171,514,2023-08-04 21:06:50,DELIVERED,SOUTH
172,79,2025-03-10 07:29:20,DELIVERED,SOUTH
173,154,2023-10-18 08:20:55,SHIPPED,CENTRAL
174,122,2025-10-23 23:57:14,SHIPPED,EAST
175,117,2025-01-18 00:14:30,DELIVERED,WEST
176,216,2025-07-06 18:16:52,SHIPPED,WEST
177,23,2024-01-14 12:41:15,PLACED,CENTRAL
178,165,2023-07-29 06:52:35,DELIVERED,NORTH
179,587,2023-08-17 03:31:40,PLACED,EAST
180,185,2025-03-13 13:45:39,RETURNED,CENTRAL
181,578,2025-09-17 00:00:00,PLACED,EAST
182,88,2023-12-03 11:11:16,DELIVERED,WEST
183,494,2023-09-22 00:00:00,SHIPPED,WEST
184,147,2025-06-24 02:37:20,CANCELLED,SOUTH
185,524,2024-02-15 22:02:47,SHIPPED,EAST
186,465,2025-07-15 16:22:32,DELIVERED,SOUTH
187,388,2024-08-21 19:03:38,PLACED,NORTH
188,208,2025-03-23 00:05:28,CANCELLED,CENTRAL
189,430,2023-08-21 08:02:43,DELIVERED,SOUTH
190,488,2025-08-12 23:28:22,DELIVERED,CENTRAL
191,516,2023-07-02 13:19:45,PLACED,SOUTH
192,553,2023-01-02 20:44:48,CANCELLED,WEST
193,535,2024-10-15 12:14:13,DELIVERED,NORTH
194,543,2024-10-28 08:38:55,SHIPPED,WEST
195,391,2024-06-28 12:15:04,DELIVERED,CENTRAL
196,101,2024-10-22 23:23:40,PLACED,WEST
197,239,2023-05-11 04:56:45,SHIPPED,CENTRAL
198,419,2024-02-05 11:39:58,SHIPPED,NORTH
199,592,2025-03-22 17:43:36,PLACED,NORTH
200,385,2025-10-13 00:00:00,SHIPPED,EAST
201,419,2024-07-16 18:23:48,PLACED,WEST
202,600,2024-01-30 00:06:48,SHIPPED,CENTRAL
203,434,2025-05-27 04:25:56,DELIVERED,EAST
204,407,2023-11-13 10:15:00,DELIVERED,CENTRAL
205,495,2023-10-05 15:08:58,DELIVERED,CENTRAL
206,496,2024-01-30 05:30:58,RETURNED,CENTRAL
207,353,2025-12-31 22:44:43,DELIVERED,SOUTH
208,122,2023-12-23 22:29:42,DELIVERED,SOUTH
209,103,2023-11-30 03:34:44,DELIVERED,EAST
210,,2025-05-05 06:58:08,DELIVERED,NORTH
211,165,2024-08-27 00:00:00,RETURNED,NORTH
212,94,2023-08-14 18:14:12,DELIVERED,CENTRAL
213,446,2023-05-17 22:07:23,PLACED,SOUTH
214,380,2023-05-05 08:05:51,DELIVERED,WEST
215,411,2025-08-11 18:17:46,DELIVERED,EAST
216,59,2023-09-30 06:34:52,DELIVERED,WEST
217,11,2023-11-10 08:11:27,CANCELLED,CENTRAL
218,293,2023-10-30 12:40:32,PLACED,CENTRAL
219,523,2025-03-12 06:55:33,DELIVERED,CENTRAL
220,174,2025-11-13 01:27:01,PLACED,SOUTH
221,1,2023-09-02 13:57:58,PLACED,EAST
222,,2024-09-12 11:58:02,DELIVERED,WEST
223,416,2025-06-29 10:39:08,SHIPPED,NORTH
224,71,2023-05-21 01:37:36,DELIVERED,CENTRAL
225,597,2024-06-24 17:55:53,SHIPPED,EAST
226,232,2025-07-30 22:51:58,RETURNED,WEST
227,414,2025-06-12 02:04:34,PLACED,SOUTH
228,417,2025-02-25 09:55:27,PLACED,NORTH
229,516,2024-04-02 02:30:11,SHIPPED,NORTH
230,526,2024-02-05 07:30:20,CANCELLED,CENTRAL
231,257,2025-12-14 09:20:54,DELIVERED,WEST
232,577,2025-01-21 07:01:45,DELIVERED,EAST
233,470,2025-11-24 19:41:28,DELIVERED,CENTRAL
234,29,2025-01-18 17:09:00,PLACED,NORTH
235,392,2025-09-11 08:37:26,DELIVERED,SOUTH
236,236,2024-05-05 11:17:36,DELIVERED,EAST
237,529,2025-04-12 02:33:02,PLACED,EAST
238,255,2024-03-22 06:55:55,PLACED,EAST
239,78,2025-05-11 11:10:42,RETURNED,WEST
240,322,2024-07-03 04:50:57,SHIPPED,CENTRAL
241,276,2023-10-11 22:41:53,RETURNED,SOUTH
242,511,2023-11-07 00:00:00,SHIPPED,SOUTH
243,272,2023-11-18 05:15:58,SHIPPED,SOUTH
244,365,2023-08-31 07:56:10,DELIVERED,NORTH
245,81,2025-11-15 20:06:07,RETURNED,WEST
246,7,2025-04-21 00:00:00,RETURNED,WEST
247,381,2025-08-22 04:09:38,SHIPPED,CENTRAL
248,282,2025-02-01 10:32:59,SHIPPED,CENTRAL
249,287,2024-09-10 02:01:22,SHIPPED,CENTRAL
250,132,2023-03-26 02:47:24,DELIVERED,WEST
251,490,2025-04-20 01:17:25,PLACED,EAST
252,404,2025-12-02 04:33:33,DELIVERED,WEST
253,124,2025-12-20 16:26:39,DELIVERED,EAST
254,9,2023-01-19 08:40:50,DELIVERED,WEST
255,595,2023-06-06 12:09:04,SHIPPED,CENTRAL
256,266,2023-10-18 17:32:55,DELIVERED,SOUTH
257,276,2025-01-02 05:01:43,RETURNED,EAST
258,375,2023-10-13 16:47:55,DELIVERED,SOUTH
259,430,2025-12-24 12:27:36,DELIVERED,EAST
260,411,2024-03-10 09:20:40,DELIVERED,CENTRAL
261,135,2025-06-13 14:50:13,DELIVERED,NORTH
262,277,2024-01-02 07:27:14,DELIVERED,WEST
263,201,2023-08-15 00:00:00,CANCELLED,SOUTH
264,485,2023-01-16 03:13:08,SHIPPED,WEST
265,138,2025-09-06 00:00:00,DELIVERED,EAST
266,499,2024-04-11 00:00:00,SHIPPED,CENTRAL
267,49,2024-09-10 21:29:58,PLACED,SOUTH
268,62,2023-12-01 17:12:14,CANCELLED,WEST
269,99,2024-11-29 19:48:11,DELIVERED,EAST
270,370,2024-07-13 17:12:10,DELIVERED,EAST
271,353,2023-01-31 19:30:53,DELIVERED,EAST
272,204,2025-06-15 02:40:00,DELIVERED,CENTRAL
273,179,2024-03-18 02:58:57,DELIVERED,CENTRAL
274,500,2024-11-25 06:45:44,CANCELLED,WEST
275,294,2024-12-21 00:00:00,DELIVERED,SOUTH
276,172,2025-09-22 02:34:39,CANCELLED,EAST
277,432,2025-09-07 15:34:42,DELIVERED,WEST
278,74,2023-05-03 21:30:23,SHIPPED,SOUTH
279,322,2024-05-07 06:04:37,DELIVERED,EAST
280,405,2024-02-26 08:51:43,CANCELLED,EAST
281,534,2024-11-30 11:58:40,DELIVERED,SOUTH
282,24,2023-07-14 00:00:00,DELIVERED,EAST
283,82,2023-11-24 02:40:27,SHIPPED,NORTH
284,98,2023-04-10 02:21:10,RETURNED,WEST
285,562,2023-03-25 14:45:28,PLACED,WEST
286,537,2023-05-10 07:49:47,PLACED,CENTRAL
287,,2023-08-30 05:02:52,PLACED,WEST
288,317,2023-12-23 07:00:35,SHIPPED,EAST
289,454,2025-08-31 04:53:34,PLACED,CENTRAL
290,175,2023-02-14 09:12:54,PLACED,EAST
291,334,2025-01-09 16:20:07,DELIVERED,CENTRAL
292,279,2025-05-02 03:15:00,DELIVERED,CENTRAL
293,182,2025-07-06 19:46:24,DELIVERED,CENTRAL
294,446,2025-03-24 00:00:00,DELIVERED,CENTRAL
295,318,2024-06-23 07:22:20,DELIVERED,SOUTH
296,92,2024-11-17 09:44:46,SHIPPED,WEST
297,267,2023-08-30 21:34:14,SHIPPED,NORTH
298,536,2023-07-31 17:38:57,SHIPPED,WEST
299,548,2023-01-13 22:05:03,DELIVERED,WEST
300,489,2024-04-10 10:17:23,PLACED,WEST
301,300,2025-07-16 09:54:47,SHIPPED,NORTH
302,562,2024-08-03 10:27:12,SHIPPED,CENTRAL
303,448,2024-09-05 05:25:27,SHIPPED,WEST
304,388,2023-12-09 16:16:54,SHIPPED,WEST
305,246,2025-03-13 12:37:08,DELIVERED,CENTRAL
306,279,2024-03-18 05:31:20,DELIVERED,CENTRAL
307,276,2024-10-03 10:10:20,SHIPPED,NORTH
308,,2023-10-11 08:37:57,PLACED,NORTH
309,467,2025-08-17 00:00:00,DELIVERED,CENTRAL
310,504,2023-10-19 17:17:52,SHIPPED,SOUTH
311,51,2025-04-11 01:09:19,PLACED,NORTH
312,289,2024-02-23 04:19:19,PLACED,WEST
313,9,2023-12-28 15:48:16,PLACED,NORTH
314,506,2023-12-04 09:21:31,SHIPPED,EAST
315,511,2024-07-30 22:41:12,DELIVERED,NORTH
316,339,2023-05-05 14:56:01,CANCELLED,SOUTH
317,58,2024-02-18 23:58:24,DELIVERED,NORTH
318,557,2024-12-31 08:20:32,SHIPPED,EAST
319,391,2023-01-20 14:20:22,PLACED,SOUTH
320,395,2024-11-19 02:46:51,SHIPPED,NORTH
321,204,2024-12-16 21:09:37,DELIVERED,NORTH
322,534,2025-10-31 14:34:24,RETURNED,WEST
323,399,2025-11-24 14:00:39,RETURNED,EAST
324,163,2025-09-04 08:56:36,DELIVERED,CENTRAL
325,534,2023-07-09 00:00:00,SHIPPED,EAST
326,204,2024-07-13 21:40:46,CANCELLED,SOUTH
327,116,2024-01-02 13:26:38,DELIVERED,EAST
328,16,2023-09-17 23:38:46,DELIVERED,CENTRAL
329,123,2024-09-06 20:48:10,DELIVERED,NORTH
330,44,2025-06-21 16:07:17,DELIVERED,WEST
331,159,2024-07-30 22:44:44,DELIVERED,SOUTH
332,162,2025-02-15 14:20:20,PLACED,CENTRAL
333,347,2025-08-29 02:37:21,PLACED,EAST
334,158,2025-12-25 11:24:29,DELIVERED,NORTH
335,129,2025-01-27 20:06:03,SHIPPED,CENTRAL
336,356,2024-11-12 12:37:33,DELIVERED,NORTH
337,387,2024-07-10 09:27:07,DELIVERED,EAST
338,41,2025-01-23 00:00:00,DELIVERED,CENTRAL
339,302,2025-04-23 02:35:34,DELIVERED,SOUTH
340,581,2023-10-17 21:56:55,DELIVERED,EAST
341,480,2024-03-03 16:50:23,CANCELLED,CENTRAL
342,568,2023-09-07 02:02:08,PLACED,SOUTH
343,461,2024-04-04 00:00:00,CANCELLED,CENTRAL
344,376,2024-12-06 09:17:29,PLACED,CENTRAL
345,389,2023-10-16 05:13:10,CANCELLED,CENTRAL
346,373,2025-08-21 00:00:00,SHIPPED,NORTH
347,552,2024-08-24 22:42:20,SHIPPED,WEST
348,565,2023-08-28 10:26:21,DELIVERED,EAST
349,,2024-09-28 14:37:12,DELIVERED,NORTH
350,99,2025-03-23 18:19:47,DELIVERED,NORTH
351,133,2023-10-05 12:08:13,CANCELLED,SOUTH
352,110,2025-01-23 23:54:57,SHIPPED,NORTH
353,585,2025-09-23 22:14:10,CANCELLED,WEST
354,539,2025-08-27 07:18:20,DELIVERED,EAST
355,51,2024-07-23 02:40:04,SHIPPED,NORTH
356,14,2023-11-21 06:19:12,DELIVERED,NORTH
357,480,2025-09-19 12:32:30,PLACED,CENTRAL
358,426,2024-07-27 07:52:35,DELIVERED,NORTH
359,273,2025-04-01 19:19:34,PLACED,NORTH
360,312,2023-05-02 01:38:28,RETURNED,CENTRAL
361,100,2023-06-07 05:56:45,DELIVERED,CENTRAL
362,395,2023-10-22 07:35:46,SHIPPED,SOUTH
363,584,2025-08-29 00:00:00,RETURNED,CENTRAL
364,572,2024-10-06 23:12:13,DELIVERED,CENTRAL
365,367,2025-11-13 18:54:19,DELIVERED,WEST
366,107,2023-09-17 03:06:07,DELIVERED,CENTRAL
367,412,2025-02-23 00:18:38,SHIPPED,SOUTH
368,547,2025-07-20 22:28:46,DELIVERED,EAST
369,323,2025-05-04 12:31:07,RETURNED,EAST
370,381,2024-10-02 00:00:00,DELIVERED,WEST
371,,2024-05-17 11:07:27,DELIVERED,CENTRAL
372,559,2023-11-29 07:49:08,DELIVERED,CENTRAL
373,261,2024-07-13 06:05:28,RETURNED,WEST
374,407,2023-01-01 07:17:36,DELIVERED,EAST
375,17,2025-03-15 00:00:00,PLACED,EAST
376,7,2024-04-11 13:15:41,RETURNED,SOUTH
377,323,2023-02-03 17:05:08,DELIVERED,EAST
378,567,2025-03-05 05:34:57,DELIVERED,CENTRAL
379,159,2023-05-27 11:16:44,PLACED,EAST
380,160,2023-08-04 00:13:53,SHIPPED,CENTRAL
381,256,2023-12-28 22:39:05,SHIPPED,EAST
382,95,2025-06-05 05:18:10,DELIVERED,SOUTH
383,80,2024-05-19 09:23:49,DELIVERED,SOUTH
384,500,2025-12-07 05:58:07,DELIVERED,NORTH
385,308,2023-02-28 01:18:50,DELIVERED,CENTRAL
386,,2024-08-15 00:00:00,PLACED,NORTH
387,343,2024-06-24 11:46:41,CANCELLED,WEST
388,427,2023-07-07 06:04:35,CANCELLED,SOUTH
389,,2025-10-11 01:22:18,CANCELLED,NORTH
390,392,2023-03-26 02:02:10,SHIPPED,NORTH
391,327,2025-04-18 00:00:00,DELIVERED,EAST
392,515,2025-12-19 22:42:03,SHIPPED,NORTH
393,403,2024-11-23 05:46:38,DELIVERED,CENTRAL
394,517,2023-05-20 22:32:09,SHIPPED,EAST
395,404,2023-08-18 22:18:08,PLACED,NORTH
396,488,2025-06-06 16:50:57,DELIVERED,CENTRAL
397,409,2024-02-12 20:52:15,PLACED,CENTRAL
398,445,2025-12-20 02:29:55,PLACED,SOUTH
399,493,2025-05-18 00:00:00,SHIPPED,WEST
400,586,2023-11-01 15:06:42,DELIVERED,CENTRAL
401,253,2024-01-12 10:09:41,PLACED,WEST
402,332,2025-11-29 16:52:54,RETURNED,NORTH
403,116,2025-11-09 12:33:50,DELIVERED,EAST
404,357,2023-10-23 21:58:20,SHIPPED,CENTRAL
405,25,2024-04-18 12:28:13,SHIPPED,EAST
406,453,2025-08-26 01:54:53,PLACED,NORTH
407,240,2023-11-07 04:48:15,DELIVERED,SOUTH
408,88,2023-06-24 13:31:19,DELIVERED,SOUTH
409,152,2024-03-22 00:00:00,PLACED,NORTH
410,313,2024-11-30 03:30:41,DELIVERED,EAST
411,215,2025-04-15 00:00:00,SHIPPED,CENTRAL
412,536,2024-02-06 19:28:09,DELIVERED,CENTRAL
413,145,2025-12-15 18:07:49,DELIVERED,NORTH
414,386,2025-06-24 15:59:58,RETURNED,CENTRAL
415,45,2024-02-01 20:06:10,SHIPPED,EAST
416,206,2025-12-18 00:23:49,DELIVERED,NORTH
417,477,2025-10-14 03:08:33,RETURNED,NORTH
418,398,2025-10-22 20:29:00,SHIPPED,EAST
419,111,2023-01-30 15:17:29,SHIPPED,WEST
420,237,2024-08-14 09:34:10,DELIVERED,NORTH
421,324,2025-01-22 21:30:52,CANCELLED,CENTRAL
422,91,2023-10-17 14:08:38,SHIPPED,WEST
423,575,2023-02-03 09:08:52,PLACED,CENTRAL
424,313,2024-06-02 04:22:38,DELIVERED,SOUTH
425,19,2024-06-22 16:53:30,DELIVERED,EAST
426,310,2024-01-02 22:21:06,RETURNED,CENTRAL
427,283,2023-04-07 07:53:20,DELIVERED,WEST
428,31,2025-05-12 01:38:18,RETURNED,SOUTH
429,156,2024-06-14 00:00:00,CANCELLED,SOUTH
430,90,2024-08-16 17:42:51,DELIVERED,CENTRAL
431,233,2024-10-10 07:18:52,SHIPPED,SOUTH
432,437,2024-04-30 06:28:24,RETURNED,EAST
433,460,2025-04-22 07:56:22,PLACED,SOUTH
434,595,2025-04-20 23:08:00,DELIVERED,SOUTH
435,142,2024-04-25 00:17:42,DELIVERED,CENTRAL
436,139,2024-10-30 01:57:32,RETURNED,SOUTH
437,579,2023-09-03 12:27:12,SHIPPED,CENTRAL
438,546,2023-07-03 21:47:53,SHIPPED,SOUTH
439,31,2024-05-10 01:31:44,CANCELLED,WEST
440,422,2024-04-16 05:38:13,DELIVERED,EAST
441,156,2023-10-19 22:40:21,PLACED,SOUTH
442,27,2025-08-08 16:19:39,DELIVERED,CENTRAL
443,581,2025-08-09 06:30:39,SHIPPED,SOUTH
444,237,2025-12-03 19:18:18,PLACED,NORTH
445,489,2023-07-28 07:06:42,DELIVERED,CENTRAL
446,481,2025-10-06 01:40:15,DELIVERED,WEST
447,,2025-02-02 10:25:11,DELIVERED,SOUTH
448,198,2023-12-18 12:04:16,PLACED,NORTH
449,277,2024-10-03 15:23:50,SHIPPED,SOUTH
450,210,2023-04-13 17:44:27,SHIPPED,WEST
451,502,2025-12-04 13:22:49,SHIPPED,WEST
452,253,2024-10-26 04:25:52,DELIVERED,NORTH
453,390,2024-05-01 01:39:50,DELIVERED,CENTRAL
454,550,2025-03-26 22:00:48,DELIVERED,NORTH
455,534,2023-06-19 19:36:24,DELIVERED,NORTH
456,,2024-01-17 00:00:00,DELIVERED,WEST
457,41,2025-05-16 08:35:54,DELIVERED,NORTH
458,195,2024-03-28 00:00:00,DELIVERED,EAST
459,293,2024-12-17 16:16:08,SHIPPED,EAST
460,56,2025-12-07 00:00:00,DELIVERED,SOUTH
461,475,2025-09-30 16:24:36,DELIVERED,CENTRAL
462,116,2023-10-07 06:21:47,DELIVERED,CENTRAL
463,139,2024-09-02 14:35:21,DELIVERED,WEST
464,26,2023-10-05 00:00:00,DELIVERED,SOUTH
465,466,2023-05-21 02:08:29,SHIPPED,SOUTH
466,127,2023-05-22 15:51:21,PLACED,WEST
467,372,2023-05-13 12:27:30,DELIVERED,WEST
468,524,2025-08-08 00:00:00,RETURNED,WEST
469,564,2024-08-14 06:03:28,PLACED,SOUTH
470,344,2025-05-28 11:03:14,CANCELLED,SOUTH
471,167,2023-08-13 15:21:13,SHIPPED,NORTH
472,430,2024-04-23 13:23:29,SHIPPED,WEST
473,296,2025-08-31 03:51:18,SHIPPED,SOUTH
474,208,2023-01-06 11:42:57,DELIVERED,EAST
475,13,2024-12-13 11:26:15,DELIVERED,WEST
476,557,2023-01-09 22:23:45,DELIVERED,WEST
477,244,2023-12-03 21:38:34,DELIVERED,WEST
478,465,2024-09-29 03:33:04,DELIVERED,CENTRAL
479,7,2024-01-16 03:34:05,CANCELLED,EAST
480,571,2023-11-19 13:17:27,PLACED,SOUTH
481,57,2025-10-11 19:55:38,SHIPPED,SOUTH
482,34,2025-11-02 03:26:00,DELIVERED,CENTRAL
483,306,2024-05-29 08:42:57,RETURNED,NORTH
484,112,2024-10-09 17:16:50,RETURNED,SOUTH
485,292,2025-08-07 07:04:38,DELIVERED,CENTRAL
486,587,2025-05-23 07:29:06,SHIPPED,WEST
487,593,2024-07-13 12:48:21,RETURNED,NORTH
488,307,2024-05-16 11:40:15,DELIVERED,WEST
489,70,2024-10-25 19:47:14,CANCELLED,NORTH
490,300,2025-01-01 09:19:27,PLACED,EAST
491,338,2025-03-29 17:57:00,DELIVERED,SOUTH
492,215,2025-08-08 19:01:03,PLACED,CENTRAL
493,,2025-09-04 02:01:18,DELIVERED,NORTH
494,496,2025-12-05 18:53:32,DELIVERED,EAST
495,438,2025-08-03 19:22:19,CANCELLED,EAST
496,539,2025-06-12 10:52:24,RETURNED,EAST
497,133,2025-08-12 06:23:25,DELIVERED,CENTRAL
498,510,2025-02-04 01:53:48,CANCELLED,CENTRAL
499,239,2024-03-27 06:10:47,RETURNED,NORTH
500,122,2023-02-07 06:17:33,DELIVERED,NORTH
501,213,2025-08-13 20:20:40,RETURNED,WEST
502,47,2024-06-02 12:40:38,SHIPPED,SOUTH
503,12,2025-09-22 03:58:54,SHIPPED,EAST
504,261,2023-04-16 09:06:42,SHIPPED,CENTRAL
505,564,2024-05-18 04:45:21,DELIVERED,NORTH
506,342,2024-06-14 06:52:56,DELIVERED,CENTRAL
507,30,2023-09-30 19:55:37,SHIPPED,EAST
508,491,2025-01-07 02:39:32,DELIVERED,SOUTH
509,494,2023-08-30 09:13:14,DELIVERED,CENTRAL
510,344,2024-12-19 00:00:00,DELIVERED,WEST
511,58,2025-03-20 11:01:04,SHIPPED,EAST
512,569,2025-04-12 11:15:31,PLACED,CENTRAL
513,340,2024-07-03 06:59:50,PLACED,SOUTH
514,288,2023-02-18 10:13:11,SHIPPED,WEST
515,548,2023-09-15 19:47:27,DELIVERED,WEST
516,192,2025-07-13 14:21:40,PLACED,EAST
517,,2025-12-31 14:13:44,CANCELLED,NORTH
518,279,2024-10-04 22:10:33,PLACED,SOUTH
519,381,2024-12-03 00:17:20,CANCELLED,EAST
520,222,2025-03-26 17:09:45,SHIPPED,NORTH
521,384,2023-02-28 02:11:16,DELIVERED,NORTH
522,455,2025-02-25 00:50:58,PLACED,WEST
523,513,2023-08-28 08:26:09,SHIPPED,WEST
524,537,2024-04-27 03:00:40,DELIVERED,SOUTH
525,101,2025-03-12 19:20:26,DELIVERED,SOUTH
526,211,2023-02-26 18:46:38,DELIVERED,CENTRAL
527,119,2023-01-07 09:13:37,SHIPPED,NORTH
528,90,2024-06-01 17:56:33,DELIVERED,NORTH
529,106,2025-03-19 16:32:37,DELIVERED,EAST
530,24,2025-06-16 00:00:00,DELIVERED,SOUTH
531,329,2023-11-08 13:15:05,SHIPPED,EAST
532,,2025-04-06 20:40:49,SHIPPED,WEST
533,121,2024-02-28 13:17:08,PLACED,EAST
534,118,2023-01-24 00:00:00,RETURNED,CENTRAL
535,,2025-03-09 13:34:14,PLACED,CENTRAL
536,359,2025-05-03 09:50:10,SHIPPED,SOUTH
537,291,2025-06-10 19:21:48,SHIPPED,NORTH
538,319,2025-08-10 16:05:50,CANCELLED,CENTRAL
539,455,2023-03-20 19:12:33,PLACED,WEST
540,52,2023-06-14 13:14:30,DELIVERED,NORTH
541,437,2024-08-31 19:42:57,SHIPPED,CENTRAL
542,457,2025-08-15 09:54:04,DELIVERED,EAST
543,203,2025-11-08 03:51:22,CANCELLED,NORTH
544,477,2025-06-01 00:43:10,PLACED,WEST
545,100,2024-12-08 17:24:32,SHIPPED,WEST
546,482,2023-12-26 22:11:10,RETURNED,SOUTH
547,265,2024-07-18 14:22:25,DELIVERED,EAST
548,333,2024-12-05 03:37:03,DELIVERED,NORTH
549,487,2023-06-25 08:44:04,DELIVERED,WEST
550,175,2024-03-14 11:19:02,DELIVERED,CENTRAL
551,589,2023-07-17 21:35:33,DELIVERED,WEST
552,110,2024-05-21 05:18:14,DELIVERED,NORTH
553,310,2025-04-07 14:11:39,DELIVERED,CENTRAL
554,424,2024-01-06 14:43:53,DELIVERED,CENTRAL
555,163,2025-01-19 08:13:50,DELIVERED,EAST
556,214,2025-12-14 04:25:37,DELIVERED,WEST
557,581,2024-06-15 14:10:18,DELIVERED,SOUTH
558,178,2025-10-26 07:58:31,DELIVERED,CENTRAL
559,499,2023-06-27 14:15:54,DELIVERED,WEST
560,334,2025-05-12 07:10:10,PLACED,WEST
561,181,2024-04-23 00:00:00,RETURNED,NORTH
562,112,2025-11-30 21:36:57,CANCELLED,WEST
563,336,2025-02-06 20:39:31,DELIVERED,NORTH
564,93,2023-12-05 01:09:17,CANCELLED,CENTRAL
565,1,2023-08-16 22:19:03,DELIVERED,WEST
566,545,2024-03-28 20:01:44,DELIVERED,CENTRAL
567,,2024-11-25 15:19:28,SHIPPED,EAST
568,,2024-04-10 14:56:35,DELIVERED,EAST
569,446,2024-06-18 19:06:55,RETURNED,CENTRAL
570,9,2025-08-07 22:01:39,RETURNED,WEST
571,131,2024-04-01 23:59:57,PLACED,CENTRAL
572,55,2023-01-02 07:26:27,DELIVERED,EAST
573,113,2024-03-14 09:31:23,CANCELLED,SOUTH
574,443,2025-12-26 20:43:45,DELIVERED,EAST
575,392,2024-09-22 17:59:40,DELIVERED,CENTRAL
576,217,2025-10-26 03:19:35,SHIPPED,SOUTH
577,193,2025-05-12 19:37:02,DELIVERED,EAST
578,428,2023-08-28 15:30:05,SHIPPED,SOUTH
579,,2023-07-28 14:13:34,PLACED,NORTH
580,148,2025-01-26 01:32:27,DELIVERED,SOUTH
581,87,2023-08-02 03:56:32,DELIVERED,WEST
582,467,2025-12-16 06:02:15,DELIVERED,WEST
583,185,2024-12-06 21:02:58,DELIVERED,CENTRAL
584,461,2024-08-20 15:12:15,DELIVERED,SOUTH
585,435,2025-07-28 04:07:29,PLACED,WEST
586,243,2025-02-18 09:48:20,SHIPPED,CENTRAL
587,591,2024-07-24 01:38:03,PLACED,NORTH
588,582,2025-01-20 17:32:30,DELIVERED,NORTH
589,595,2025-01-18 00:50:52,RETURNED,NORTH
590,146,2025-03-28 17:54:52,RETURNED,EAST
591,477,2025-03-14 01:16:34,PLACED,CENTRAL
592,91,2024-01-16 22:53:08,DELIVERED,NORTH
593,553,2025-06-19 10:06:52,SHIPPED,NORTH
594,352,2025-04-11 03:29:08,DELIVERED,WEST
595,465,2025-03-07 09:27:57,RETURNED,CENTRAL
596,340,2024-10-16 00:00:00,DELIVERED,EAST
597,297,2023-09-18 05:09:25,PLACED,CENTRAL
598,312,2025-05-25 16:29:35,SHIPPED,WEST
599,593,2023-09-20 15:43:51,DELIVERED,EAST
600,28,2024-03-21 13:15:45,DELIVERED,SOUTH
601,518,2023-04-30 09:37:57,CANCELLED,EAST
602,259,2023-07-25 00:00:00,DELIVERED,EAST
603,264,2023-01-23 00:00:00,DELIVERED,CENTRAL
604,179,2025-07-08 06:47:21,DELIVERED,WEST
605,379,2023-09-30 11:21:44,SHIPPED,SOUTH
606,,2025-01-23 07:04:21,SHIPPED,CENTRAL
607,34,2024-06-16 14:17:58,RETURNED,SOUTH
608,158,2025-02-09 10:17:30,DELIVERED,WEST
609,393,2024-01-05 15:19:24,DELIVERED,SOUTH
610,216,2025-06-16 12:21:24,DELIVERED,EAST
611,56,2025-09-24 00:00:00,SHIPPED,NORTH
612,,2023-03-23 00:00:00,SHIPPED,WEST
613,488,2024-04-13 03:46:51,DELIVERED,CENTRAL
614,240,2024-08-12 23:59:59,DELIVERED,WEST
615,,2025-01-07 05:58:55,SHIPPED,CENTRAL
616,446,2023-01-19 10:17:10,SHIPPED,WEST
617,392,2025-11-20 00:04:03,SHIPPED,CENTRAL
618,43,2023-06-01 06:00:17,RETURNED,EAST
619,,2024-11-01 18:08:39,DELIVERED,EAST
620,344,2024-02-24 22:29:17,SHIPPED,NORTH
621,262,2025-10-13 11:41:08,DELIVERED,WEST
622,248,2025-11-09 17:52:09,DELIVERED,SOUTH
623,533,2024-06-08 03:25:47,DELIVERED,SOUTH
624,321,2025-04-30 16:28:33,PLACED,NORTH
625,70,2023-01-19 13:57:13,DELIVERED,CENTRAL
626,107,2025-11-30 21:16:32,DELIVERED,SOUTH
627,291,2024-01-27 00:00:00,SHIPPED,NORTH
628,95,2023-03-30 08:42:40,RETURNED,SOUTH
629,125,2023-07-06 00:00:00,PLACED,CENTRAL
630,134,2024-08-07 00:44:47,DELIVERED,CENTRAL
631,190,2023-06-22 04:36:15,DELIVERED,EAST
632,302,2024-12-26 09:21:56,DELIVERED,NORTH
633,465,2024-03-05 08:19:33,DELIVERED,EAST
634,264,2023-09-09 14:31:52,DELIVERED,EAST
635,64,2024-08-17 15:46:52,DELIVERED,NORTH
636,265,2024-02-16 03:25:15,SHIPPED,NORTH
637,504,2023-11-08 17:29:12,DELIVERED,SOUTH
638,504,2023-06-18 10:34:51,PLACED,WEST
639,224,2025-08-11 18:19:20,DELIVERED,WEST
640,266,2023-06-10 00:00:00,PLACED,NORTH
641,586,2024-01-25 06:54:32,DELIVERED,NORTH
642,510,2023-08-20 00:00:00,DELIVERED,NORTH
643,39,2025-10-29 10:18:05,DELIVERED,SOUTH
644,338,2024-08-30 21:51:12,DELIVERED,CENTRAL
645,503,2025-01-12 18:19:47,DELIVERED,NORTH
646,554,2023-12-17 20:10:50,PLACED,WEST
647,125,2025-05-31 04:23:05,DELIVERED,EAST
648,342,2025-11-25 00:00:00,SHIPPED,NORTH
649,93,2024-07-21 13:26:06,DELIVERED,EAST
650,83,2024-12-15 00:35:49,DELIVERED,EAST
651,208,2023-10-02 08:48:27,DELIVERED,WEST
652,196,2024-04-09 06:41:38,DELIVERED,NORTH
653,368,2025-01-25 18:10:00,PLACED,WEST
654,195,2023-08-06 09:27:05,PLACED,NORTH
655,,2025-07-10 02:36:28,SHIPPED,WEST
656,65,2025-04-19 17:14:27,DELIVERED,WEST
657,547,2024-11-28 23:23:21,RETURNED,NORTH
658,38,2024-06-11 01:27:56,PLACED,NORTH
659,416,2023-07-03 14:20:05,SHIPPED,CENTRAL
660,470,2025-11-19 00:00:00,CANCELLED,CENTRAL
661,153,2025-06-18 23:34:25,SHIPPED,NORTH
662,38,2023-08-08 22:52:31,DELIVERED,NORTH
663,483,2025-08-18 14:34:56,PLACED,SOUTH
664,15,2023-09-25 13:54:30,DELIVERED,EAST
665,100,2024-12-09 15:47:39,DELIVERED,CENTRAL
666,,2023-04-10 08:30:45,CANCELLED,NORTH
667,117,2025-02-11 06:51:10,DELIVERED,CENTRAL
668,226,2023-04-09 00:54:55,CANCELLED,WEST
669,346,2025-11-19 20:30:16,DELIVERED,NORTH
670,590,2025-04-28 00:03:37,PLACED,SOUTH
671,47,2025-07-10 07:49:15,SHIPPED,NORTH
672,124,2024-03-01 11:29:04,PLACED,WEST
673,173,2025-12-17 15:47:18,DELIVERED,SOUTH
674,450,2024-01-14 11:43:45,RETURNED,NORTH
675,137,2023-06-05 07:04:17,DELIVERED,CENTRAL
676,386,2023-09-03 01:28:58,PLACED,WEST
677,83,2023-01-10 20:43:46,PLACED,NORTH
678,291,2024-10-08 13:53:23,DELIVERED,WEST
679,130,2023-11-17 00:00:00,PLACED,EAST
680,536,2024-11-30 16:50:32,DELIVERED,SOUTH
681,39,2025-07-15 06:37:49,SHIPPED,WEST
682,91,2025-09-01 00:00:00,CANCELLED,EAST
683,357,2024-10-12 13:28:08,PLACED,SOUTH
684,197,2023-07-02 13:00:32,RETURNED,NORTH
685,371,2025-04-18 10:19:31,DELIVERED,WEST
686,214,2024-03-05 09:55:48,PLACED,NORTH
687,153,2025-11-30 11:44:19,CANCELLED,WEST
688,510,2023-10-01 00:00:00,SHIPPED,NORTH
689,,2023-03-25 22:17:43,DELIVERED,EAST
690,215,2024-11-06 05:44:00,SHIPPED,CENTRAL
691,465,2023-03-09 06:59:34,PLACED,NORTH
692,551,2023-10-01 00:00:00,SHIPPED,NORTH
693,497,2025-03-10 21:00:07,PLACED,SOUTH
694,456,2025-07-09 17:42:21,DELIVERED,WEST
695,204,2025-11-17 10:53:30,CANCELLED,SOUTH
696,113,2024-05-21 15:05:26,SHIPPED,SOUTH
697,423,2023-11-07 14:53:37,DELIVERED,SOUTH
698,76,2025-01-01 15:47:22,DELIVERED,NORTH
699,447,2023-08-14 03:48:08,SHIPPED,CENTRAL
700,466,2023-10-04 14:35:11,DELIVERED,SOUTH
701,469,2023-10-29 14:37:12,DELIVERED,EAST
702,208,2024-06-05 00:00:00,PLACED,CENTRAL
703,,2023-04-03 15:58:38,SHIPPED,NORTH
704,477,2024-12-13 09:03:41,DELIVERED,EAST
705,226,2024-04-03 12:25:07,DELIVERED,CENTRAL
706,175,2025-06-17 00:00:00,RETURNED,SOUTH
707,89,2024-10-01 13:08:40,CANCELLED,WEST
708,222,2025-07-07 23:44:00,DELIVERED,WEST
709,286,2023-01-23 12:44:34,DELIVERED,SOUTH
710,254,2024-05-23 10:28:38,DELIVERED,SOUTH
711,153,2025-06-10 05:06:55,CANCELLED,WEST
712,46,2023-03-04 05:29:44,RETURNED,CENTRAL
713,35,2024-10-23 07:09:30,DELIVERED,WEST
714,101,2024-12-03 20:14:12,DELIVERED,NORTH
715,572,2023-01-20 07:09:45,DELIVERED,WEST
716,224,2023-07-26 03:51:43,DELIVERED,SOUTH
717,93,2023-01-25 17:55:10,DELIVERED,EAST
718,166,2025-12-28 13:05:30,DELIVERED,CENTRAL
719,598,2023-02-07 22:12:00,RETURNED,WEST
720,142,2025-12-28 06:46:07,DELIVERED,EAST
721,476,2025-12-29 11:22:15,DELIVERED,NORTH
722,395,2025-12-09 01:03:01,SHIPPED,NORTH
723,304,2024-10-23 14:47:12,DELIVERED,CENTRAL
724,556,2025-06-12 14:06:18,DELIVERED,NORTH
725,344,2023-03-27 03:31:38,DELIVERED,EAST
726,53,2023-06-22 09:07:57,DELIVERED,WEST
727,42,2024-07-21 21:28:48,DELIVERED,CENTRAL
728,69,2025-05-21 00:00:00,DELIVERED,SOUTH
729,142,2024-06-04 07:05:00,SHIPPED,NORTH
730,490,2025-06-20 04:25:05,CANCELLED,SOUTH
731,231,2024-05-12 19:45:25,DELIVERED,EAST
732,516,2025-11-22 16:41:27,DELIVERED,NORTH
733,65,2024-08-02 03:30:18,SHIPPED,WEST
734,514,2025-03-29 04:09:01,CANCELLED,WEST
735,,2025-04-06 06:50:10,DELIVERED,CENTRAL
736,300,2024-12-03 00:00:00,DELIVERED,NORTH
737,193,2024-12-12 06:47:04,PLACED,WEST
738,184,2024-03-23 23:18:46,RETURNED,NORTH
739,112,2023-09-13 22:55:47,SHIPPED,SOUTH
740,509,2023-08-22 18:58:28,CANCELLED,CENTRAL
741,24,2024-03-31 10:08:56,DELIVERED,CENTRAL
742,136,2025-01-06 04:27:21,SHIPPED,WEST
743,22,2024-03-28 20:32:02,SHIPPED,NORTH
744,238,2025-03-18 04:51:20,DELIVERED,WEST
745,593,2024-06-16 12:13:47,DELIVERED,EAST
746,498,2025-07-10 17:57:42,DELIVERED,CENTRAL
747,562,2024-11-22 16:21:29,DELIVERED,CENTRAL
748,136,2024-04-21 02:57:43,SHIPPED,EAST
749,233,2025-01-22 05:53:30,DELIVERED,EAST
750,49,2023-08-19 10:27:14,DELIVERED,WEST
751,171,2025-08-19 00:12:23,RETURNED,CENTRAL
752,293,2023-10-11 03:54:35,RETURNED,SOUTH
753,166,2024-01-05 13:45:12,PLACED,EAST
754,589,2023-07-16 11:16:27,DELIVERED,EAST
755,189,2023-11-15 16:44:46,DELIVERED,NORTH
756,325,2024-06-18 03:32:45,PLACED,WEST
757,553,2023-09-10 14:04:41,DELIVERED,NORTH
758,26,2024-09-20 11:10:36,RETURNED,SOUTH
759,470,2024-05-12 10:35:23,SHIPPED,CENTRAL
760,520,2024-05-29 15:02:15,DELIVERED,EAST
761,486,2024-03-26 05:32:25,RETURNED,CENTRAL
762,151,2025-05-28 00:00:00,DELIVERED,WEST
763,347,2025-12-06 13:15:42,PLACED,WEST
764,42,2023-08-05 14:04:37,DELIVERED,NORTH
765,316,2023-02-08 00:00:00,DELIVERED,SOUTH
766,457,2024-07-09 04:35:50,PLACED,NORTH
767,,2025-08-02 17:31:13,DELIVERED,CENTRAL
768,540,2023-12-12 02:07:23,DELIVERED,EAST
769,201,2023-02-05 00:40:28,PLACED,WEST
770,90,2025-03-06 00:49:18,DELIVERED,WEST
771,326,2025-07-25 23:52:38,DELIVERED,NORTH
772,370,2024-09-09 14:02:11,PLACED,WEST
773,379,2024-08-22 19:19:18,DELIVERED,EAST
774,354,2024-06-29 19:27:54,SHIPPED,WEST
775,575,2023-05-17 01:54:49,SHIPPED,WEST
776,426,2024-11-18 09:45:30,SHIPPED,WEST
777,425,2023-08-05 19:27:37,CANCELLED,CENTRAL
778,89,2023-08-12 03:15:38,SHIPPED,WEST
779,538,2024-06-05 01:14:33,PLACED,CENTRAL
780,385,2023-05-18 09:35:27,PLACED,EAST
781,425,2023-09-29 16:29:02,DELIVERED,CENTRAL
782,141,2023-11-06 00:00:00,SHIPPED,WEST
783,297,2025-05-10 09:39:20,DELIVERED,EAST
784,600,2024-04-17 02:44:57,DELIVERED,WEST
785,230,2023-02-11 16:40:05,DELIVERED,SOUTH
786,269,2024-04-11 00:00:00,RETURNED,WEST
787,128,2025-10-12 15:54:51,DELIVERED,EAST
788,428,2023-10-06 15:29:03,DELIVERED,SOUTH
789,30,2023-07-05 09:51:51,DELIVERED,WEST
790,69,2025-07-19 08:17:12,DELIVERED,CENTRAL
791,493,2025-05-28 14:08:56,DELIVERED,EAST
792,488,2025-12-14 11:19:59,CANCELLED,EAST
793,525,2025-06-12 15:23:05,PLACED,EAST
794,167,2025-06-22 13:39:05,PLACED,EAST
795,473,2025-12-12 23:27:55,PLACED,SOUTH
796,,2023-03-24 03:49:11,SHIPPED,WEST
797,365,2023-03-17 16:13:23,SHIPPED,CENTRAL
798,79,2025-03-09 06:19:53,SHIPPED,SOUTH
799,97,2025-07-19 03:29:00,DELIVERED,CENTRAL
800,331,2024-05-06 05:10:45,CANCELLED,EAST
801,278,2025-11-30 19:11:38,DELIVERED,EAST
802,99,2025-04-10 04:38:01,DELIVERED,SOUTH
803,14,2023-08-01 17:50:43,DELIVERED,EAST
804,497,2024-10-02 00:16:06,SHIPPED,SOUTH
805,105,2023-12-05 11:00:50,SHIPPED,SOUTH
806,193,2025-05-17 20:10:33,DELIVERED,CENTRAL
807,545,2025-05-06 02:58:31,DELIVERED,NORTH
808,428,2024-12-16 08:21:43,RETURNED,NORTH
809,135,2023-01-27 23:57:03,DELIVERED,EAST
810,372,2023-08-04 22:49:00,CANCELLED,CENTRAL
811,536,2024-06-15 08:22:00,SHIPPED,EAST
812,30,2023-07-04 05:36:45,SHIPPED,SOUTH
813,233,2024-04-22 13:45:31,PLACED,SOUTH
814,,2023-05-03 02:36:19,DELIVERED,NORTH
815,80,2023-01-30 05:09:13,DELIVERED,WEST
816,44,2023-11-02 00:29:44,PLACED,CENTRAL
817,61,2024-12-29 16:39:26,PLACED,EAST
818,45,2023-04-13 21:52:50,SHIPPED,NORTH
819,99,2023-07-12 07:21:29,RETURNED,SOUTH
820,205,2023-10-15 01:09:56,DELIVERED,NORTH
821,93,2023-08-15 02:45:26,CANCELLED,EAST
822,594,2024-06-24 08:17:10,DELIVERED,CENTRAL
823,248,2025-02-23 08:22:49,DELIVERED,NORTH
824,593,2023-01-22 17:22:22,DELIVERED,SOUTH
825,289,2023-09-24 20:10:43,RETURNED,CENTRAL
826,5,2023-06-03 07:16:12,RETURNED,CENTRAL
827,487,2024-07-23 00:00:00,DELIVERED,SOUTH
828,,2024-11-13 23:55:48,DELIVERED,NORTH
829,,2023-10-08 22:31:19,CANCELLED,WEST
830,435,2023-11-29 20:42:49,DELIVERED,WEST
831,116,2024-05-03 05:13:04,PLACED,NORTH
832,533,2023-07-31 03:10:49,DELIVERED,EAST
833,296,2025-05-15 11:23:27,DELIVERED,NORTH
834,336,2025-02-05 22:56:50,PLACED,EAST
835,468,2025-07-21 16:08:35,DELIVERED,WEST
836,232,2025-05-10 11:28:52,DELIVERED,WEST
837,194,2023-04-19 03:13:02,CANCELLED,WEST
838,377,2023-10-06 12:41:14,PLACED,WEST
839,108,2024-09-07 00:00:00,DELIVERED,NORTH
840,123,2023-08-11 17:07:48,DELIVERED,CENTRAL
841,105,2023-09-20 02:27:26,PLACED,SOUTH
842,347,2023-11-08 02:21:51,DELIVERED,WEST
843,126,2023-12-28 18:00:33,CANCELLED,WEST
844,286,2025-06-22 23:29:55,DELIVERED,WEST
845,365,2025-01-09 04:05:22,DELIVERED,WEST
846,497,2025-03-05 10:54:54,SHIPPED,WEST
847,111,2023-07-09 00:00:00,SHIPPED,WEST
848,237,2025-09-03 03:22:11,RETURNED,NORTH
849,102,2023-03-24 02:28:51,CANCELLED,WEST
850,28,2023-10-06 05:10:16,DELIVERED,EAST
851,157,2024-04-15 07:26:07,DELIVERED,NORTH
852,79,2025-10-23 22:52:16,DELIVERED,WEST
853,478,2023-11-10 16:33:41,SHIPPED,WEST
854,503,2025-02-23 04:06:45,SHIPPED,EAST
855,554,2025-04-29 03:28:19,PLACED,NORTH
856,441,2023-07-05 01:38:29,DELIVERED,EAST
857,386,2024-11-18 11:41:20,DELIVERED,NORTH
858,,2023-10-02 18:09:38,DELIVERED,EAST
859,169,2025-02-02 11:41:16,DELIVERED,EAST
860,399,2025-01-27 05:38:12,DELIVERED,CENTRAL
861,503,2025-10-22 09:30:48,DELIVERED,CENTRAL
862,586,2024-12-30 00:00:00,DELIVERED,SOUTH
863,519,2023-03-28 14:01:50,DELIVERED,WEST
864,387,2025-08-16 09:10:41,DELIVERED,EAST
865,329,2023-04-06 10:03:06,PLACED,NORTH
866,132,2024-07-23 04:45:30,SHIPPED,CENTRAL
867,28,2025-08-29 03:23:35,SHIPPED,NORTH
868,439,2024-06-20 03:51:52,RETURNED,WEST
869,360,2023-03-29 16:34:49,DELIVERED,SOUTH
870,241,2025-10-03 18:16:44,SHIPPED,NORTH
871,68,2024-04-18 15:57:37,PLACED,SOUTH
872,21,2025-04-16 09:38:01,SHIPPED,WEST
873,433,2025-06-01 10:25:00,DELIVERED,WEST
874,274,2023-02-01 16:39:06,DELIVERED,CENTRAL
875,23,2024-05-06 16:30:34,DELIVERED,WEST
876,331,2025-06-08 09:47:16,PLACED,WEST
877,103,2025-12-09 05:16:31,DELIVERED,EAST
878,509,2025-02-20 00:34:08,CANCELLED,EAST
879,171,2025-08-13 00:00:00,SHIPPED,WEST
880,207,2025-02-10 00:00:00,DELIVERED,NORTH
881,549,2023-11-29 13:29:05,SHIPPED,NORTH
882,305,2025-06-09 22:24:04,DELIVERED,SOUTH
883,95,2025-06-17 04:36:24,PLACED,EAST
884,280,2023-04-15 11:59:56,DELIVERED,CENTRAL
885,487,2024-10-25 11:39:42,SHIPPED,NORTH
886,310,2025-02-22 22:19:31,CANCELLED,WEST
887,553,2024-05-01 18:38:43,SHIPPED,WEST
888,258,2025-08-28 20:20:31,DELIVERED,CENTRAL
889,185,2023-01-29 00:00:00,DELIVERED,CENTRAL
890,192,2025-06-15 02:16:36,DELIVERED,WEST
891,275,2025-09-17 23:37:06,DELIVERED,CENTRAL
892,445,2025-05-29 10:21:02,DELIVERED,NORTH
893,535,2023-11-08 16:42:02,DELIVERED,SOUTH
894,247,2023-08-22 18:01:37,DELIVERED,EAST
895,446,2024-09-29 07:36:40,SHIPPED,NORTH
896,209,2024-10-02 16:49:02,SHIPPED,EAST
897,165,2024-02-03 09:01:24,DELIVERED,SOUTH
898,416,2024-01-06 11:18:23,PLACED,SOUTH
899,29,2024-01-17 12:07:56,DELIVERED,EAST
900,476,2025-01-24 00:21:56,DELIVERED,WEST
901,433,2025-10-01 23:00:07,RETURNED,SOUTH
902,164,2024-02-28 15:26:20,PLACED,EAST
903,285,2025-10-20 05:01:26,DELIVERED,NORTH
904,498,2023-01-31 22:15:06,PLACED,NORTH
905,322,2025-07-23 13:15:50,SHIPPED,NORTH
906,417,2024-07-18 13:48:38,DELIVERED,NORTH
907,407,2023-08-07 08:27:44,SHIPPED,CENTRAL
908,513,2023-07-07 09:52:57,DELIVERED,CENTRAL
909,538,2024-01-27 04:05:05,DELIVERED,NORTH
910,244,2025-07-20 18:57:34,PLACED,EAST
911,338,2025-06-26 17:15:37,DELIVERED,SOUTH
912,434,2023-12-05 15:56:30,PLACED,SOUTH
913,220,2024-03-02 11:51:59,DELIVERED,EAST
914,58,2025-01-31 17:53:34,DELIVERED,NORTH
915,325,2025-04-27 18:50:58,DELIVERED,SOUTH
916,285,2023-08-14 02:41:36,DELIVERED,EAST
917,316,2023-02-02 17:42:12,DELIVERED,CENTRAL
918,36,2025-10-25 17:28:44,DELIVERED,NORTH
919,246,2024-01-28 23:53:09,DELIVERED,EAST
920,372,2025-11-30 11:54:35,PLACED,SOUTH
921,454,2024-08-26 11:14:57,PLACED,WEST
922,262,2024-04-12 09:55:24,PLACED,SOUTH
923,305,2023-11-23 19:46:36,CANCELLED,SOUTH
924,450,2025-09-07 18:32:05,SHIPPED,WEST
925,35,2024-03-01 16:49:19,CANCELLED,WEST
926,483,2024-10-03 00:00:00,RETURNED,EAST
927,433,2023-06-05 23:01:04,CANCELLED,EAST
928,519,2023-04-14 02:20:59,DELIVERED,CENTRAL
929,561,2024-05-22 14:48:24,DELIVERED,NORTH
930,54,2025-09-23 08:06:39,DELIVERED,WEST
931,140,2023-01-05 18:40:27,DELIVERED,EAST
932,322,2025-06-13 11:43:42,PLACED,SOUTH
933,256,2025-03-13 03:30:56,DELIVERED,SOUTH
934,421,2024-05-11 00:00:00,DELIVERED,SOUTH
935,267,2023-09-27 11:46:00,DELIVERED,EAST
936,289,2023-11-05 14:43:13,PLACED,EAST
937,187,2024-09-03 06:31:34,CANCELLED,CENTRAL
938,230,2023-02-02 00:00:00,RETURNED,CENTRAL
939,235,2023-05-19 05:17:12,RETURNED,SOUTH
940,269,2025-12-25 08:54:38,CANCELLED,NORTH
941,,2024-09-14 23:39:54,DELIVERED,CENTRAL
942,267,2023-08-20 20:29:17,PLACED,EAST
943,175,2025-05-31 04:20:53,PLACED,CENTRAL
944,446,2024-12-05 19:27:18,CANCELLED,WEST
945,122,2023-12-15 17:22:05,DELIVERED,SOUTH
946,273,2024-03-23 08:00:01,DELIVERED,WEST
947,134,2024-11-01 00:20:58,CANCELLED,CENTRAL
948,221,2024-03-15 13:47:00,DELIVERED,SOUTH
949,429,2023-10-08 04:40:34,DELIVERED,SOUTH
950,30,2024-03-26 00:00:00,RETURNED,SOUTH
951,462,2024-01-21 17:57:52,DELIVERED,WEST
952,88,2023-01-17 00:45:59,DELIVERED,EAST
953,408,2025-12-02 23:42:55,SHIPPED,WEST
954,434,2025-07-16 17:04:42,SHIPPED,NORTH
955,571,2023-04-02 06:26:42,PLACED,SOUTH
956,,2025-01-01 13:37:59,RETURNED,CENTRAL
957,47,2023-01-09 07:52:19,SHIPPED,CENTRAL
958,391,2024-04-14 22:17:29,RETURNED,EAST
959,136,2025-05-19 05:55:24,PLACED,SOUTH
960,267,2023-09-21 21:04:55,DELIVERED,EAST
961,480,2023-07-24 22:19:00,PLACED,CENTRAL
962,444,2023-08-09 06:31:41,SHIPPED,EAST
963,46,2023-07-18 15:23:41,DELIVERED,EAST
964,370,2024-10-30 00:00:00,SHIPPED,EAST
965,271,2025-03-14 00:00:00,SHIPPED,SOUTH
966,324,2025-02-02 04:03:04,DELIVERED,SOUTH
967,570,2025-10-18 06:22:28,DELIVERED,WEST
968,55,2023-10-21 00:00:00,PLACED,SOUTH
969,188,2023-02-25 17:02:29,DELIVERED,SOUTH
970,479,2024-11-08 23:17:05,PLACED,WEST
971,42,2024-11-16 21:02:49,DELIVERED,CENTRAL
972,497,2024-12-12 02:31:07,DELIVERED,SOUTH
973,127,2024-06-27 02:11:35,PLACED,EAST
974,185,2023-09-19 10:29:32,DELIVERED,EAST
975,,2025-05-24 23:23:04,CANCELLED,CENTRAL
976,218,2025-06-25 12:13:24,RETURNED,NORTH
977,539,2025-06-05 16:30:43,SHIPPED,NORTH
978,253,2025-02-12 00:00:00,DELIVERED,EAST
979,27,2024-03-17 14:46:23,DELIVERED,NORTH
980,404,2024-08-03 07:15:47,DELIVERED,NORTH
981,332,2023-08-27 21:09:54,PLACED,WEST
982,492,2024-12-06 08:24:59,DELIVERED,EAST
983,6,2024-05-26 17:55:32,RETURNED,CENTRAL
984,464,2024-05-19 17:43:35,RETURNED,CENTRAL
985,133,2023-11-25 08:19:39,CANCELLED,EAST
986,331,2023-03-28 06:29:44,DELIVERED,CENTRAL
987,,2025-07-24 15:03:20,DELIVERED,WEST
988,262,2023-10-04 12:43:25,SHIPPED,WEST
989,92,2023-02-01 20:44:38,CANCELLED,SOUTH
990,398,2024-09-17 02:25:08,SHIPPED,SOUTH
991,124,2024-04-08 18:37:34,DELIVERED,WEST
992,318,2025-11-30 01:13:55,DELIVERED,EAST
993,99,2024-07-24 19:47:00,DELIVERED,WEST
994,457,2024-08-25 21:01:34,DELIVERED,CENTRAL
995,434,2023-05-21 03:43:58,DELIVERED,EAST
996,191,2024-11-05 08:38:30,DELIVERED,NORTH
997,42,2025-03-08 10:45:24,SHIPPED,WEST
998,230,2025-10-03 00:40:25,DELIVERED,SOUTH
999,508,2025-03-30 00:00:00,DELIVERED,CENTRAL
1000,86,2024-03-27 14:11:39,DELIVERED,NORTH
1001,490,2024-04-11 15:28:20,PLACED,SOUTH
1002,308,2024-01-22 06:28:28,DELIVERED,EAST
1003,583,2023-03-16 00:00:00,DELIVERED,NORTH
1004,526,2023-06-17 00:00:00,DELIVERED,WEST
1005,97,2024-12-22 19:38:58,DELIVERED,CENTRAL
1006,260,2024-07-06 04:25:16,SHIPPED,NORTH
1007,516,2023-01-26 06:32:27,PLACED,WEST
1008,184,2023-10-11 01:12:41,CANCELLED,NORTH
1009,86,2024-10-08 14:58:58,CANCELLED,EAST
1010,322,2025-07-01 04:42:55,DELIVERED,WEST
1011,272,2024-06-14 05:52:04,RETURNED,SOUTH
1012,217,2023-10-15 12:33:29,PLACED,CENTRAL
1013,266,2025-11-12 02:29:54,PLACED,CENTRAL
1014,19,2023-01-10 01:59:40,DELIVERED,NORTH
1015,176,2025-10-15 18:01:56,DELIVERED,WEST
1016,499,2024-04-15 09:12:05,DELIVERED,CENTRAL
1017,370,2025-12-08 21:45:23,DELIVERED,WEST
1018,310,2023-05-17 03:16:28,PLACED,NORTH
1019,,2023-10-24 09:37:02,PLACED,NORTH
1020,193,2023-02-11 15:44:48,SHIPPED,SOUTH
1021,248,2024-11-07 23:22:18,CANCELLED,CENTRAL
1022,196,2023-05-14 17:48:00,SHIPPED,WEST
1023,152,2025-01-06 07:35:38,DELIVERED,NORTH
1024,171,2023-08-25 18:42:46,DELIVERED,WEST
1025,497,2025-01-02 00:00:00,PLACED,WEST
1026,600,2024-01-12 21:53:20,SHIPPED,CENTRAL
1027,402,2023-03-21 02:30:59,SHIPPED,NORTH
1028,443,2024-10-07 17:53:37,CANCELLED,CENTRAL
1029,568,2024-03-27 16:51:37,PLACED,WEST
1030,498,2025-03-08 11:17:18,DELIVERED,CENTRAL
1031,500,2023-12-27 00:00:00,DELIVERED,CENTRAL
1032,20,2024-10-17 13:28:11,DELIVERED,CENTRAL
1033,66,2024-02-21 02:07:46,CANCELLED,WEST
1034,485,2023-07-01 15:52:00,DELIVERED,EAST
1035,460,2025-12-19 13:13:23,DELIVERED,SOUTH
1036,295,2023-10-26 13:47:01,DELIVERED,WEST
1037,238,2025-02-27 14:02:23,SHIPPED,EAST
1038,480,2023-07-23 17:56:44,CANCELLED,WEST
1039,,2024-10-09 13:42:26,CANCELLED,EAST
1040,484,2023-09-09 16:45:28,DELIVERED,EAST
1041,89,2025-11-02 05:40:01,DELIVERED,SOUTH
1042,205,2023-08-31 19:48:42,DELIVERED,NORTH
1043,426,2025-02-05 23:24:18,SHIPPED,SOUTH
1044,571,2023-03-15 02:07:34,RETURNED,EAST
1045,268,2024-07-08 15:33:37,DELIVERED,SOUTH
1046,516,2023-02-19 15:55:41,CANCELLED,EAST
1047,441,2023-06-27 01:04:59,DELIVERED,NORTH
1048,,2025-05-23 00:11:13,SHIPPED,EAST
1049,349,2024-07-05 20:20:36,DELIVERED,CENTRAL
1050,274,2023-08-23 20:20:17,CANCELLED,CENTRAL
1051,107,2023-03-20 07:52:11,RETURNED,WEST
1052,469,2023-06-22 07:48:05,RETURNED,CENTRAL
1053,105,2025-05-23 18:30:30,PLACED,NORTH
1054,172,2025-09-05 13:20:52,PLACED,SOUTH
1055,371,2023-09-01 22:35:51,DELIVERED,WEST
1056,519,2025-02-13 05:21:47,DELIVERED,NORTH
1057,158,2025-10-02 05:22:28,DELIVERED,SOUTH
1058,126,2023-11-10 15:01:01,DELIVERED,WEST
1059,7,2024-01-17 02:02:44,CANCELLED,WEST
1060,,2024-06-14 05:20:04,SHIPPED,SOUTH
1061,88,2024-02-18 05:46:53,DELIVERED,WEST
1062,370,2025-09-04 19:14:20,DELIVERED,SOUTH
1063,543,2024-10-17 02:56:36,DELIVERED,SOUTH
1064,440,2024-10-04 05:01:12,RETURNED,WEST
1065,529,2025-11-25 18:12:31,DELIVERED,NORTH
1066,454,2023-08-15 00:00:00,DELIVERED,CENTRAL
1067,,2023-04-19 02:10:29,PLACED,EAST
1068,412,2023-09-13 06:28:05,DELIVERED,WEST
1069,38,2025-10-22 13:09:05,RETURNED,SOUTH
1070,589,2023-03-31 19:18:23,RETURNED,CENTRAL
1071,303,2024-10-13 08:50:04,DELIVERED,CENTRAL
1072,312,2024-05-02 07:24:21,RETURNED,NORTH
1073,287,2025-03-30 21:30:07,DELIVERED,SOUTH
1074,414,2024-11-24 00:00:00,DELIVERED,CENTRAL
1075,453,2025-12-19 11:36:08,SHIPPED,WEST
1076,203,2024-04-13 09:54:21,PLACED,CENTRAL
1077,343,2024-08-28 20:00:46,DELIVERED,SOUTH
1078,533,2025-04-20 02:07:15,SHIPPED,NORTH
1079,524,2025-05-07 04:04:03,SHIPPED,EAST
1080,164,2023-02-06 09:13:33,PLACED,CENTRAL
1081,265,2024-01-10 21:47:56,CANCELLED,EAST
1082,433,2025-02-23 22:00:07,PLACED,NORTH
1083,382,2024-02-08 12:25:21,DELIVERED,EAST
1084,127,2023-03-16 03:36:37,DELIVERED,NORTH
1085,460,2024-04-07 20:47:43,DELIVERED,NORTH
1086,465,2024-06-10 00:00:00,RETURNED,CENTRAL
1087,580,2025-09-02 04:00:20,DELIVERED,CENTRAL
1088,240,2024-06-28 00:00:00,SHIPPED,CENTRAL
1089,144,2024-08-09 16:23:55,DELIVERED,SOUTH
1090,108,2024-05-24 07:01:14,DELIVERED,SOUTH
1091,370,2024-12-06 17:53:21,PLACED,WEST
1092,422,2023-05-08 07:12:42,PLACED,WEST
1093,134,2025-01-09 20:00:05,SHIPPED,NORTH
1094,379,2025-11-17 00:00:00,DELIVERED,CENTRAL
1095,,2025-05-18 07:51:15,DELIVERED,WEST
1096,271,2025-06-26 16:25:25,DELIVERED,WEST
1097,451,2025-12-06 08:26:51,RETURNED,WEST
1098,427,2023-09-10 23:13:07,PLACED,SOUTH
1099,497,2024-12-12 00:46:12,PLACED,CENTRAL
1100,542,2023-07-03 09:31:37,DELIVERED,WEST
1101,485,2023-02-20 15:41:29,DELIVERED,CENTRAL
1102,379,2023-07-04 11:55:10,DELIVERED,WEST
1103,113,2023-07-07 18:13:37,DELIVERED,EAST
1104,42,2025-03-23 02:33:28,SHIPPED,EAST
1105,313,2024-08-04 16:52:18,SHIPPED,WEST
1106,29,2023-08-10 22:33:25,PLACED,CENTRAL
1107,432,2023-03-17 13:50:32,RETURNED,EAST
1108,291,2023-12-01 21:27:33,SHIPPED,WEST
1109,3,2023-07-10 00:42:53,DELIVERED,NORTH
1110,46,2024-10-10 16:19:48,DELIVERED,EAST
1111,580,2024-12-03 17:44:27,RETURNED,WEST
1112,487,2025-07-29 22:29:41,PLACED,SOUTH
1113,517,2025-09-15 16:57:30,DELIVERED,WEST
1114,460,2023-08-20 10:28:24,CANCELLED,EAST
1115,92,2025-08-28 13:07:47,DELIVERED,WEST
1116,397,2023-12-28 16:14:37,RETURNED,EAST
1117,554,2023-03-13 04:16:57,RETURNED,WEST
1118,285,2025-09-30 09:30:49,PLACED,SOUTH
1119,26,2025-06-07 13:30:41,DELIVERED,EAST
1120,575,2025-09-29 05:17:46,PLACED,CENTRAL
1121,88,2023-10-26 22:11:18,RETURNED,CENTRAL
1122,591,2023-03-24 03:17:59,RETURNED,CENTRAL
1123,194,2025-01-09 04:26:25,DELIVERED,NORTH
1124,124,2025-10-19 13:30:11,RETURNED,SOUTH
1125,20,2024-03-03 03:20:45,DELIVERED,SOUTH
1126,594,2024-11-21 02:04:30,PLACED,CENTRAL
1127,329,2024-09-16 04:06:36,DELIVERED,WEST
1128,24,2024-06-12 02:29:56,DELIVERED,WEST
1129,25,2025-03-31 01:36:14,SHIPPED,EAST
1130,94,2023-06-28 02:15:40,RETURNED,CENTRAL
1131,173,2024-03-19 06:41:00,PLACED,EAST
1132,92,2023-08-28 14:00:47,SHIPPED,WEST
1133,174,2023-04-02 12:27:47,DELIVERED,EAST
1134,186,2023-02-12 05:00:55,DELIVERED,EAST
1135,400,2023-06-03 09:27:04,SHIPPED,WEST
1136,332,2024-02-05 16:29:14,DELIVERED,NORTH
1137,54,2023-11-11 15:57:50,SHIPPED,CENTRAL
1138,243,2025-02-04 19:36:20,DELIVERED,CENTRAL
1139,395,2023-06-28 18:32:40,SHIPPED,EAST
1140,476,2025-05-09 05:50:55,DELIVERED,WEST
1141,30,2024-09-25 00:28:10,DELIVERED,NORTH
1142,276,2025-05-10 17:25:22,RETURNED,NORTH
1143,253,2025-05-11 16:59:33,DELIVERED,SOUTH
1144,,2024-04-18 04:47:23,DELIVERED,WEST
1145,86,2025-09-14 00:00:00,DELIVERED,SOUTH
1146,383,2025-04-19 13:03:15,RETURNED,SOUTH
1147,551,2024-10-20 06:38:11,RETURNED,CENTRAL
1148,463,2023-03-06 22:07:18,PLACED,WEST
1149,297,2025-10-11 11:47:54,RETURNED,NORTH
1150,,2023-04-04 11:29:15,RETURNED,WEST
1151,280,2025-07-17 18:07:31,SHIPPED,WEST
1152,360,2025-09-09 02:22:59,SHIPPED,CENTRAL
1153,289,2023-03-12 15:47:37,SHIPPED,CENTRAL
1154,577,2023-04-19 15:22:26,SHIPPED,WEST
1155,126,2023-08-05 22:32:21,DELIVERED,EAST
1156,443,2023-11-24 13:03:51,DELIVERED,EAST
1157,351,2025-09-13 16:50:58,SHIPPED,WEST
1158,280,2024-01-18 00:52:15,DELIVERED,EAST
1159,350,2023-11-24 04:37:40,DELIVERED,CENTRAL
1160,337,2023-01-25 15:50:54,RETURNED,SOUTH
1161,3,2025-08-03 17:12:54,DELIVERED,NORTH
1162,178,2024-10-03 19:50:03,DELIVERED,WEST
1163,403,2025-04-15 22:59:41,PLACED,NORTH
1164,552,2023-02-18 01:48:25,CANCELLED,WEST
1165,127,2024-07-02 08:35:50,RETURNED,WEST
1166,367,2024-08-23 19:07:25,SHIPPED,NORTH
1167,128,2024-12-19 00:00:00,DELIVERED,SOUTH
1168,456,2023-01-15 13:05:21,SHIPPED,NORTH
1169,288,2025-11-23 04:54:18,RETURNED,EAST
1170,197,2023-05-20 18:11:41,CANCELLED,EAST
1171,227,2023-12-30 21:46:08,RETURNED,EAST
1172,,2023-02-27 03:51:21,SHIPPED,CENTRAL
1173,215,2023-01-12 02:01:37,SHIPPED,WEST
1174,114,2024-03-06 20:15:58,DELIVERED,WEST
1175,175,2025-05-07 04:02:34,SHIPPED,CENTRAL
1176,579,2023-09-30 16:11:22,PLACED,SOUTH
1177,67,2023-07-17 22:58:07,SHIPPED,CENTRAL
1178,234,2025-03-23 13:50:03,DELIVERED,EAST
1179,197,2025-11-19 04:52:43,PLACED,CENTRAL
1180,259,2025-11-23 09:36:10,DELIVERED,WEST
1181,3,2024-10-25 00:00:00,DELIVERED,NORTH
1182,331,2024-11-02 22:33:52,CANCELLED,WEST
1183,281,2023-07-09 01:57:52,DELIVERED,WEST
1184,508,2024-07-15 12:38:49,DELIVERED,NORTH
1185,230,2023-03-14 22:58:08,SHIPPED,WEST
1186,546,2024-11-28 06:46:10,SHIPPED,WEST
1187,200,2024-06-03 22:44:14,PLACED,CENTRAL
1188,26,2023-12-17 12:01:17,RETURNED,WEST
1189,77,2024-01-24 00:00:00,SHIPPED,EAST
1190,319,2023-04-08 14:59:55,DELIVERED,NORTH
1191,29,2025-01-15 14:26:42,DELIVERED,NORTH
1192,343,2024-01-24 23:56:30,SHIPPED,WEST
1193,245,2024-06-13 10:01:05,CANCELLED,EAST
1194,533,2024-01-03 18:26:36,RETURNED,CENTRAL
1195,,2025-08-20 11:06:55,DELIVERED,NORTH
1196,458,2025-06-18 00:00:00,PLACED,NORTH
1197,35,2024-08-09 06:18:37,SHIPPED,NORTH
1198,,2023-07-18 02:52:44,PLACED,WEST
1199,57,2024-04-13 07:39:22,DELIVERED,WEST
1200,68,2023-06-08 00:00:00,DELIVERED,CENTRAL
1201,54,2024-04-03 03:17:38,CANCELLED,WEST
1202,99,2025-08-16 22:41:08,DELIVERED,SOUTH
1203,11,2024-12-05 08:23:47,DELIVERED,WEST
1204,104,2024-06-11 13:49:11,DELIVERED,NORTH
1205,465,2025-03-14 11:05:39,SHIPPED,SOUTH
1206,111,2023-06-09 00:00:00,PLACED,NORTH
1207,199,2025-06-09 10:53:50,PLACED,CENTRAL
1208,263,2024-07-06 01:56:41,DELIVERED,CENTRAL
1209,456,2023-10-16 19:43:37,SHIPPED,NORTH
1210,62,2023-07-18 08:17:00,SHIPPED,WEST
1211,526,2025-10-09 09:19:21,DELIVERED,EAST
1212,598,2025-04-20 15:17:58,DELIVERED,SOUTH
1213,481,2024-04-24 12:12:58,DELIVERED,EAST
1214,378,2023-01-13 13:18:46,DELIVERED,SOUTH
1215,59,2024-01-04 18:26:31,DELIVERED,CENTRAL
1216,56,2024-10-17 15:34:47,SHIPPED,SOUTH
1217,,2025-09-22 01:36:48,RETURNED,NORTH
1218,350,2023-10-22 03:41:14,DELIVERED,WEST
1219,340,2025-06-17 12:42:56,DELIVERED,EAST
1220,307,2024-10-12 10:05:30,SHIPPED,NORTH
1221,466,2023-03-07 13:02:14,DELIVERED,NORTH
1222,229,2025-12-12 00:00:00,SHIPPED,CENTRAL
1223,219,2024-01-07 07:16:32,DELIVERED,EAST
1224,385,2023-11-15 22:44:55,DELIVERED,NORTH
1225,372,2023-01-16 08:48:14,PLACED,NORTH
1226,569,2023-06-28 22:34:05,PLACED,WEST
1227,200,2025-09-07 17:51:32,DELIVERED,EAST
1228,45,2023-02-16 02:45:30,SHIPPED,EAST
1229,,2023-09-28 12:39:22,SHIPPED,EAST
1230,179,2024-06-11 21:18:51,CANCELLED,SOUTH
1231,183,2023-11-01 10:56:45,PLACED,EAST
1232,104,2023-02-02 14:42:14,CANCELLED,SOUTH
1233,389,2025-10-14 07:17:35,DELIVERED,NORTH
1234,347,2023-11-23 14:13:03,SHIPPED,SOUTH
1235,379,2024-08-01 10:13:25,DELIVERED,CENTRAL
1236,445,2023-04-12 13:27:02,PLACED,SOUTH
1237,195,2023-10-25 18:23:47,DELIVERED,EAST
1238,326,2025-07-20 08:48:46,DELIVERED,SOUTH
1239,48,2025-08-14 23:11:19,DELIVERED,CENTRAL
1240,302,2023-08-19 18:58:34,SHIPPED,NORTH
1241,287,2023-07-16 10:42:56,CANCELLED,CENTRAL
1242,501,2023-11-22 00:56:31,DELIVERED,WEST
1243,67,2023-09-18 02:22:29,DELIVERED,CENTRAL
1244,384,2025-02-13 12:41:58,DELIVERED,SOUTH
1245,330,2024-08-03 19:12:32,DELIVERED,WEST
1246,507,2025-01-05 22:59:03,SHIPPED,WEST
1247,598,2025-10-06 07:57:39,PLACED,SOUTH
1248,,2023-11-12 08:24:25,DELIVERED,SOUTH
1249,406,2023-12-06 13:45:53,SHIPPED,WEST
1250,586,2023-09-02 05:11:19,RETURNED,EAST
1251,261,2025-05-05 06:03:55,PLACED,NORTH
1252,303,2024-11-21 12:21:33,DELIVERED,SOUTH
1253,598,2023-03-05 21:55:09,DELIVERED,CENTRAL
1254,345,2024-10-23 22:14:48,DELIVERED,WEST
1255,419,2024-07-24 21:50:17,CANCELLED,EAST
1256,280,2024-08-16 23:49:17,PLACED,WEST
1257,240,2024-02-17 15:12:47,DELIVERED,EAST
1258,85,2024-04-02 12:25:12,CANCELLED,CENTRAL
1259,560,2025-09-26 00:00:00,PLACED,EAST
1260,234,2023-06-02 20:57:27,PLACED,EAST
1261,40,2025-04-28 05:19:37,SHIPPED,SOUTH
1262,338,2024-01-24 09:33:25,SHIPPED,EAST
1263,196,2025-07-27 08:01:16,RETURNED,CENTRAL
1264,268,2023-01-14 06:09:57,DELIVERED,EAST
1265,355,2024-09-19 07:10:13,RETURNED,CENTRAL
1266,13,2025-01-03 05:35:03,DELIVERED,SOUTH
1267,408,2023-12-20 12:44:28,SHIPPED,SOUTH
1268,486,2023-12-30 01:49:55,DELIVERED,CENTRAL
1269,480,2024-12-17 18:16:52,SHIPPED,NORTH
1270,321,2023-10-19 19:25:37,DELIVERED,WEST
1271,215,2024-11-12 11:12:20,DELIVERED,CENTRAL
1272,31,2024-08-05 00:00:00,PLACED,SOUTH
1273,313,2023-01-16 00:56:22,DELIVERED,EAST
1274,348,2023-12-17 06:54:01,DELIVERED,WEST
1275,551,2024-04-10 11:17:05,SHIPPED,NORTH
1276,582,2023-02-20 00:50:17,RETURNED,SOUTH
1277,339,2025-06-01 15:41:29,DELIVERED,CENTRAL
1278,,2025-08-02 05:48:57,DELIVERED,WEST
1279,391,2023-11-14 05:17:59,RETURNED,NORTH
1280,548,2024-08-23 07:17:52,SHIPPED,NORTH
1281,337,2025-06-03 17:03:30,RETURNED,EAST
1282,96,2023-09-24 07:08:14,PLACED,CENTRAL
1283,182,2023-02-19 19:15:06,CANCELLED,CENTRAL
1284,501,2023-02-11 00:00:00,SHIPPED,NORTH
1285,396,2024-03-16 21:29:16,SHIPPED,EAST
1286,537,2023-04-19 17:01:20,DELIVERED,EAST
1287,531,2023-01-18 03:51:55,SHIPPED,WEST
1288,401,2023-09-01 22:42:21,RETURNED,SOUTH
1289,550,2024-10-11 23:34:29,DELIVERED,NORTH
1290,399,2023-11-17 18:07:15,PLACED,SOUTH
1291,318,2024-11-02 09:36:32,CANCELLED,WEST
1292,163,2025-07-26 19:55:10,DELIVERED,EAST
1293,208,2025-02-19 00:00:00,DELIVERED,WEST
1294,283,2023-11-10 08:01:22,PLACED,SOUTH
1295,457,2023-04-10 08:58:33,CANCELLED,CENTRAL
1296,253,2025-03-27 21:21:05,SHIPPED,CENTRAL
1297,503,2024-12-15 21:40:10,DELIVERED,NORTH
1298,94,2024-03-23 00:00:00,DELIVERED,WEST
1299,356,2025-12-23 21:41:34,CANCELLED,EAST
1300,401,2025-08-10 00:00:00,CANCELLED,SOUTH
1301,426,2024-01-23 00:25:09,SHIPPED,CENTRAL
1302,443,2024-12-12 05:04:14,DELIVERED,SOUTH
1303,583,2023-05-29 09:46:19,DELIVERED,NORTH
1304,246,2023-09-03 08:08:24,SHIPPED,CENTRAL
1305,299,2025-11-01 14:46:19,RETURNED,SOUTH
1306,506,2024-09-30 21:33:39,RETURNED,CENTRAL
1307,125,2024-07-26 19:19:40,PLACED,NORTH
1308,,2025-02-22 13:12:09,DELIVERED,EAST
1309,420,2024-12-01 12:06:43,SHIPPED,SOUTH
1310,519,2023-03-11 08:07:10,DELIVERED,NORTH
1311,473,2024-08-15 02:30:34,SHIPPED,WEST
1312,,2023-10-29 23:53:27,DELIVERED,NORTH
1313,257,2023-06-28 03:40:53,DELIVERED,SOUTH
1314,335,2025-11-07 06:25:48,DELIVERED,WEST
1315,473,2023-04-17 00:03:58,PLACED,SOUTH
1316,449,2023-08-06 21:06:49,DELIVERED,EAST
1317,166,2023-09-23 00:01:20,CANCELLED,CENTRAL
1318,103,2023-10-03 07:51:34,SHIPPED,CENTRAL
1319,401,2023-09-19 16:23:49,PLACED,NORTH
1320,280,2023-08-27 10:45:48,DELIVERED,SOUTH
1321,222,2023-02-23 12:11:48,CANCELLED,CENTRAL
1322,222,2024-11-17 17:07:19,DELIVERED,CENTRAL
1323,106,2024-08-29 19:18:32,DELIVERED,WEST
1324,54,2025-07-18 06:42:43,PLACED,WEST
1325,207,2024-01-23 21:28:57,DELIVERED,SOUTH
1326,,2023-11-07 16:00:25,PLACED,WEST
1327,29,2023-01-23 14:50:05,SHIPPED,SOUTH
1328,65,2023-12-09 15:21:55,RETURNED,NORTH
1329,172,2023-09-17 11:58:23,PLACED,CENTRAL
1330,111,2024-05-23 04:43:04,SHIPPED,SOUTH
1331,213,2025-04-21 12:08:19,DELIVERED,WEST
1332,124,2023-12-28 00:48:12,SHIPPED,EAST
1333,332,2023-09-27 17:04:51,PLACED,EAST
1334,13,2024-08-27 13:55:49,SHIPPED,SOUTH
1335,,2023-04-13 13:15:55,DELIVERED,EAST
1336,378,2023-03-10 06:09:45,PLACED,SOUTH
1337,421,2024-04-13 10:00:41,DELIVERED,WEST
1338,105,2025-04-12 22:17:46,DELIVERED,CENTRAL
1339,176,2024-01-27 09:00:34,RETURNED,CENTRAL
1340,333,2025-09-07 00:41:04,DELIVERED,SOUTH
1341,341,2023-09-30 00:00:00,DELIVERED,EAST
1342,494,2023-04-15 21:05:06,SHIPPED,CENTRAL
1343,,2025-06-27 19:45:25,DELIVERED,CENTRAL
1344,,2025-09-22 02:59:56,DELIVERED,CENTRAL
1345,14,2023-12-28 08:10:36,PLACED,NORTH
1346,317,2024-01-03 05:29:37,DELIVERED,SOUTH
1347,,2025-08-20 18:33:35,PLACED,SOUTH
1348,384,2025-02-13 17:52:15,SHIPPED,SOUTH
1349,385,2023-11-14 12:02:14,DELIVERED,SOUTH
1350,455,2024-05-25 14:26:45,PLACED,EAST
1351,41,2025-03-20 03:32:51,DELIVERED,WEST
1352,296,2023-02-06 19:21:05,SHIPPED,EAST
1353,,2024-06-16 09:50:29,SHIPPED,CENTRAL
1354,56,2025-10-30 01:13:16,RETURNED,SOUTH
1355,391,2025-03-21 01:52:57,SHIPPED,WEST
1356,7,2023-04-11 09:05:30,CANCELLED,NORTH
1357,,2023-10-26 23:37:55,PLACED,SOUTH
1358,210,2023-07-15 01:15:12,PLACED,CENTRAL
1359,563,2023-11-14 11:35:24,SHIPPED,NORTH
1360,437,2024-12-26 13:47:24,SHIPPED,SOUTH
1361,251,2024-10-20 16:29:28,SHIPPED,SOUTH
1362,311,2024-03-19 06:43:36,DELIVERED,SOUTH
1363,279,2025-01-17 11:20:39,PLACED,EAST
1364,408,2024-08-09 18:19:43,SHIPPED,WEST
1365,433,2025-02-23 22:40:18,DELIVERED,WEST
1366,160,2025-01-18 18:17:22,PLACED,WEST
1367,438,2023-05-10 07:08:44,DELIVERED,EAST
1368,551,2023-08-26 08:44:55,DELIVERED,SOUTH
1369,264,2024-08-14 00:12:46,DELIVERED,WEST
1370,291,2024-08-05 18:29:22,DELIVERED,WEST
1371,74,2024-06-01 15:52:09,PLACED,WEST
1372,201,2023-08-29 08:32:44,RETURNED,NORTH
1373,14,2025-02-16 19:26:30,DELIVERED,EAST
1374,504,2024-09-20 10:54:47,RETURNED,WEST
1375,383,2024-08-19 13:57:10,DELIVERED,CENTRAL
1376,,2023-04-21 15:48:33,DELIVERED,NORTH
1377,128,2024-08-20 19:21:12,RETURNED,SOUTH
1378,199,2024-11-08 18:21:58,RETURNED,EAST
1379,522,2025-01-29 01:08:33,DELIVERED,EAST
1380,60,2025-10-08 03:32:49,DELIVERED,WEST
1381,253,2024-01-12 11:34:11,DELIVERED,EAST
1382,29,2025-12-19 11:37:09,DELIVERED,SOUTH
1383,268,2025-07-29 12:16:35,DELIVERED,SOUTH
1384,261,2024-01-20 08:17:32,DELIVERED,SOUTH
1385,13,2023-07-01 08:02:01,DELIVERED,WEST
1386,408,2025-06-29 00:00:00,RETURNED,NORTH
1387,,2025-03-16 12:27:43,RETURNED,WEST
1388,170,2024-10-25 02:55:19,SHIPPED,EAST
1389,513,2025-04-08 07:11:08,DELIVERED,WEST
1390,316,2024-10-01 09:53:43,DELIVERED,NORTH
1391,112,2025-09-15 06:31:07,DELIVERED,EAST
1392,147,2024-02-22 21:50:32,DELIVERED,WEST
1393,316,2023-01-10 00:00:00,RETURNED,WEST
1394,2,2023-05-31 11:36:00,PLACED,WEST
1395,,2025-03-26 00:00:00,DELIVERED,EAST
1396,442,2023-09-23 01:42:22,SHIPPED,SOUTH
1397,138,2023-11-04 14:44:25,DELIVERED,CENTRAL
1398,113,2024-12-01 01:51:06,DELIVERED,SOUTH
1399,191,2023-11-09 03:37:04,PLACED,SOUTH
1400,197,2024-02-07 21:20:24,RETURNED,WEST
1401,452,2025-08-31 18:11:28,RETURNED,NORTH
1402,,2025-09-15 15:57:57,SHIPPED,EAST
1403,88,2024-08-09 18:44:26,PLACED,NORTH
1404,351,2023-02-16 02:03:10,DELIVERED,WEST
1405,497,2025-11-11 03:58:23,DELIVERED,NORTH
1406,,2023-04-05 20:21:00,SHIPPED,NORTH
1407,597,2023-03-07 00:00:00,PLACED,CENTRAL
1408,8,2024-08-06 13:50:10,DELIVERED,EAST
1409,498,2025-01-05 03:21:34,DELIVERED,CENTRAL
1410,440,2024-06-06 19:30:03,DELIVERED,EAST
1411,323,2024-01-08 04:49:28,RETURNED,WEST
1412,388,2025-08-06 20:36:44,PLACED,EAST
1413,339,2023-06-05 14:52:58,PLACED,WEST
1414,143,2023-02-09 21:26:08,DELIVERED,CENTRAL
1415,287,2025-12-22 06:28:28,DELIVERED,SOUTH
1416,378,2024-12-03 00:43:37,DELIVERED,WEST
1417,528,2024-10-03 18:28:32,DELIVERED,NORTH
1418,330,2023-01-26 20:01:21,DELIVERED,NORTH
1419,334,2025-11-19 03:02:26,DELIVERED,CENTRAL
1420,497,2024-09-13 15:14:22,DELIVERED,NORTH
1421,357,2024-10-26 00:00:00,RETURNED,WEST
1422,103,2024-08-20 20:33:59,SHIPPED,SOUTH
1423,147,2025-03-18 21:02:03,CANCELLED,CENTRAL
1424,33,2023-07-18 15:01:00,DELIVERED,NORTH
1425,309,2025-11-11 13:34:33,RETURNED,WEST
1426,173,2024-11-24 06:46:26,RETURNED,WEST
1427,554,2024-01-10 05:27:47,SHIPPED,SOUTH
1428,92,2023-06-13 20:11:40,DELIVERED,NORTH
1429,165,2024-05-22 04:49:54,RETURNED,EAST
1430,226,2024-02-05 05:05:17,DELIVERED,NORTH
1431,140,2025-04-10 09:13:07,DELIVERED,WEST
1432,93,2025-12-10 15:35:50,SHIPPED,SOUTH
1433,590,2025-07-22 02:57:07,PLACED,EAST
1434,387,2024-08-15 20:57:43,DELIVERED,CENTRAL
1435,448,2023-12-29 12:34:08,SHIPPED,NORTH
1436,298,2023-05-17 04:57:36,PLACED,EAST
1437,193,2023-06-30 08:45:13,DELIVERED,SOUTH
1438,321,2024-08-13 14:42:03,DELIVERED,NORTH
1439,319,2023-04-07 03:14:15,DELIVERED,SOUTH
1440,398,2024-10-20 04:37:29,SHIPPED,EAST
1441,130,2025-03-18 09:44:09,DELIVERED,CENTRAL
1442,228,2023-06-15 13:48:40,DELIVERED,CENTRAL
1443,472,2024-05-05 18:35:00,PLACED,EAST
1444,225,2025-02-15 11:06:44,DELIVERED,SOUTH
1445,291,2023-08-15 14:27:13,DELIVERED,NORTH
1446,328,2024-04-24 20:18:25,DELIVERED,NORTH
1447,281,2025-06-10 15:13:31,DELIVERED,SOUTH
1448,507,2024-03-28 19:43:30,DELIVERED,WEST
1449,61,2024-06-01 12:31:44,SHIPPED,SOUTH
1450,231,2025-12-24 01:04:51,DELIVERED,SOUTH
1451,,2025-01-27 07:29:26,DELIVERED,EAST
1452,164,2023-02-03 12:01:55,DELIVERED,EAST
1453,433,2025-11-19 01:53:41,DELIVERED,EAST
1454,401,2024-08-30 11:53:20,PLACED,EAST
1455,290,2025-12-17 18:47:26,RETURNED,CENTRAL
1456,404,2023-06-01 04:20:11,PLACED,CENTRAL
1457,,2023-03-26 01:51:46,CANCELLED,EAST
1458,469,2025-10-13 22:31:26,SHIPPED,SOUTH
1459,453,2025-12-17 03:06:09,DELIVERED,SOUTH
1460,215,2023-12-05 20:43:01,CANCELLED,SOUTH
1461,,2025-10-08 15:54:44,PLACED,CENTRAL
1462,105,2025-11-19 17:31:14,DELIVERED,SOUTH
1463,386,2024-10-25 11:51:16,DELIVERED,SOUTH
1464,58,2023-05-30 04:55:08,DELIVERED,WEST
1465,184,2023-03-23 12:18:08,PLACED,CENTRAL
1466,347,2025-07-10 00:00:00,DELIVERED,SOUTH
1467,414,2024-01-16 14:17:58,PLACED,SOUTH
1468,407,2025-01-29 01:17:37,SHIPPED,CENTRAL
1469,177,2025-10-11 02:02:05,DELIVERED,NORTH
1470,475,2025-10-07 05:20:56,DELIVERED,WEST
1471,377,2023-01-19 00:34:10,PLACED,NORTH
1472,125,2025-01-29 23:23:07,DELIVERED,CENTRAL
1473,231,2023-02-05 18:29:59,DELIVERED,CENTRAL
1474,492,2024-03-01 05:12:01,DELIVERED,NORTH
1475,186,2024-08-19 11:03:42,DELIVERED,WEST
1476,306,2025-06-06 16:11:50,PLACED,EAST
1477,66,2025-04-14 23:51:54,SHIPPED,NORTH
1478,,2024-09-03 17:47:57,DELIVERED,CENTRAL
1479,543,2025-01-28 22:57:31,PLACED,CENTRAL
1480,552,2025-10-09 09:09:42,PLACED,SOUTH
1481,121,2023-10-08 15:38:54,CANCELLED,SOUTH
1482,6,2025-05-11 17:31:35,DELIVERED,EAST
1483,126,2023-03-02 19:21:46,PLACED,SOUTH
1484,166,2023-05-17 10:12:05,DELIVERED,NORTH
1485,87,2023-07-13 17:47:28,DELIVERED,EAST
1486,558,2023-09-24 00:00:00,DELIVERED,NORTH
1487,255,2024-04-11 23:10:46,PLACED,CENTRAL
1488,,2024-03-31 18:37:35,DELIVERED,WEST
1489,144,2025-06-15 10:47:01,DELIVERED,EAST
1490,536,2024-06-30 23:52:40,DELIVERED,CENTRAL
1491,215,2025-12-04 00:00:00,PLACED,NORTH
1492,243,2023-02-27 01:32:27,SHIPPED,EAST
1493,221,2023-07-28 11:38:13,DELIVERED,SOUTH
1494,368,2024-03-06 22:03:43,PLACED,CENTRAL
1495,433,2023-04-26 12:19:44,DELIVERED,EAST
1496,391,2025-10-06 09:08:30,RETURNED,WEST
1497,468,2023-05-10 00:00:00,RETURNED,WEST
1498,147,2025-04-12 11:57:40,SHIPPED,EAST
1499,198,2024-08-01 02:28:08,DELIVERED,CENTRAL
1500,168,2024-10-13 23:02:44,CANCELLED,EAST
