customer_id,customer_name,email,registration_date,customer_type
1,Allison Hill,donaldgarcia@example.net,2026-03-19,REGULAR
2,Javier Johnson,jesseguzman@example.net,2024-02-19,REGULAR
3,Kimberly Robinson,lisa02@example.net,2024-10-21,PREMIUM
4,Daniel Gallagher,daviscolin@example.com,2025-05-08,REGULAR
5,Monica Herrera,smiller@example.net,2025-05-24,PREMIUM
6,Laura Bush,stanleykendra@example.org,2026-02-07,PREMIUM
7,Jamie Chavez,francisco53@example.net,2024-05-04,REGULAR
8,Maria Lynch,amandasanchez@example.com,2024-09-04,REGULAR
9,Margaret Hawkins DDS,perezantonio@example.com,2024-09-28,REGULAR
10,Thomas Bradley,jason76@example.net,2024-11-30,PREMIUM
11,David Hoffman,julie69@example.com,2024-08-16,PREMIUM
12,Brenda Snyder PhD,hernandezernest@example.net,2024-10-21,REGULAR
13,James Ferrell,tasha01@example.net,2026-03-11,REGULAR
14,Patricia Peterson,ryan70@example.net,2026-03-02,REGULAR
15,Jonathan White,harrellkenneth@example.net,2025-01-22,REGULAR
16,James Martin,georgetracy@example.org,2026-04-29,PREMIUM
17,Sandra Parker,allenashley@example.org,2023-10-18,REGULAR
18,Mr. Philip Cannon,donnaarroyo@example.org,2024-05-02,REGULAR
19,Jenny Lewis,jenniferross@example.net,2025-06-27,REGULAR
20,Joseph Martinez,calebsmith@example.net,2024-03-24,REGULAR
21,Benjamin Welch,carlosjohnson@example.com,2023-10-02,REGULAR
22,Michael Lewis,jenniferkhan@example.net,2024-12-15,REGULAR
23,Rhonda Lee,hopkinsmichael@example.com,2024-12-09,REGULAR
24,Megan Joyce,brownjessica@example.org,2024-04-14,REGULAR
25,Jerry Henderson,steven17@example.net,2023-11-01,VIP
26,Kimberly Smith,kimberly.smith@example.com,2023-10-27,REGULAR
27,Cynthia Russell,zlewis@example.org,2024-01-13,PREMIUM
28,James House,smitchell@example.net,2026-07-10,PREMIUM
29,Michelle Moore,jeff09@example.net,2025-03-01,PREMIUM
30,Amy Silva,brianromero@example.org,2023-09-30,REGULAR
31,Scott Powell,scott.powell@example.com,2026-05-13,REGULAR
32,Lauren Williams,barnesbrandy@example.net,2024-06-27,REGULAR
33,Michael Edwards,michael.edwards@example.com,2024-05-02,VIP
34,Matthew Bryant,smithchristine@example.net,2026-07-11,PREMIUM
35,Daniel Baker,nicole35@example.com,2024-01-05,PREMIUM
36,Michele Carr,contrerasangela@example.net,2023-11-07,REGULAR
37,Deborah Preston,josephjacobs@example.net,2024-07-26,REGULAR
38,Sarah Wagner,rebecca01@example.net,2024-10-22,PREMIUM
39,Aaron Wise,evan78@example.net,2024-10-27,REGULAR
40,Benjamin Ware,amydavenport@example.net,2025-03-13,REGULAR
41,Andrew Diaz,nolanjason@example.org,2025-07-16,PREMIUM
42,Justin Baxter,sarayoung@example.org,2026-06-19,PREMIUM
43,Sierra Johnson,kimberly63@example.com,2024-01-07,PREMIUM
44,Janet Williams,dwalker@example.com,2024-06-15,REGULAR
45,Crystal Johnson,raymondramirez@example.org,2026-06-09,PREMIUM
46,Martin Ross,sheila14@example.org,2025-04-12,REGULAR
47,Mrs. Linda Reed,samuel81@example.com,2026-03-27,REGULAR
48,Andrew Graham,michaeljones@example.net,2026-04-20,REGULAR
49,Mary Martinez,william65@example.com,2025-08-18,REGULAR
50,Cheryl Ortega,lbyrd@example.net,2025-03-31,VIP
51,Roy Torres,russellcarpenter@example.net,2024-07-03,PREMIUM
52,Michael Dixon,donnacampbell@example.net,2025-06-09,REGULAR
53,Robert Potter,jeffrey32@example.org,2023-09-05,REGULAR
54,Miss Patricia Gibson,jennifercruz@example.com,2024-04-09,PREMIUM
55,Abigail Potter,osbornejeffery@example.net,2025-02-03,REGULAR
56,David Charles,danderson@example.net,2025-02-17,PREMIUM
57,Emily Fischer,usalazar@example.net,2024-10-26,PREMIUM
58,Jill Moore,wcole@example.org,2026-01-21,REGULAR
59,Richard Washington,joshuajones@example.com,2024-03-29,REGULAR
60,Steven Miller,jessebenson@example.net,2024-03-07,VIP
61,Gary Owens,clarkrobert@example.net,2026-05-17,REGULAR
62,Spencer Johnston,wsmith@example.com,2025-10-19,PREMIUM
63,Tiffany Barnes,tracynelson@example.com,2023-08-17,REGULAR
64,Michael Powell,marycalhoun@example.net,2025-02-20,REGULAR
65,Leslie Alvarado,dayderek@example.com,2024-01-31,PREMIUM
66,Garrett Gibson,kathleen64@example.com,2024-04-18,PREMIUM
67,Alec Ryan,jeffrey10@example.org,2026-05-21,REGULAR
68,Alex Hernandez,thomaswilson@example.org,2024-12-07,REGULAR
69,Jacob Obrien,stricklandfrank@example.com,2023-11-12,PREMIUM
70,Eric Byrd,tsanders@example.org,2023-10-08,REGULAR
71,Lori Garcia,melissa91@example.net,2025-11-19,PREMIUM
72,Jeffrey Wood,alexander67@example.org,2024-11-02,REGULAR
73,Steven Stevens,ryangross@example.net,2024-05-07,REGULAR
74,Kimberly Webb,lpetersen@example.com,2024-07-03,REGULAR
75,Timothy Ramirez,dsanchez@example.net,2025-05-15,VIP
76,Allen Rosales,tonykelly@example.com,2024-07-23,REGULAR
77,Meredith Hill,blackjames@example.org,2025-09-12,REGULAR
78,Peter Vaughn DDS,bwest@example.org,2024-06-03,PREMIUM
79,David Beck,thomas85@example.com,2026-07-12,PREMIUM
80,Heather Chavez,john13@example.com,2023-11-24,REGULAR
81,Pamela Lopez,joannahill@example.net,2026-06-20,REGULAR
82,Diane Garcia,kennethward@example.com,2023-08-01,PREMIUM
83,Denise Mccann,heidi27@example.org,2026-02-26,REGULAR
84,Julie Alexander,tammyking@example.com,2023-11-18,REGULAR
85,John Ray,hernandezlisa@example.com,2023-10-18,REGULAR
86,Justin Butler,kimberlyjames@example.com,2024-06-06,REGULAR
87,Jessica Carroll,lynchjody@example.org,2025-05-31,REGULAR
88,Brad Allen,moorericky@example.net,2025-04-27,REGULAR
89,David Mann,ojones@example.com,2025-11-25,VIP
90,Mary Peck,mary.peck@example.com,2024-10-24,PREMIUM
91,Maria Kerr,charlesmartin@example.com,2025-04-28,REGULAR
92,Tammy Gonzales,sbarker@example.com,2026-05-14,REGULAR
93,Katherine Miller,prestonjessica@example.net,2024-04-16,PREMIUM
94,Vernon Huff,keyemily@example.com,2025-04-07,REGULAR
95,Casey Stone,lmoon@example.net,2024-11-05,REGULAR
96,Tracy Harrison,qcook@example.org,2026-02-10,REGULAR
97,Michael Roberts,jcervantes@example.org,2024-11-26,VIP
98,Frank Cordova,ahancock@example.net,2026-02-22,PREMIUM
99,Anthony Stone,wgarrett@example.org,2024-02-24,REGULAR
100,Tanya Kim,omartinez@example.net,2025-12-08,REGULAR
101,Emily Smith,hdavis@example.com,2026-05-19,REGULAR
102,Brittany Cantu,william46@example.com,2026-06-24,VIP
103,Juan Reyes,michellehill@example.com,2024-07-23,PREMIUM
104,Debra Smith,mary97@example.org,2024-11-16,REGULAR
105,Mr. Phillip Bennett,mr..phillip.bennett@example.com,2026-05-03,REGULAR
106,Veronica Allen,xhall@example.com,2023-09-02,PREMIUM
107,Michele Shepherd,ymcneil@example.net,2026-06-24,REGULAR
108,Andrew Shaw MD,sawyerscott@example.net,2026-04-08,PREMIUM
109,Charles Pitts,charlesharrington@example.com,2024-07-21,REGULAR
110,Marie Christian,ofinley@example.net,2026-03-14,REGULAR
111,Joshua Williamson II,wendy16@example.org,2025-10-26,REGULAR
112,Ashlee Jackson,rebecca05@example.org,2024-06-02,REGULAR
113,Charles Schmidt,georgemiller@example.com,2025-05-25,VIP
114,Thomas Thomas,dlittle@example.com,2025-07-16,PREMIUM
115,Julie Roberts,julie.roberts@example.com,2025-03-06,REGULAR
116,Tony Huerta,danielle64@example.com,2026-01-27,REGULAR
117,James Webb,patrickhoward@example.com,2026-07-07,REGULAR
118,William Barrett,alan09@example.net,2025-01-10,REGULAR
119,Donna Lindsey,jeffery39@example.com,2025-07-28,PREMIUM
120,Mary Massey,bergerdebbie@example.com,2025-11-26,PREMIUM
121,Jacob Anderson,mark62@example.org,2023-12-08,VIP
122,Valerie Schmidt,maria47@example.com,2025-10-11,REGULAR
123,Brian Mccarty,karenperez@example.net,2025-09-17,REGULAR
124,Tracy Ballard,christopher60@example.com,2025-02-23,PREMIUM
125,Michael Chambers,xcarson@example.org,2025-07-24,VIP
126,Manuel Hahn,rose31@example.net,2026-01-04,REGULAR
127,Elizabeth Ortiz,brandonjohnson@example.com,2023-11-21,REGULAR
128,Joshua Price,ellen86@example.net,2025-10-06,PREMIUM
129,Jason Garcia,rgilbert@example.org,2025-08-10,VIP
130,Jeremy Young,cory58@example.net,2024-08-12,VIP
131,Colton Martinez,ndavis@example.net,2025-06-16,PREMIUM
132,Amber Cook,kristinharris@example.net,2024-02-28,PREMIUM
133,Sergio Murphy,kristinacarlson@example.com,2026-02-10,PREMIUM
134,Carlos King,danieldelacruz@example.org,2023-08-02,REGULAR
135,Cynthia Morris,josephmartinez@example.com,2025-02-12,PREMIUM
136,Karen Strickland,hayesjeffrey@example.net,2023-09-02,REGULAR
137,Sharon Boyd,bschneider@example.org,2026-07-14,PREMIUM
138,Jessica Rodriguez,fjones@example.com,2025-05-13,REGULAR
139,Donald Schultz,oscar98@example.com,2024-11-24,REGULAR
140,Annette Miles,russellbeasley@example.com,2024-07-22,REGULAR
141,Jason Davis,qedwards@example.com,2026-05-26,REGULAR
142,Kara Davis,daviscolin@example.net,2024-08-28,REGULAR
143,Anthony Frye,anthony.frye@example.com,2025-03-23,REGULAR
144,Jennifer Russo,uparrish@example.org,2026-06-11,PREMIUM
145,Heather Lane,ericolson@example.org,2024-08-03,REGULAR
146,Ashley Ramirez,lindsaybruce@example.net,2025-05-18,REGULAR
147,Allison Hickman,anthony44@example.com,2024-08-04,REGULAR
148,Charles Sandoval,thomascynthia@example.org,2023-10-25,REGULAR
149,Jamie Chavez,mitchellgriffith@example.net,2025-04-29,REGULAR
150,Brittney Webster,craigjoseph@example.net,2024-10-23,REGULAR
151,Jennifer Lewis,reeddaniel@example.net,2025-07-28,REGULAR
152,Mr. Andrew Foster,smithkevin@example.org,2025-11-03,REGULAR
153,Donna Wilson,lburgess@example.org,2024-09-05,PREMIUM
154,Kathryn Whitaker,charles06@example.org,2024-12-01,PREMIUM
155,Erik Patterson,amckinney@example.com,2023-11-20,REGULAR
156,Frederick Solis,xcollier@example.org,2024-11-06,REGULAR
157,Jeffrey Morales,fosterkyle@example.com,2024-03-15,REGULAR
158,Angela Schultz,rebeccabailey@example.net,2026-05-31,REGULAR
159,Brittany Garcia,james92@example.net,2023-10-07,REGULAR
160,Lori Marshall,kmaldonado@example.net,2025-06-11,PREMIUM
161,Sharon Burton,scottharrison@example.net,2024-06-12,REGULAR
162,Anthony Romero,steven00@example.com,2026-01-12,REGULAR
163,Sean Wyatt,jford@example.net,2026-03-23,PREMIUM
164,Robert Pearson,cassidy82@example.org,2024-11-21,REGULAR
165,Sara Haas,wagnergerald@example.org,2025-08-29,PREMIUM
166,Kelly Bishop MD,paul59@example.org,2025-11-27,PREMIUM
167,Andrea Davis,umitchell@example.net,2026-06-07,REGULAR
168,Brittany Miller,sabrinacollins@example.net,2025-08-19,PREMIUM
169,Kurt Hurley,angelica52@example.net,2025-08-24,PREMIUM
170,Yolanda Gaines,lucasrodney@example.com,2023-08-05,REGULAR
171,Trevor Peterson,ilee@example.org,2023-10-09,REGULAR
172,Ashley Wise,stanleynancy@example.net,2023-12-07,REGULAR
173,Christopher Guerra,jenniferwilliams@example.com,2025-07-26,REGULAR
174,Jeremy Mitchell,pyoung@example.com,2026-06-08,REGULAR
175,Stephanie Lee,smurray@example.com,2025-01-17,REGULAR
176,Christopher Gonzalez,moniquewilliams@example.com,2026-02-28,PREMIUM
177,Ashley Singleton,mitchellkathryn@example.com,2024-11-20,REGULAR
178,Sandra Davis,lisawilkerson@example.org,2024-10-13,PREMIUM
179,James Hughes,brooksanthony@example.org,2026-01-20,PREMIUM
180,Raven Taylor,samantha72@example.net,2024-12-11,REGULAR
181,Susan Smith,marydunn@example.net,2025-05-13,PREMIUM
182,Ricardo Young,williamsrobert@example.net,2024-11-28,REGULAR
183,Taylor Carlson,chenbailey@example.net,2023-12-21,REGULAR
184,Lucas Allen,qlopez@example.org,2025-02-09,REGULAR
185,Troy Stephens,myerstheodore@example.net,2024-09-12,PREMIUM
186,Paul Kelly,cooperjessica@example.net,2023-11-07,REGULAR
187,Nicole Anderson,amy27@example.net,2024-12-21,REGULAR
188,Chad Baldwin,mjohnson@example.org,2025-11-29,REGULAR
189,Emily Collins,ihays@example.com,2024-04-19,PREMIUM
190,Cheryl Kelly,glennmartin@example.org,2025-12-08,VIP
191,James Gonzales,lmorgan@example.com,2025-08-12,REGULAR
192,Robert Adams,acostachristian@example.net,2026-07-10,REGULAR
193,Edward Garcia,donna47@example.net,2025-09-09,REGULAR
194,Jeremy West,christina64@example.net,2026-06-24,VIP
195,Angela Walsh,william20@example.org,2026-01-31,PREMIUM
196,Jessica Martinez,kimberlydiaz@example.com,2026-05-21,REGULAR
197,Christian Cole,nathan19@example.org,2025-02-15,PREMIUM
198,Matthew Wright,johnsonjacob@example.net,2024-09-12,PREMIUM
199,Deborah Green,nlewis@example.com,2025-08-14,PREMIUM
200,Mrs. Brandy Jones MD,zosborn@example.net,2026-06-10,PREMIUM
201,Miss Michelle Pierce,patricia22@example.com,2025-01-24,REGULAR
202,Curtis Taylor,jjohnson@example.net,2024-08-23,REGULAR
203,Kristen Salazar,jonesraymond@example.net,2025-09-11,REGULAR
204,Patricia Morrow,martinezlogan@example.org,2024-11-20,REGULAR
205,Haley Humphrey,katrinaanderson@example.net,2026-04-09,PREMIUM
206,Caleb Hernandez,fernandodonovan@example.org,2024-07-29,REGULAR
207,Stephanie Singleton,james84@example.org,2025-05-31,REGULAR
208,Anna Davidson,georgeweber@example.net,2024-07-20,REGULAR
209,Amanda Shields,williamsdarlene@example.net,2024-05-01,REGULAR
210,Kenneth Montgomery,jimenezcourtney@example.com,2025-06-18,VIP
211,David Aguirre,eevans@example.net,2023-09-20,REGULAR
212,John Harris,larryhiggins@example.net,2026-07-02,REGULAR
213,James Hodges,floressteven@example.com,2024-11-20,REGULAR
214,Anthony Dougherty,kwright@example.com,2026-05-04,PREMIUM
215,Cheryl Moore,tjimenez@example.com,2023-08-11,REGULAR
216,Kathy Levy,brandywilliams@example.com,2025-01-08,REGULAR
217,Martha Ruiz,booneryan@example.com,2025-09-20,PREMIUM
218,Holly Morales,michaelroberts@example.com,2025-01-19,REGULAR
219,Diana Hays,andersoncolin@example.com,2025-12-03,VIP
220,Todd Fischer,carriemorales@example.org,2023-09-04,REGULAR
221,Gary Wells,ghernandez@example.org,2024-07-10,REGULAR
222,Carla Ewing,brittney88@example.net,2025-01-03,REGULAR
223,Karen Smith,emily69@example.com,2025-12-05,REGULAR
224,Melissa Johnson,pbaker@example.net,2025-04-09,PREMIUM
225,Lauren Jackson,rhernandez@example.org,2023-08-20,REGULAR
226,Ashley Smith,robert63@example.com,2025-01-16,REGULAR
227,Kaitlyn Charles,thorntonapril@example.net,2024-07-06,REGULAR
228,Kelly Edwards,stevepatel@example.net,2024-08-07,PREMIUM
229,Michelle Schneider,michelle.schneider@example.com,2025-08-14,REGULAR
230,Cheryl Wright,jeffrey44@example.net,2024-02-28,REGULAR
231,Emily Bailey,keith98@example.com,2026-03-23,PREMIUM
232,Gregory Mejia,kellyroberts@example.net,2023-10-11,REGULAR
233,Mary Burgess,jamesryan@example.net,2025-08-17,REGULAR
234,Luis Matthews,brentstein@example.org,2025-06-14,PREMIUM
235,Jason Love,maldonadoderrick@example.net,2026-06-21,REGULAR
236,Matthew Gilmore,mwoods@example.com,2024-07-02,REGULAR
237,Susan Davis,amandasharp@example.org,2026-04-11,VIP
238,Stephen Thompson,osbornrandy@example.com,2024-02-06,VIP
239,Shelia Roberts,smithashley@example.org,2026-04-28,REGULAR
240,Jesse Davidson,ismall@example.net,2024-12-10,REGULAR
241,Brian Martin,twong@example.org,2023-08-01,REGULAR
242,Edward Craig,gregorychase@example.com,2026-01-07,VIP
243,Angie Caldwell,tinawoods@example.org,2023-07-24,PREMIUM
244,Jeremy Adams,kevin90@example.com,2025-07-01,PREMIUM
245,Amy Wilson,erik84@example.net,2023-11-22,REGULAR
246,Elizabeth Mendez,susanmendoza@example.com,2025-10-12,REGULAR
247,Jennifer Dunn,ztodd@example.net,2026-01-06,PREMIUM
248,Melanie Larson,foxallison@example.com,2023-10-10,PREMIUM
249,Amy Kelley,ashleyhernandez@example.com,2026-02-06,PREMIUM
250,Michael Love,gdavis@example.com,2025-12-18,VIP
251,Jose Bryant,jose.bryant@example.com,2023-09-18,PREMIUM
252,Robert Cummings,ascott@example.net,2024-03-11,REGULAR
253,Jeff Graves,michaelcesar@example.com,2023-08-20,VIP
254,Randy Cannon,ybrooks@example.com,2026-02-23,REGULAR
255,Jaime Vega,desireebailey@example.org,2026-07-08,PREMIUM
256,Cameron Irwin,avilatiffany@example.com,2025-07-23,REGULAR
257,Kim Morrow,stevenmoore@example.org,2026-05-08,PREMIUM
258,Ashley Pacheco,bmendez@example.org,2024-02-27,PREMIUM
259,Andrew Harper,sanchezbradley@example.com,2024-03-29,REGULAR
260,Scott Brown,jim95@example.net,2025-05-01,REGULAR
261,Erica Turner,valerieboyd@example.com,2024-06-10,REGULAR
262,Travis Hobbs,conniesimmons@example.com,2023-09-06,REGULAR
263,Mason James,heather62@example.com,2024-09-01,PREMIUM
264,Kara Atkinson,meredith27@example.org,2025-03-23,PREMIUM
265,Kristin Anderson,jonathanrivera@example.org,2026-04-21,REGULAR
266,Anna Hardy,brettbennett@example.net,2025-05-07,REGULAR
267,Chelsea Gill,timothybooth@example.com,2024-06-12,VIP
268,Christy Lee,burgesskaren@example.org,2025-08-16,REGULAR
269,Jennifer Allen,kimberly67@example.net,2025-06-26,PREMIUM
270,Ian Andrade,ugarcia@example.com,2025-10-27,PREMIUM
271,Dale Edwards,hartjeffrey@example.org,2023-08-03,REGULAR
272,Lauren Cortez,elijah53@example.com,2025-03-31,REGULAR
273,Juan Harding,jonathan77@example.com,2024-01-17,REGULAR
274,Caroline Cortez,iwhite@example.net,2026-05-30,VIP
275,Sara Jones,duranrobert@example.net,2024-03-26,REGULAR
276,Alexa Wagner,bruce97@example.net,2025-01-01,REGULAR
277,Juan Smith,amanda40@example.net,2025-12-23,PREMIUM
278,Renee Browning,hullalice@example.org,2024-02-12,REGULAR
279,Robin Adams,zmiller@example.com,2025-03-26,REGULAR
280,Courtney Sutton DVM,davisnicholas@example.net,2024-12-19,VIP
281,Michele Miller,vnewman@example.net,2026-06-21,PREMIUM
282,Stephanie Ellison,stephanie.ellison@example.com,2024-03-24,REGULAR
283,Melissa Knight,brandon14@example.net,2025-03-25,PREMIUM
284,Timothy Edwards,brendagoodwin@example.net,2025-12-31,REGULAR
285,Elizabeth Elliott,irhodes@example.com,2024-09-09,REGULAR
286,Rachel Norris,masonterri@example.org,2023-10-31,REGULAR
287,Billy Jacobs,unovak@example.org,2025-06-10,REGULAR
288,Joanne Perez,rreynolds@example.net,2025-07-09,PREMIUM
289,Luke Yates,millereric@example.net,2025-11-21,PREMIUM
290,James Ward,smithkyle@example.com,2025-10-27,PREMIUM
291,Brandon Jordan,fgarcia@example.com,2025-03-14,PREMIUM
292,Rachel Shields,carterpaul@example.org,2025-09-17,REGULAR
293,Wendy Sanchez,ginajackson@example.com,2024-06-10,REGULAR
294,Arthur Hamilton MD,xpatton@example.com,2026-05-15,REGULAR
295,Kathleen Jensen,trodriguez@example.org,2026-05-20,PREMIUM
296,Manuel Brock,scott69@example.org,2024-06-09,PREMIUM
297,Melissa Mendoza,tamaranovak@example.com,2025-09-28,REGULAR
298,Tracy Casey,nicholas65@example.org,2026-05-02,PREMIUM
299,Zachary White,bentonsteven@example.net,2024-03-02,REGULAR
300,Sandra Jones,ichambers@example.net,2024-06-12,VIP
301,Christian Henderson,mjones@example.com,2025-04-14,PREMIUM
302,Tammy Kane,ystephens@example.com,2025-08-23,VIP
303,Linda Rocha,mackdiane@example.com,2024-01-15,PREMIUM
304,Kristine Newman,vrasmussen@example.com,2023-11-10,PREMIUM
305,Daniel Burgess,seanmyers@example.net,2025-04-21,REGULAR
306,Haley Johnson,phillipssamantha@example.org,2023-11-21,PREMIUM
307,Brenda Collins,hmueller@example.com,2024-08-01,REGULAR
308,Nathan Chavez,evanslisa@example.org,2023-08-10,VIP
309,Brian Marsh,zacharyarnold@example.com,2025-03-21,PREMIUM
310,Crystal Sullivan,jacobsandoval@example.com,2023-08-17,PREMIUM
311,Christina Vargas,nsmith@example.org,2024-05-16,PREMIUM
312,Rebecca Ray,michaelgonzalez@example.org,2024-04-29,REGULAR
313,Kelsey Fowler,lcarr@example.org,2024-07-31,PREMIUM
314,Lisa Cervantes,samantha91@example.net,2023-12-10,REGULAR
315,Eric White,williambarnes@example.org,2025-04-06,PREMIUM
316,John Medina,angelaburns@example.org,2024-02-06,PREMIUM
317,Lisa Glenn,washingtonjames@example.com,2026-06-06,REGULAR
318,Kathleen Cohen,cmckinney@example.com,2024-01-16,PREMIUM
319,Rebecca Walker,hillamanda@example.org,2025-11-17,REGULAR
320,Patricia Simpson,armstrongjoseph@example.net,2026-01-03,REGULAR
321,Rodney Williams,bpayne@example.org,2025-09-29,PREMIUM
322,Danielle Golden,colemichael@example.org,2024-11-08,REGULAR
323,Patricia Young PhD,michelle96@example.org,2025-05-21,REGULAR
324,Robin Trujillo,amanda98@example.org,2024-07-05,REGULAR
325,Donna Adams,taylorkaren@example.com,2026-04-18,REGULAR
326,Sharon Martinez DVM,dustinmorris@example.org,2025-10-27,PREMIUM
327,Katherine Ray,courtney67@example.org,2025-06-09,VIP
328,Anna Robertson,heather57@example.com,2024-07-09,REGULAR
329,Raymond Oconnor,sreid@example.com,2026-02-01,PREMIUM
330,Jennifer Donaldson,troymorris@example.com,2024-07-20,REGULAR
331,Kylie Washington,patricia00@example.org,2025-06-01,VIP
332,Alexis Noble,scottsmith@example.com,2024-02-23,REGULAR
333,Bonnie Santos,nancymcdowell@example.org,2025-07-02,VIP
334,Jacob Mckee,brettgarrett@example.net,2025-08-20,REGULAR
335,Matthew Padilla,lewischristian@example.net,2024-03-20,VIP
336,Alexandra Dominguez,mcneilrobert@example.org,2024-12-21,REGULAR
337,Brandon Shaffer,edwardsnicole@example.org,2024-09-08,VIP
338,Shelly May,caseyelliott@example.net,2025-06-27,REGULAR
339,Nathan Fuller,samanthajensen@example.com,2026-02-12,REGULAR
340,Brian Goodwin,bbell@example.com,2025-11-29,REGULAR
341,Matthew Wright,kimberly04@example.org,2025-02-02,PREMIUM
342,Nicole Phillips,bowerslaura@example.org,2025-01-08,REGULAR
343,Jonathan Wheeler,hatfieldsarah@example.org,2024-09-12,PREMIUM
344,Jennifer Payne,kathrynbest@example.org,2023-08-04,REGULAR
345,Dennis Williams,fryraymond@example.com,2025-06-04,REGULAR
346,Jennifer Miles,davidsonamanda@example.org,2024-05-15,REGULAR
347,Jorge Harris,amandamyers@example.net,2025-10-29,REGULAR
348,Maria Collins,pblair@example.org,2024-04-09,PREMIUM
349,Audrey Salazar,parkerjudith@example.net,2024-01-25,REGULAR
350,Chad Smith,hbenton@example.net,2025-11-20,VIP
351,Carol Martinez,jessica10@example.com,2025-12-16,REGULAR
352,Austin Joseph,crawfordwilliam@example.org,2025-01-14,PREMIUM
353,Holly Scott,shannonemily@example.org,2024-03-23,PREMIUM
354,Amanda Roy,brandoncox@example.org,2024-01-28,PREMIUM
355,Amanda Pratt,pwalker@example.com,2026-04-14,REGULAR
356,Roger Duncan,shawrachel@example.org,2024-03-17,REGULAR
357,Amber Morales,xcline@example.com,2024-07-09,PREMIUM
358,Aimee Gonzalez,jodi37@example.com,2025-04-24,REGULAR
359,Raymond Gonzalez DVM,edwardrandolph@example.org,2024-03-28,REGULAR
360,Ryan Wiley,aaron64@example.org,2024-02-26,PREMIUM
361,Mrs. Tonya Kaufman,jenniferdavis@example.org,2026-03-25,PREMIUM
362,Mercedes Watson,carpenterwilliam@example.net,2025-12-30,REGULAR
363,Keith Graham,joelgreen@example.com,2026-04-26,REGULAR
364,Ronnie Nguyen,enelson@example.org,2023-12-13,REGULAR
365,Ashley Garcia,aowens@example.org,2025-02-22,REGULAR
366,Christine Parker,melissa12@example.net,2024-06-14,REGULAR
367,Lindsey Lewis,eddie35@example.com,2025-01-29,REGULAR
368,Debbie Ewing,cranemelissa@example.net,2025-10-13,REGULAR
369,Joel Lara,davidbrown@example.org,2023-12-07,VIP
370,Jacqueline Mccoy,aguilarjonathan@example.org,2023-08-09,PREMIUM
371,Steven Ramos,christopherboone@example.com,2023-11-28,VIP
372,Amber Glass,zunderwood@example.com,2023-08-18,PREMIUM
373,Carrie Lewis,joshuagriffin@example.org,2023-08-23,REGULAR
374,Danielle Phillips,eandrade@example.org,2023-10-21,REGULAR
375,Jason Day,crystalpham@example.org,2026-07-04,REGULAR
376,Heather Stephens,kcooper@example.net,2024-07-03,REGULAR
377,Alexander Harper,huangkimberly@example.org,2025-12-18,REGULAR
378,Hunter Silva,terrigarcia@example.net,2024-04-06,REGULAR
379,Raven Mclaughlin,barbaramcgrath@example.com,2024-08-08,PREMIUM
380,Sarah Thompson,linda59@example.org,2025-08-25,REGULAR
381,Keith Thomas,marycochran@example.com,2025-03-01,REGULAR
382,Andrew Brown,andrewwoods@example.com,2026-04-17,REGULAR
383,Carlos Love,brian29@example.net,2026-04-16,REGULAR
384,Sarah Valencia,brookssheri@example.com,2025-04-18,VIP
385,Frank Daugherty,fconner@example.net,2024-06-28,PREMIUM
386,Kristina Preston,jeffrey92@example.com,2024-06-16,REGULAR
387,Bethany Daniel,xrosales@example.net,2023-08-21,REGULAR
388,Tammy Ponce,daniellegarcia@example.com,2023-12-18,REGULAR
389,Cynthia Haas,daisymccarty@example.net,2025-07-19,PREMIUM
390,Gabriela Smith,johnjones@example.com,2025-11-24,REGULAR
391,Amber Kim,acosta@example.com,2026-03-08,PREMIUM
392,James Poole,franciscojones@example.org,2024-06-03,PREMIUM
393,Trevor Jones,pamelamartin@example.org,2025-03-07,PREMIUM
394,Anna Wheeler,bbush@example.net,2024-01-13,REGULAR
395,Brooke Garcia,terriortiz@example.net,2025-09-14,REGULAR
396,Deborah Campbell,codylong@example.net,2026-01-21,REGULAR
397,Isaac Patterson,madison97@example.org,2023-10-31,REGULAR
398,Mark Rowland,tanthony@example.com,2024-12-13,REGULAR
399,Deborah May,ylopez@example.com,2024-02-06,PREMIUM
400,Jeremiah Baker,anne21@example.org,2025-07-17,REGULAR
401,Jennifer Avila,angelarandall@example.net,2024-10-17,REGULAR
402,Sharon Wells,thomasmiller@example.net,2023-08-24,PREMIUM
403,Kellie Duncan,davidtodd@example.org,2026-05-21,REGULAR
404,Daniel Lee,hendersonvanessa@example.com,2024-02-23,PREMIUM
405,Brittany Larson,renee11@example.com,2025-03-17,REGULAR
406,Shannon Stone,buchanancindy@example.net,2025-11-18,REGULAR
407,Chase Knight,buckleyanna@example.org,2025-11-23,PREMIUM
408,Sheryl Humphrey,patrick79@example.net,2024-12-15,REGULAR
409,Jamie Montgomery,vwilliams@example.net,2024-04-02,PREMIUM
410,Tammie Prince,morganlaura@example.com,2024-05-18,PREMIUM
411,Michael Garcia PhD,kevinmanning@example.com,2024-05-07,REGULAR
412,Matthew Lopez,robinrussell@example.com,2025-10-25,REGULAR
413,Samantha Robertson,cameronmckinney@example.com,2023-12-12,REGULAR
414,Sherry Johnson,nancygonzalez@example.org,2024-04-15,VIP
415,Thomas Bush,micheal78@example.com,2025-06-11,REGULAR
416,Andre Watson,ethompson@example.net,2025-03-11,REGULAR
417,Ryan Green,mitchellpaul@example.org,2026-02-05,REGULAR
418,Cindy Walker,ericaadams@example.com,2025-01-29,PREMIUM
419,Tracy Fleming,pbuck@example.org,2025-05-05,REGULAR
420,David Trujillo,jennifer46@example.com,2026-02-03,PREMIUM
421,Daniel Turner,asilva@example.net,2026-07-15,PREMIUM
422,Sara Hoffman,kenneth17@example.org,2024-07-19,VIP
423,Frederick Hill,jacob83@example.org,2025-12-14,REGULAR
424,Lindsay Guerrero,jenniferrios@example.com,2024-04-26,VIP
425,James Johnson,matthewreeves@example.net,2025-02-21,PREMIUM
426,Susan Powers,megan82@example.com,2023-10-31,PREMIUM
427,David Stokes,staceylam@example.net,2023-10-22,PREMIUM
428,Patrick Parker,nathan94@example.com,2026-02-03,REGULAR
429,Sean Silva,kennedyjames@example.org,2026-02-20,PREMIUM
430,Edwin Brown,derrickgonzalez@example.com,2026-07-01,REGULAR
431,Victoria Thomas,kimberlyfreeman@example.net,2026-07-01,PREMIUM
432,Anthony Hayes,kathleenjackson@example.org,2025-01-03,PREMIUM
433,Anita Mendez,anita.mendez@example.com,2025-06-09,REGULAR
434,Vincent Reyes,fergusonjessica@example.org,2026-03-19,PREMIUM
435,Kiara Smith,simsjohn@example.net,2026-03-03,PREMIUM
436,Brian Gordon,gary04@example.com,2024-11-27,REGULAR
437,Kelly Hamilton,matthewvalenzuela@example.com,2025-10-15,PREMIUM
438,Terry Burnett,perezjessica@example.org,2024-03-04,REGULAR
439,Jonathan Martinez,brooksdanielle@example.net,2025-05-29,REGULAR
440,Amber Rodriguez,williamsdarrell@example.com,2024-09-05,REGULAR
441,Kara Hernandez,turnerdorothy@example.net,2025-02-05,PREMIUM
442,Mercedes Barnes,huntchristine@example.com,2023-11-18,REGULAR
443,Craig Gonzalez,marie35@example.net,2024-10-07,REGULAR
444,Joshua Lozano,arivera@example.org,2025-07-21,PREMIUM
445,Sara Caldwell,stacychan@example.org,2025-09-16,REGULAR
446,David Hall,joseph01@example.org,2026-02-28,REGULAR
447,Heather Rhodes,grodgers@example.org,2023-07-27,REGULAR
448,Matthew Murphy,rfriedman@example.net,2023-10-26,REGULAR
449,Catherine Morales,ynelson@example.net,2026-02-02,REGULAR
450,Mariah Robles,andersonjessica@example.org,2023-11-07,REGULAR
451,Karen Carroll,ywhite@example.com,2025-05-16,REGULAR
452,Sheryl Acosta,timothyfreeman@example.com,2024-11-10,REGULAR
453,Matthew Smith,tiffanysantiago@example.com,2025-02-04,REGULAR
454,Lisa Reynolds,timothyalvarado@example.net,2024-09-10,PREMIUM
455,Kristin Huerta,smithsarah@example.net,2026-01-31,REGULAR
456,Sheila Jones,vflores@example.com,2023-09-10,PREMIUM
457,Mason Powell,christianwallace@example.net,2024-11-18,VIP
458,Jillian Wilson,bmcgee@example.org,2024-09-30,REGULAR
459,Joshua Petersen,pamela83@example.net,2025-07-21,PREMIUM
460,Heidi Brown,meganrivera@example.net,2025-05-03,REGULAR
461,Heidi Chavez,malonejeffrey@example.com,2024-08-08,REGULAR
462,Rebecca Kelley,jacqueline02@example.com,2023-12-17,VIP
463,Mikayla Rodriguez,jacobconrad@example.com,2024-03-09,REGULAR
464,Cheryl Morgan,owilliams@example.net,2025-04-21,REGULAR
465,Joanna Barrett,tamarasmith@example.net,2023-09-08,PREMIUM
466,Sara Webb,heatherthompson@example.org,2023-11-07,PREMIUM
467,Lisa Morris,mbarnes@example.net,2025-10-28,REGULAR
468,Victor Waller,iballard@example.com,2025-05-06,PREMIUM
469,Kayla Cameron,jennifer83@example.org,2024-03-02,PREMIUM
470,Melissa Morse,tinasantos@example.org,2025-01-18,PREMIUM
471,Erica Wilson,anna99@example.net,2025-09-01,REGULAR
472,Stephanie Ferguson,hstokes@example.org,2023-08-13,REGULAR
473,Michael Gonzalez,tonyavega@example.org,2026-01-21,REGULAR
474,Elizabeth Molina,howardshaun@example.net,2026-02-21,REGULAR
475,Sharon Newton,yyoung@example.net,2024-05-26,PREMIUM
476,Tammy Hughes,tammy00@example.net,2024-04-17,PREMIUM
477,Priscilla Berg,rhondabush@example.net,2024-08-22,PREMIUM
478,Nancy Gonzalez,kellythompson@example.net,2023-10-06,PREMIUM
479,Nancy Wilson,pattersonangela@example.org,2024-01-09,VIP
480,Abigail Owens,billmcfarland@example.net,2023-09-10,VIP
481,Lisa Stanley,jtyler@example.com,2023-10-04,REGULAR
482,Kelly Krueger,hartmanerik@example.net,2025-02-24,VIP
483,Daniel Lewis,mark43@example.net,2025-02-16,REGULAR
484,Samantha Zavala MD,sean99@example.org,2026-05-31,PREMIUM
485,Erica Moon,cruzamber@example.com,2023-08-13,REGULAR
486,Patricia Robertson,stucker@example.net,2024-02-12,REGULAR
487,Tiffany Jackson,simsjason@example.net,2025-11-10,PREMIUM
488,Jessica Garcia,elucas@example.net,2025-08-06,REGULAR
489,Mitchell Johnson,brownlaura@example.net,2023-10-02,REGULAR
490,Susan Russell,bmccoy@example.com,2023-08-04,REGULAR
491,Kimberly May,avilabrenda@example.net,2026-01-30,REGULAR
492,Jonathan Roberts,catherine47@example.com,2024-09-21,REGULAR
493,Kara Ferguson,julierobles@example.net,2024-06-04,PREMIUM
494,Elizabeth Eaton,susan08@example.net,2023-12-18,REGULAR
495,Kenneth Long,torreskaitlin@example.net,2024-07-27,VIP
496,Matthew Hunt,jackjensen@example.com,2024-02-14,REGULAR
497,Robert Phelps,enewman@example.com,2025-07-21,PREMIUM
498,Craig Carpenter,michael31@example.com,2025-05-25,REGULAR
499,Emily Hayes,heather29@example.net,2024-08-19,PREMIUM
500,Jeffrey Smith,kristenjoseph@example.net,2024-11-05,REGULAR
501,Brandy Quinn,wford@example.com,2024-12-31,VIP
502,Matthew Miller,michele28@example.org,2024-04-30,REGULAR
503,Angela Jones,atkinsoncrystal@example.net,2025-04-10,REGULAR
504,Christy Johnson,amy87@example.net,2025-11-11,VIP
505,Daniel Barton,dennis88@example.org,2024-09-23,REGULAR
506,Mary Charles,katherinetaylor@example.org,2024-01-29,REGULAR
507,Mary Faulkner,ccrosby@example.org,2025-10-27,REGULAR
508,Dennis Young,aprilmoody@example.com,2024-12-12,PREMIUM
509,Anthony Hooper,dakota84@example.net,2024-04-30,PREMIUM
510,Carrie Valdez,briana18@example.com,2024-09-01,REGULAR
511,Kelli Gomez,tommy79@example.org,2025-01-16,REGULAR
512,Christopher Jones,jason22@example.com,2025-05-06,REGULAR
513,Mary Perry,jennifer77@example.com,2024-03-03,VIP
514,Roy Johnson,andersonbrittany@example.org,2025-06-05,REGULAR
515,Kenneth Brown,sandra86@example.net,2026-06-12,REGULAR
516,Sherry Luna,stacey37@example.net,2026-07-08,REGULAR
517,Carolyn Greer,laurahoover@example.org,2025-05-29,PREMIUM
518,Carol Jennings,ecarlson@example.org,2024-09-03,VIP
519,Alan Mills,mserrano@example.org,2024-01-27,PREMIUM
520,Linda Rich,davisdonna@example.net,2025-02-26,PREMIUM
521,Todd Gregory,xboyd@example.org,2025-08-18,REGULAR
522,Todd Olson,zbell@example.net,2026-04-06,REGULAR
523,Laura Coleman,thomas31@example.com,2025-05-02,REGULAR
524,Deanna Smith,lanedavid@example.org,2024-08-30,VIP
525,Robert Ortiz,mooredenise@example.com,2024-04-28,REGULAR
526,Krystal Carr,afischer@example.net,2025-11-21,VIP
527,Mr. Justin King,becky62@example.net,2023-11-24,REGULAR
528,Richard Avery,lewisrichard@example.com,2025-12-09,VIP
529,Melinda Williams,aoconnell@example.org,2026-01-03,REGULAR
530,Kyle Davis,jeffrey19@example.org,2025-09-17,REGULAR
531,Jennifer Douglas,jennifer90@example.org,2025-06-17,PREMIUM
532,Dakota Sandoval,james98@example.net,2025-08-19,REGULAR
533,Megan Ward,cantrellchristopher@example.com,2025-11-16,PREMIUM
534,James Willis,mclaughlincasey@example.org,2025-03-09,REGULAR
535,Kristin Aguilar,sylvia43@example.net,2026-06-05,PREMIUM
536,Jared Smith,richardrodriguez@example.org,2025-01-17,PREMIUM
537,Bruce Palmer,nancy94@example.net,2024-11-12,PREMIUM
538,John Sanchez,susan77@example.net,2026-02-14,REGULAR
539,Mr. James Kramer,ericahall@example.com,2024-10-10,REGULAR
540,Joseph Haynes,john16@example.net,2025-10-13,REGULAR
541,Justin White,michael94@example.org,2026-05-19,PREMIUM
542,Susan Porter,jimmyallen@example.com,2024-02-28,REGULAR
543,David Montgomery,kimberlywilson@example.org,2025-07-26,PREMIUM
544,Lisa Duran,charlesnathan@example.com,2025-01-06,REGULAR
545,Dr. Sheila Henry,raymond92@example.org,2025-02-11,REGULAR
546,Todd Johnson,phillip27@example.org,2025-08-19,REGULAR
547,Michael Smith,nicolasgarcia@example.com,2025-05-17,REGULAR
548,Joshua Young,vmullen@example.com,2024-02-03,REGULAR
549,Jason Goodwin,melissa47@example.org,2025-04-02,PREMIUM
550,Melissa Olsen,linda86@example.com,2024-02-16,REGULAR
551,Nancy Kennedy,thompsonvictor@example.net,2025-02-02,REGULAR
552,Rachel Evans,rosshannah@example.org,2024-03-08,REGULAR
553,Ryan Davis,jordan58@example.net,2026-05-02,REGULAR
554,Alejandro Martinez,barbarasantos@example.net,2024-01-24,PREMIUM
555,Heather Nunez,champton@example.org,2024-09-06,PREMIUM
556,Mark Thomas,daniellemcfarland@example.com,2025-06-07,VIP
557,Sarah Jones,matthewedwards@example.net,2024-05-31,PREMIUM
558,Matthew Nelson,xnorman@example.net,2025-04-19,REGULAR
559,Jennifer White,jennifer.white@example.com,2023-08-11,REGULAR
560,Mary Shepard,clarkrandy@example.org,2023-09-24,REGULAR
561,Kimberly Johnson,fwarren@example.org,2024-04-29,VIP
562,Matthew Mcclure,jerome47@example.net,2023-12-02,REGULAR
563,Carolyn Johnson,michelle57@example.com,2026-06-18,REGULAR
564,Denise Wallace,brittanybryant@example.net,2025-06-12,PREMIUM
565,Kelly Fowler,regina78@example.org,2025-12-14,REGULAR
566,Jacob Green,alex82@example.com,2024-05-26,PREMIUM
567,Melissa Vasquez,xevans@example.com,2025-12-06,REGULAR
568,Rebecca Kelley,robertcastro@example.com,2024-04-15,REGULAR
569,Maria Clayton,josehenderson@example.org,2025-02-01,REGULAR
570,Lisa Benson,justin84@example.com,2024-02-07,REGULAR
571,Chad Rodriguez,rwilliamson@example.net,2025-05-28,REGULAR
572,Alec Williams,lopezcurtis@example.com,2023-11-30,REGULAR
573,Adam Davis,snydermatthew@example.com,2025-11-23,REGULAR
574,Mr. Michael Johnson Jr.,brianrowe@example.org,2025-03-02,REGULAR
575,Steven Wright,hclayton@example.net,2024-04-14,PREMIUM
576,Jessica Rojas,gonzalezjill@example.org,2025-02-06,REGULAR
577,Mrs. Melanie Collins,eric08@example.net,2023-11-27,REGULAR
578,Mr. Isaac Williams,teresayoung@example.com,2024-07-06,REGULAR
579,Donald Wilson,albertwilliams@example.net,2024-12-18,REGULAR
580,Jacqueline Davis,vincentparks@example.com,2026-05-01,REGULAR
581,Lori Brown DDS,martinezjesse@example.net,2025-11-26,REGULAR
582,Renee Gonzales,andrewgray@example.net,2023-12-11,REGULAR
583,Karina Kim,amy73@example.net,2024-02-06,REGULAR
584,Nicholas Hill,caseymoore@example.com,2025-12-30,PREMIUM
585,Jordan Parsons,bgross@example.net,2026-02-09,REGULAR
586,Cynthia Le,rlee@example.com,2025-11-01,REGULAR
587,Douglas Ortiz,daniel81@example.org,2026-01-16,REGULAR
588,Shane Harris,clee@example.net,2025-06-18,REGULAR
589,John Hanson,brandon39@example.net,2023-10-02,REGULAR
590,Christine Henry,mcdonalddanielle@example.com,2025-03-19,PREMIUM
591,Jennifer Wood,colonjoseph@example.org,2025-09-28,REGULAR
592,Angela Lewis,garciajerry@example.com,2024-02-09,REGULAR
593,Danielle Garrett,angelagrant@example.net,2023-11-09,REGULAR
594,Heather Ellis,kandrade@example.org,2025-03-10,VIP
595,Mary Ferguson,umahoney@example.net,2026-07-06,REGULAR
596,Jacob Duran,umckenzie@example.net,2024-04-05,REGULAR
597,Jaime Pierce,michael77@example.com,2023-07-17,REGULAR
598,Duane Smith,victoriaturner@example.com,2026-06-28,REGULAR
599,Ethan Ingram,samantha88@example.net,2026-04-25,REGULAR
600,Andrew Kelly,josephpreston@example.org,2024-03-28,PREMIUM
