order_item_id,order_id,product_id,quantity,unit_price,discount_percent
1,154,157,8,837.89,5.84
2,31,147,5,249.69,32.83
3,179,511,2,12.72,27.29
4,348,303,3,514.9,4.09
5,1181,373,6,106.7,5.35
6,367,472,5,196.9,59.17
7,525,453,3,88.94,56.39
8,1165,500,1,625.16,21.81
9,588,411,7,640.09,51.42
10,1394,133,8,124.66,22.0
11,1280,322,6,441.28,5.01
12,847,519,8,73.95,15.77
13,1398,44,1,234.93,44.46
14,502,9,3,268.41,51.18
15,596,385,3,743.02,34.21
16,150,229,7,320.79,52.45
17,1371,96,6,961.7,27.95
18,1316,548,8,728.8,6.55
19,370,111,7,389.21,46.09
20,409,412,6,15.54,3.87
21,702,498,4,339.77,42.14
22,976,118,5,611.7,27.27
23,1117,160,8,494.83,8.73
24,438,328,1,739.71,59.27
25,779,64,6,1150.76,47.37
26,970,219,1,292.41,12.69
27,47,434,5,583.35,15.12
28,361,86,3,817.8,4.16
29,830,84,5,470.39,52.43
30,925,430,4,20.56,40.18
31,532,189,1,452.33,5.55
32,878,351,5,785.92,9.87
33,716,430,8,20.56,28.53
34,1411,165,7,258.66,21.28
35,1420,399,-1,357.59,33.65
36,1223,204,2,569.01,43.36
37,1185,149,6,489.32,39.84
38,649,15,3,726.9,53.79
39,303,512,6,196.66,6.82
40,1381,417,5,350.58,31.24
41,8,462,3,402.36,38.06
42,1309,100,1,558.24,13.12
43,385,431,3,920.92,36.06
44,443,357,4,405.4,57.14
45,1392,15,-3,726.9,48.83
46,34,310,5,24.27,30.13
47,256,512,8,196.66,24.84
48,721,361,7,368.18,31.39
49,688,117,3,301.63,27.53
50,765,182,3,311.54,32.57
51,782,292,7,448.62,38.05
52,1512,102,2,726.02,48.36
53,213,92,1,226.02,36.98
54,843,107,8,348.01,45.0
55,1510,103,8,500.4,30.2
56,67,297,7,479.92,12.71
57,932,391,2,415.59,11.73
58,962,128,6,192.37,58.06
59,951,423,7,29.06,0.46
60,768,230,5,334.04,16.06
61,1349,271,5,907.55,50.31
62,850,248,1,73.67,54.01
63,850,34,1,926.93,1.57
64,767,532,6,475.76,20.11
65,1172,441,4,252.78,33.34
66,802,198,7,74.36,49.71
67,1184,440,3,290.62,56.36
68,800,178,7,591.52,54.25
69,1060,163,7,147.79,13.86
70,1455,130,2,381.84,37.89
71,803,267,3,393.64,56.92
72,418,96,2,961.7,1.54
73,24,157,1,837.89,37.09
74,1114,81,7,514.28,1.52
75,268,465,6,85.12,11.19
76,1337,228,5,505.94,11.63
77,503,388,5,1023.21,39.56
78,564,85,3,538.5,37.65
79,1308,106,2,896.67,27.55
80,1221,126,2,447.74,8.51
81,537,185,2,1046.94,4.64
82,741,213,7,494.86,6.04
83,45,424,2,625.33,29.19
84,1282,79,4,277.89,41.24
85,769,322,8,441.28,48.51
86,369,306,1,995.73,54.22
87,1351,33,2,55.27,58.55
88,711,496,1,263.87,9.5
89,522,125,4,453.21,36.37
90,1098,24,3,368.3,12.98
91,748,118,4,611.7,1.77
92,284,226,2,1203.21,43.66
93,260,275,5,960.36,28.89
94,189,357,5,405.4,28.02
95,1016,447,7,10.05,55.34
96,513,178,4,591.52,41.22
97,1470,288,7,539.84,6.17
98,1204,320,3,732.03,47.65
99,1479,500,7,625.16,52.97
100,868,279,6,116.26,37.37
101,1244,393,7,516.25,11.98
102,723,383,0,628.55,53.87
103,132,461,3,697.06,53.37
104,1048,260,7,719.24,17.61
105,1322,544,6,477.64,23.9
106,235,185,6,1046.94,25.76
107,381,367,4,13.67,4.36
108,1346,381,6,275.92,8.7
109,644,126,1,447.74,19.12
110,23,337,4,433.49,27.92
111,659,239,2,950.99,23.14
112,1233,218,4,870.52,6.18
113,570,77,7,975.2,40.93
114,892,326,6,827.26,11.89
115,102,506,8,730.42,2.81
116,563,432,2,668.64,7.45
117,351,335,-5,829.52,22.97
118,1181,22,5,599.31,1.07
119,1180,5,8,618.7,17.06
120,825,38,1,753.99,20.24
121,34,72,8,118.93,5.71
122,851,309,5,620.85,19.03
123,709,410,2,126.2,33.39
124,1506,506,1,730.42,23.6
125,1427,466,8,447.46,50.92
126,249,383,2,628.55,1.76
127,98,11,3,104.28,6.31
128,662,447,4,10.05,10.21
129,392,378,1,229.79,56.05
130,108,266,1,488.98,6.65
131,624,77,5,975.2,19.76
132,1255,389,5,520.13,41.92
133,283,472,2,196.9,7.58
134,304,424,8,625.33,40.09
135,1069,541,-2,27.2,34.67
136,1355,502,-3,572.97,19.31
137,1497,495,4,742.02,5.51
138,607,85,6,538.5,33.51
139,497,211,2,447.86,4.51
140,1013,62,4,733.49,0.79
141,443,480,7,644.37,11.28
142,215,349,4,500.53,48.84
143,1081,527,6,641.18,45.63
144,639,465,3,85.12,50.87
145,217,134,4,762.22,55.0
146,790,464,4,308.87,46.8
147,385,71,5,240.16,25.39
148,1406,315,2,119.55,8.84
149,220,113,4,297.34,1.0
150,944,192,5,559.49,1.72
151,1356,544,8,477.64,21.12
152,243,87,6,398.73,25.89
153,309,407,7,94.04,30.48
154,109,452,5,824.44,22.19
155,101,392,7,1151.89,11.64
156,388,413,3,387.59,35.64
157,1085,506,7,730.42,6.55
158,103,255,2,326.22,13.17
159,109,37,5,452.15,14.33
160,1090,104,5,534.46,13.59
161,1271,415,7,650.82,23.57
162,451,275,0,960.36,29.71
163,351,209,6,553.34,38.21
164,1446,295,1,924.66,105.62
165,1031,489,5,504.43,51.15
166,1409,245,3,598.89,18.91
167,143,171,3,519.53,19.93
168,933,146,1,370.21,39.96
169,877,343,1,345.86,10.65
170,541,79,3,277.89,40.75
171,20,361,8,368.18,34.99
172,1001,254,8,138.94,6.56
173,36,298,4,551.98,31.52
174,343,151,2,767.03,6.0
175,688,464,8,308.87,44.09
176,1118,264,8,144.35,15.21
177,940,14,6,162.72,18.07
178,684,531,8,758.09,6.77
179,1405,532,1,475.76,8.87
180,841,226,3,1203.21,21.43
181,64,251,7,591.08,21.57
182,183,199,7,621.12,38.32
183,561,461,3,697.06,15.92
184,1391,358,6,113.21,23.46
185,855,283,5,201.23,11.43
186,1187,533,6,785.4,50.05
187,252,444,-4,528.6,34.0
188,711,296,2,1082.41,58.17
189,1022,151,8,767.03,40.86
190,1072,297,3,479.92,18.22
191,591,67,-3,913.5,0.94
192,84,223,5,621.75,49.53
193,253,55,8,538.85,18.35
194,882,361,1,368.18,2.99
195,283,359,5,287.78,47.12
196,1029,159,2,891.45,42.79
197,293,202,7,370.27,35.11
198,166,298,4,551.98,1.93
199,727,255,7,326.22,25.35
200,201,268,-3,836.82,35.82
201,355,447,6,10.05,48.26
202,286,205,5,99.92,8.14
203,1136,205,5,99.92,18.3
204,609,473,3,643.99,22.56
205,895,99,3,149.43,31.59
206,1422,321,6,508.72,28.1
207,876,478,7,392.6,57.69
208,945,29,1,29.3,57.45
209,863,91,3,188.73,36.91
210,620,249,6,573.57,7.64
211,1113,301,1,508.9,45.32
212,805,129,7,532.34,40.2
213,948,531,8,758.09,50.35
214,174,57,5,25.01,49.79
215,1331,110,6,343.05,35.66
216,596,494,6,926.14,51.86
217,249,524,1,65.09,42.09
218,1058,148,8,741.34,8.18
219,1384,159,5,891.45,37.69
220,1473,7,8,296.48,37.42
221,412,118,2,611.7,0.0
222,1237,124,2,201.86,14.83
223,213,486,1,45.7,49.96
224,909,401,1,108.05,55.56
225,615,415,8,650.82,58.96
226,482,267,8,393.64,51.56
227,1264,127,-4,72.98,8.77
228,45,190,3,433.62,49.11
229,1347,247,3,550.12,30.69
230,1433,206,8,42.02,28.83
231,593,103,8,500.4,22.04
232,564,401,7,108.05,41.86
233,220,476,-4,524.33,48.81
234,304,29,5,29.3,27.42
235,1156,399,1,357.59,34.83
236,70,456,1,187.95,54.49
237,727,143,8,674.11,52.95
238,939,284,1,302.59,58.91
239,733,513,4,924.61,20.93
240,1447,538,7,909.27,30.78
241,358,156,6,530.53,39.36
242,1154,348,8,648.93,42.91
243,287,286,5,511.43,55.41
244,140,496,7,263.87,57.75
245,1241,185,5,1046.94,7.77
246,664,357,7,405.4,4.05
247,61,163,4,147.79,5.79
248,218,512,8,196.66,19.42
249,475,243,-1,541.65,53.99
250,357,394,7,534.45,55.34
251,127,257,2,57.04,2.25
252,150,453,6,88.94,36.39
253,61,179,6,280.67,6.46
254,921,387,3,653.12,59.33
255,1176,205,4,99.92,15.15
256,897,293,4,839.56,12.07
257,332,445,4,544.52,5.16
258,50,99,4,149.43,1.99
259,288,6,6,324.02,46.46
260,1164,74,6,725.73,11.12
261,1495,541,8,27.2,11.41
262,425,486,6,45.7,21.39
263,1145,142,2,1030.45,26.33
264,1281,386,2,488.06,34.15
265,261,530,5,651.64,6.05
266,1022,237,1,271.2,36.09
267,678,24,4,368.3,49.28
268,594,258,7,272.72,42.2
269,140,162,5,931.79,4.49
270,1179,248,5,73.67,23.95
271,117,114,-5,530.44,28.26
272,539,31,1,649.98,20.28
273,535,206,6,42.02,53.28
274,122,143,4,674.11,32.83
275,676,64,4,1150.76,29.61
276,1155,37,6,452.15,58.86
277,853,83,8,642.11,56.8
278,555,43,2,141.52,2.14
279,1040,231,6,357.89,25.89
280,622,234,1,235.33,55.87
281,54,201,7,610.31,40.92
282,38,494,1,926.14,23.23
283,773,129,7,532.34,42.08
284,1126,142,2,1030.45,26.28
285,1261,377,6,60.44,11.62
286,895,60,4,98.41,13.92
287,1206,11,4,104.28,24.78
288,1099,47,1,416.79,52.4
289,512,59,2,166.04,3.4
290,899,185,5,1046.94,2.62
291,717,251,5,591.08,7.78
292,815,491,2,365.81,39.4
293,157,257,4,57.04,29.7
294,732,226,8,1203.21,42.79
295,752,300,4,479.04,31.61
296,548,327,2,653.08,3.24
297,842,498,5,339.77,4.71
298,281,534,4,23.78,18.3
299,1133,216,2,513.51,22.34
300,291,37,4,452.15,41.9
301,1332,465,2,85.12,1.28
302,70,277,5,167.72,35.29
303,1505,87,1,398.73,16.75
304,1249,394,8,534.45,1.13
305,784,394,8,534.45,2.66
306,422,389,3,520.13,39.6
307,1091,54,5,737.24,1.88
308,713,27,6,910.96,55.36
309,538,222,1,403.97,20.46
310,1273,445,7,544.52,46.96
311,117,112,7,499.91,57.15
312,1389,295,8,924.66,25.43
313,1473,532,5,475.76,9.75
314,781,479,4,619.25,7.91
315,32,288,5,539.84,5.13
316,1504,303,6,514.9,34.26
317,80,281,6,490.94,16.12
318,514,13,2,489.24,18.41
319,1354,329,5,641.54,50.86
320,909,474,1,703.65,26.39
321,956,38,6,753.99,28.81
322,1140,224,-4,560.87,3.52
323,163,284,6,302.59,57.2
324,1508,185,5,1046.94,45.96
325,566,266,-4,488.98,7.63
326,1291,179,3,280.67,52.27
327,1344,51,4,223.71,6.87
328,79,189,8,452.33,34.79
329,86,234,1,235.33,57.1
330,531,264,1,144.35,40.7
331,724,46,4,607.42,20.98
332,159,520,8,749.82,6.79
333,159,243,4,541.65,19.55
334,761,426,2,95.17,38.51
335,580,147,1,249.69,19.59
336,738,344,7,364.76,53.84
337,768,482,5,994.21,37.31
338,329,378,1,229.79,17.45
339,308,27,2,910.96,36.54
340,642,524,6,65.09,56.4
341,776,34,3,926.93,22.87
342,1330,81,2,514.28,57.52
343,460,516,0,52.97,59.87
344,1291,429,2,450.74,50.86
345,1081,53,8,502.0,39.55
346,1066,452,6,824.44,16.15
347,1179,301,4,508.9,19.72
348,742,237,8,271.2,18.89
349,237,247,8,550.12,43.97
350,840,371,2,415.69,21.12
351,1036,79,6,277.89,39.2
352,1240,236,8,106.95,47.18
353,471,129,4,532.34,46.59
354,835,142,5,1030.45,47.75
355,700,322,-1,441.28,4.89
356,863,518,3,655.09,34.56
357,1296,203,3,674.86,52.58
358,32,171,2,519.53,25.12
359,1136,482,2,994.21,7.58
360,70,442,1,778.29,41.4
361,150,136,7,351.32,54.26
362,726,131,7,104.36,41.82
363,495,301,2,508.9,20.21
364,690,111,1,389.21,4.43
365,727,460,7,202.78,37.85
366,893,297,8,479.92,42.01
367,376,522,2,678.69,9.14
368,16,379,8,308.55,22.76
369,899,181,5,141.75,56.69
370,199,238,5,698.43,29.6
371,99,531,7,758.09,17.12
372,787,327,3,653.08,57.21
373,86,216,7,513.51,31.15
374,1178,322,2,441.28,20.84
375,340,122,5,412.03,16.43
376,899,230,3,334.04,17.31
377,532,109,4,631.4,39.99
378,289,99,4,149.43,33.13
379,1042,173,1,762.47,35.9
380,82,200,1,870.63,29.3
381,53,379,4,308.55,16.91
382,1170,437,8,780.42,31.25
383,930,303,-1,514.9,42.98
384,246,456,7,187.95,29.6
385,178,141,5,321.09,43.9
386,239,363,2,135.66,44.66
387,456,77,6,975.2,9.4
388,687,283,-4,201.23,37.84
389,1051,76,6,540.97,53.54
390,79,444,2,528.6,55.94
391,1068,326,4,827.26,50.49
392,1354,37,1,452.15,14.75
393,1201,386,4,488.06,40.4
394,544,482,3,994.21,29.07
395,384,509,5,207.15,7.91
396,1301,91,4,188.73,0.19
397,138,503,4,317.28,42.6
398,80,429,5,450.74,36.8
399,1293,241,6,324.85,29.05
400,1346,185,5,1046.94,50.44
401,599,497,8,116.08,47.8
402,804,366,8,1089.0,17.73
403,449,116,5,729.38,25.18
404,916,334,4,382.13,39.75
405,238,181,8,141.75,57.38
406,1353,117,0,301.63,20.85
407,816,132,8,419.43,50.41
408,1002,422,4,465.77,1.74
409,549,520,4,749.82,53.39
410,838,63,6,272.84,15.7
411,651,422,7,465.77,48.54
412,871,409,5,517.88,54.74
413,550,498,4,339.77,20.39
414,94,316,8,80.74,24.59
415,1173,171,4,519.53,46.77
416,226,338,3,208.12,36.3
417,41,22,7,599.31,5.42
418,1444,342,6,1141.78,46.01
419,1133,65,1,456.34,31.12
420,742,549,4,244.49,59.11
421,1098,406,4,869.72,17.41
422,331,383,0,628.55,19.89
423,442,255,1,326.22,2.16
424,42,540,2,44.0,30.09
425,994,44,3,234.93,16.99
426,50,236,4,106.95,2.03
427,254,387,7,653.12,7.87
428,553,87,2,398.73,4.43
429,1479,426,1,95.17,0.88
430,1110,156,2,530.53,44.15
431,802,199,5,621.12,47.09
432,871,525,1,510.78,18.13
433,940,208,2,150.86,15.86
434,1344,483,-4,211.02,17.47
435,191,228,7,505.94,33.66
436,990,292,4,448.62,22.94
437,1018,404,6,499.73,45.76
438,1464,111,0,389.21,27.14
439,1184,26,7,650.29,46.27
440,916,379,8,308.55,33.79
441,1317,319,6,236.54,8.63
442,1291,86,2,817.8,33.65
443,426,502,-5,572.97,15.0
444,290,413,8,387.59,31.4
445,1161,239,1,950.99,46.04
446,517,422,5,465.77,44.43
447,309,38,6,753.99,41.34
448,1227,417,1,350.58,16.09
449,429,501,8,288.88,18.78
450,1336,242,6,754.88,27.68
451,990,527,-5,641.18,51.52
452,167,108,7,755.33,41.96
453,770,131,1,104.36,9.73
454,249,171,4,519.53,26.26
455,233,40,7,458.7,29.71
456,1283,538,8,909.27,8.39
457,1121,429,7,450.74,0.56
458,241,446,5,1159.67,43.2
459,1386,278,6,447.86,36.91
460,762,170,3,69.87,17.41
461,1403,210,6,1098.72,31.16
462,515,484,-4,570.19,12.64
463,677,139,3,200.77,31.46
464,971,11,6,104.28,24.98
465,308,482,2,994.21,59.6
466,12,320,4,732.03,11.96
467,193,470,6,434.32,5.68
468,1280,480,3,644.37,4.01
469,1304,232,6,402.16,37.73
470,395,282,5,231.0,49.25
471,873,314,6,1034.96,37.47
472,826,261,4,881.56,4.65
473,313,106,4,896.67,16.8
474,539,105,3,99.83,47.81
475,1203,393,6,516.25,34.54
476,1213,284,8,302.59,12.56
477,6,238,4,698.43,5.48
478,1260,151,3,767.03,9.89
479,1,332,2,608.87,53.76
480,107,141,8,321.09,25.52
481,967,335,5,829.52,30.02
482,241,247,7,550.12,22.64
483,790,486,6,45.7,18.71
484,1070,325,2,571.99,53.0
485,439,171,5,519.53,42.68
486,896,453,8,88.94,41.71
487,514,124,7,201.86,39.13
488,365,26,6,650.29,51.32
489,1373,355,7,924.55,12.83
490,1147,196,7,405.61,22.45
491,22,201,8,610.31,21.66
492,400,6,5,324.02,19.71
493,756,260,1,719.24,36.41
494,69,282,8,231.0,23.9
495,1425,260,5,719.24,37.52
496,1172,32,8,745.78,59.83
497,1295,466,8,447.46,10.43
498,1327,107,1,348.01,22.17
499,1256,157,3,837.89,52.25
500,270,85,7,538.5,50.04
501,245,58,8,793.09,38.25
502,128,322,2,441.28,51.47
503,569,199,1,621.12,19.96
504,1377,325,3,571.99,54.34
505,1202,376,1,299.58,56.43
506,826,427,1,484.25,3.9
507,1028,152,5,216.06,5.04
508,909,46,5,607.42,36.51
509,1411,518,7,655.09,10.38
510,7,319,5,236.54,33.63
511,242,350,8,526.07,34.09
512,1427,89,8,393.93,5.29
513,186,187,2,43.24,11.14
514,1211,21,3,416.35,47.32
515,446,384,8,578.03,4.88
516,1484,253,5,551.51,50.24
517,1316,196,3,405.61,18.63
518,777,294,3,368.91,16.74
519,1158,324,-4,75.12,13.56
520,386,280,4,303.13,10.63
521,605,266,8,488.98,15.87
522,1004,364,6,1176.93,20.93
523,1315,536,8,896.36,49.77
524,1408,175,1,496.9,56.98
525,1199,395,3,91.05,32.28
526,432,445,6,544.52,38.76
527,1397,296,4,1082.41,20.53
528,1032,276,2,459.84,30.8
529,432,265,4,546.41,28.06
530,65,119,3,50.56,28.51
531,957,331,6,108.7,33.83
532,1349,35,6,771.63,42.08
533,1290,368,1,718.95,9.53
534,974,343,6,345.86,38.87
535,206,192,6,559.49,18.38
536,957,191,1,91.85,26.34
537,1263,468,7,646.66,43.86
538,970,250,5,148.21,136.45
539,1231,346,8,597.42,40.71
540,615,42,4,584.69,45.79
541,1039,111,7,389.21,25.55
542,552,411,1,640.09,9.84
543,341,308,4,142.62,57.09
544,1164,143,3,674.11,39.8
545,111,93,5,163.23,47.57
546,290,355,8,924.55,23.76
547,944,1,3,989.47,12.02
548,353,309,5,620.85,4.82
549,484,209,7,553.34,5.41
550,502,158,6,459.3,0.3
551,327,353,2,460.9,28.25
552,1407,404,4,499.73,54.77
553,1369,386,8,488.06,42.37
554,197,397,3,359.7,19.1
555,274,410,6,126.2,53.88
556,1382,435,7,256.72,32.05
557,711,501,1,288.88,13.3
558,1247,183,4,692.99,22.15
559,697,514,0,540.01,49.39
560,1251,408,2,16.94,38.73
561,283,512,4,196.66,2.65
562,619,446,2,1159.67,20.38
563,1340,185,7,1046.94,9.04
564,638,397,8,359.7,2.09
565,864,184,3,736.17,23.89
566,1060,109,8,631.4,48.37
567,710,104,7,534.46,48.21
568,26,165,6,258.66,7.72
569,1039,394,8,534.45,0.7
570,1340,412,7,15.54,46.28
571,621,436,5,167.07,44.52
572,238,462,6,402.36,46.86
573,1459,344,6,364.76,6.7
574,1503,435,7,256.72,52.22
575,164,154,1,474.8,20.23
576,1450,265,4,546.41,30.89
577,1259,466,7,447.46,103.38
578,577,41,2,191.74,52.07
579,1508,376,1,299.58,53.35
580,1406,379,5,308.55,25.54
581,1383,304,1,108.45,32.56
582,367,301,6,508.9,25.02
583,915,333,5,324.53,38.16
584,1221,115,6,640.65,43.91
585,1089,406,4,869.72,10.51
586,1096,97,3,513.84,43.61
587,1297,506,7,730.42,53.56
588,708,470,4,434.32,55.13
589,1073,470,1,434.32,4.59
590,764,40,3,458.7,36.56
591,1483,104,7,534.46,30.76
592,1486,81,6,514.28,55.65
593,619,433,7,571.22,1.34
594,527,82,7,279.68,57.91
595,393,268,5,836.82,36.93
596,1105,250,1,148.21,22.45
597,969,221,7,600.61,16.49
598,1411,191,5,91.85,30.09
599,94,409,3,517.88,40.69
600,559,6,7,324.02,12.43
601,849,133,5,124.66,16.02
602,1510,326,2,827.26,13.28
603,38,333,4,324.53,3.82
604,590,472,7,196.9,38.09
605,674,399,8,357.59,55.79
606,26,352,6,492.55,19.18
607,911,156,8,530.53,51.26
608,1022,216,3,513.51,40.38
609,524,413,1,387.59,39.64
610,1171,81,8,514.28,33.68
611,708,86,4,817.8,44.88
612,1085,379,5,308.55,17.51
613,646,463,8,27.61,1.77
614,1510,171,6,519.53,33.89
615,851,24,5,368.3,33.39
616,1006,241,7,324.85,55.27
617,270,388,2,1023.21,5.82
618,448,217,2,1029.71,34.24
619,366,163,7,147.79,33.0
620,721,223,7,621.75,54.03
621,572,328,6,739.71,37.82
622,1361,326,7,827.26,13.51
623,828,507,8,999.0,17.18
624,921,161,3,721.67,24.0
625,7,546,6,242.35,45.78
626,1344,177,2,43.42,23.0
627,1338,429,7,450.74,24.62
628,1304,30,4,455.1,8.31
629,1270,516,2,52.97,35.97
630,1500,419,1,327.13,19.5
631,512,171,8,519.53,41.06
632,759,24,7,368.3,33.12
633,396,166,8,667.92,22.14
634,491,180,8,707.0,56.23
635,410,331,3,108.7,17.58
636,64,212,8,672.16,27.55
637,1401,455,4,967.31,47.81
638,945,513,2,924.61,48.22
639,679,164,4,431.75,27.73
640,144,8,1,396.21,40.92
641,833,533,8,785.4,51.73
642,145,428,5,71.35,53.0
643,1101,124,1,201.86,26.31
644,1487,62,5,733.49,48.7
645,1486,41,6,191.74,23.97
646,1048,451,7,533.64,47.25
647,213,150,5,10.34,45.48
648,1510,115,3,640.65,21.99
649,1345,348,0,648.93,8.52
650,498,495,-2,742.02,15.87
651,676,76,8,540.97,53.95
652,1007,251,5,591.08,20.55
653,1412,456,6,187.95,47.24
654,1433,265,-5,546.41,16.52
655,74,144,3,232.57,31.31
656,54,227,0,215.26,52.81
657,1155,372,5,732.62,18.4
658,1467,163,5,147.79,28.52
659,901,302,3,405.68,44.62
660,1424,132,3,419.43,130.77
661,787,264,4,144.35,1.68
662,434,311,3,533.05,35.05
663,532,373,7,106.7,28.62
664,349,353,3,460.9,35.23
665,1027,322,6,441.28,22.68
666,994,174,8,364.75,10.52
667,778,15,2,726.9,20.54
668,634,212,-2,672.16,9.01
669,1247,123,4,780.61,21.39
670,941,13,4,489.24,44.48
671,745,34,7,926.93,37.58
672,675,520,2,749.82,16.29
673,1096,82,1,279.68,26.8
674,1071,254,4,138.94,15.36
675,375,251,4,591.08,41.38
676,935,182,1,311.54,58.76
677,545,285,2,70.15,44.59
678,131,136,-5,351.32,18.17
679,426,234,4,235.33,35.14
680,1191,489,8,504.43,5.9
681,105,327,2,653.08,11.79
682,239,453,2,88.94,28.56
683,205,221,8,600.61,18.0
684,20,441,2,252.78,43.2
685,907,200,8,870.63,59.53
686,516,417,5,350.58,29.56
687,362,337,-5,433.49,29.0
688,582,307,5,577.22,52.04
689,510,350,5,526.07,40.67
690,1031,317,8,599.24,6.69
691,374,500,1,625.16,19.15
692,1044,482,8,994.21,9.79
693,135,443,5,723.44,5.67
694,908,351,3,785.92,11.62
695,223,238,4,698.43,18.43
696,626,328,8,739.71,6.18
697,615,216,3,513.51,19.43
698,394,406,3,869.72,51.14
699,1250,161,0,721.67,19.54
700,1058,486,7,45.7,46.79
701,552,235,5,243.05,28.32
702,622,380,3,136.02,18.37
703,1489,363,6,135.66,26.98
704,872,403,7,571.36,0.34
705,828,57,7,25.01,21.22
706,287,468,5,646.66,1.17
707,1443,208,4,150.86,39.72
708,525,302,6,405.68,1.42
709,876,392,6,1151.89,33.48
710,409,221,8,600.61,51.38
711,219,77,4,975.2,9.63
712,1481,492,8,166.22,57.12
713,95,400,8,498.46,14.99
714,1243,385,1,743.02,6.09
715,1310,351,5,785.92,32.27
716,898,292,2,448.62,28.31
717,152,333,7,324.53,49.46
718,309,307,4,577.22,33.71
719,898,252,6,681.09,34.36
720,1354,267,5,393.64,41.37
721,288,70,6,643.04,57.43
722,740,457,-2,83.72,11.05
723,960,234,8,235.33,21.73
724,408,266,5,488.98,36.22
725,48,144,2,232.57,38.53
726,876,406,8,869.72,47.89
727,1083,62,6,733.49,0.97
728,896,33,6,55.27,47.41
729,1008,290,6,239.86,38.06
730,155,95,2,336.58,31.91
731,1052,90,8,731.17,36.6
732,391,75,7,37.45,49.07
733,954,463,3,27.61,39.03
734,150,187,6,43.24,27.24
735,1419,443,1,723.44,24.09
736,602,7,7,296.48,1.13
737,462,331,7,108.7,9.03
738,457,335,8,829.52,39.22
739,411,364,3,1176.93,11.33
740,304,212,5,672.16,10.9
741,54,547,1,835.62,46.77
742,1107,357,2,405.4,19.65
743,646,236,4,106.95,12.1
744,335,435,5,256.72,13.98
745,445,364,1,1176.93,8.24
746,901,127,7,72.98,1.53
747,428,390,1,431.42,26.81
748,1507,204,4,569.01,46.26
749,1209,128,2,192.37,58.15
750,1038,529,2,364.66,9.77
751,430,124,8,201.86,44.44
752,734,325,7,571.99,11.46
753,186,520,6,749.82,28.68
754,1042,115,8,640.65,0.97
755,779,431,7,920.92,57.69
756,205,364,6,1176.93,56.74
757,134,445,5,544.52,13.76
758,1437,87,7,398.73,52.56
759,33,282,6,231.0,2.72
760,510,182,1,311.54,7.68
761,319,144,8,232.57,45.74
762,126,215,5,390.74,22.3
763,850,162,7,931.79,10.35
764,1063,156,3,530.53,21.9
765,225,167,-1,402.96,29.85
766,627,414,6,979.59,54.54
767,544,329,1,641.54,47.0
768,680,30,8,455.1,2.05
769,296,418,1,397.9,32.37
770,1226,538,3,909.27,9.49
771,31,358,4,113.21,5.53
772,136,116,8,729.38,27.87
773,851,550,8,879.34,8.06
774,1236,1,5,989.47,28.57
775,527,132,6,419.43,39.38
776,749,99,8,149.43,29.57
777,1170,201,3,610.31,13.16
778,266,147,4,249.69,39.55
779,195,414,5,979.59,53.22
780,216,256,4,258.36,15.04
781,1496,309,-3,620.85,42.63
782,947,533,5,785.4,45.59
783,270,336,7,555.73,22.49
784,298,36,7,300.79,37.91
785,406,187,1,43.24,8.58
786,70,244,3,792.3,23.81
787,24,493,8,247.59,51.46
788,385,416,8,808.16,59.56
789,929,270,8,837.98,7.07
790,573,527,6,641.18,20.24
791,382,262,6,432.31,48.42
792,999,468,2,646.66,40.08
793,702,532,5,475.76,3.79
794,749,437,1,780.42,57.89
795,259,97,4,513.84,58.51
796,228,124,5,201.86,7.58
797,712,315,8,119.55,26.17
798,170,517,3,733.19,23.85
799,1047,200,3,870.63,50.4
800,455,18,4,631.8,44.0
801,725,539,3,56.79,33.77
802,1087,538,1,909.27,48.02
803,743,236,3,106.95,22.47
804,206,170,4,69.87,50.59
805,1467,156,7,530.53,51.5
806,571,51,7,223.71,17.79
807,1069,432,8,668.64,28.08
808,279,308,1,142.62,4.49
809,1451,320,4,732.03,55.38
810,1256,69,-1,11.06,45.31
811,288,148,8,741.34,49.35
812,497,401,3,108.05,38.77
813,801,199,4,621.12,50.06
814,145,232,5,402.16,8.43
815,823,127,3,72.98,12.35
816,292,283,6,201.23,0.65
817,241,534,5,23.78,31.45
818,1288,483,4,211.02,39.63
819,612,128,8,192.37,9.22
820,1475,350,5,526.07,56.97
821,84,391,5,415.59,6.77
822,956,437,3,780.42,52.57
823,1417,499,5,566.77,13.48
824,212,91,6,188.73,14.48
825,1362,507,7,999.0,25.3
826,1307,108,5,755.33,50.54
827,565,258,6,272.72,25.18
828,515,366,2,1089.0,0.78
829,1461,498,4,339.77,35.15
830,454,445,5,544.52,6.24
831,1452,500,7,625.16,36.4
832,1368,392,1,1151.89,36.1
833,1210,101,2,1154.16,7.05
834,489,370,7,681.23,48.92
835,1472,41,6,191.74,38.83
836,902,472,1,196.9,56.41
837,1287,443,1,723.44,12.96
838,371,25,6,441.24,5.93
839,845,30,-4,455.1,50.97
840,520,368,6,718.95,21.14
841,510,284,8,302.59,47.02
842,665,470,5,434.32,46.12
843,329,215,0,390.74,33.51
844,1121,330,7,757.46,45.2
845,353,512,2,196.66,20.03
846,1263,234,6,235.33,49.72
847,208,93,7,163.23,18.78
848,1019,191,7,91.85,12.13
849,1449,498,6,339.77,20.22
850,897,371,3,415.69,57.56
851,662,17,2,394.55,11.39
852,636,519,5,73.95,45.41
853,1103,183,7,692.99,37.11
854,156,204,2,569.01,5.43
855,1225,415,5,650.82,8.75
856,697,546,6,242.35,120.44
857,789,107,5,348.01,36.81
858,169,332,4,608.87,26.55
859,84,252,3,681.09,40.05
860,561,27,8,910.96,13.47
861,1424,225,4,367.38,52.51
862,902,222,3,403.97,0.75
863,500,22,8,599.31,50.28
864,849,197,7,689.22,11.16
865,1063,410,7,126.2,44.81
866,1448,373,5,106.7,25.88
867,747,241,6,324.85,32.42
868,158,138,6,969.99,51.6
869,1439,253,3,551.51,5.8
870,1040,488,6,743.19,6.29
871,1238,234,6,235.33,43.05
872,1321,230,8,334.04,16.15
873,109,472,8,196.9,29.83
874,894,67,3,913.5,1.33
875,919,59,6,166.04,28.6
876,1447,152,2,216.06,40.92
877,134,283,5,201.23,56.84
878,1491,29,8,29.3,25.85
879,274,406,4,869.72,39.71
880,635,312,-3,268.81,13.95
881,1041,417,3,350.58,45.98
882,1396,323,1,545.53,58.25
883,109,367,2,13.67,46.48
884,146,66,7,531.83,136.79
885,399,255,3,326.22,50.14
886,61,507,2,999.0,19.91
887,193,414,7,979.59,48.29
888,781,486,3,45.7,50.84
889,375,99,5,149.43,21.31
890,1449,441,5,252.78,29.98
891,378,267,7,393.64,12.04
892,720,84,6,470.39,27.1
893,193,537,5,799.49,1.22
894,1242,63,1,272.84,40.96
895,196,173,1,762.47,57.82
896,1084,13,1,489.24,19.61
897,628,29,6,29.3,51.56
898,354,194,8,876.9,10.91
899,448,354,2,184.91,52.33
900,317,384,3,578.03,53.49
901,1447,182,3,311.54,48.86
902,912,32,1,745.78,56.12
903,247,320,5,732.03,6.47
904,1399,185,3,1046.94,54.01
905,1020,198,3,74.36,59.84
906,691,466,7,447.46,47.04
907,239,68,6,717.98,14.77
908,290,246,8,629.15,11.3
909,828,43,-3,141.52,3.52
910,984,102,2,726.02,39.81
911,657,540,7,44.0,45.42
912,1318,206,5,42.02,19.22
913,918,203,5,674.86,56.65
914,874,414,7,979.59,22.62
915,1005,25,8,441.24,6.26
916,1150,496,7,263.87,18.35
917,589,57,1,25.01,11.28
918,183,315,3,119.55,38.46
919,99,548,1,728.8,2.83
920,621,395,4,91.05,21.11
921,1102,54,7,737.24,44.31
922,1074,183,6,692.99,40.87
923,92,220,2,892.11,27.43
924,381,227,6,215.26,4.38
925,417,508,4,218.85,34.27
926,1256,16,1,14.27,55.33
927,422,120,5,568.49,0.28
928,493,339,3,177.12,59.23
929,468,381,7,275.92,2.69
930,291,253,5,551.51,52.92
931,866,318,4,1000.89,56.42
932,1339,280,7,303.13,41.42
933,852,424,7,625.33,16.69
934,389,500,5,625.16,36.01
935,1284,405,1,72.96,41.76
936,920,132,4,419.43,4.23
937,235,119,3,50.56,54.13
938,1001,69,3,11.06,32.22
939,343,263,7,76.96,17.09
940,587,292,5,448.62,6.51
941,245,405,4,72.96,57.01
942,1137,510,4,51.58,7.63
943,74,481,8,308.63,6.56
944,469,39,-4,863.99,11.07
945,1421,70,4,643.04,26.16
946,760,449,3,591.79,26.52
947,85,516,4,52.97,46.11
948,1485,326,1,827.26,34.13
949,313,350,5,526.07,146.17
950,718,474,4,703.65,54.09
951,116,401,7,108.05,9.19
952,598,518,2,655.09,13.51
953,1285,200,6,870.63,39.48
954,899,26,8,650.29,4.16
955,504,542,5,258.35,33.41
956,294,326,1,827.26,6.68
957,134,420,1,55.62,37.12
958,348,330,6,757.46,2.31
959,213,240,1,199.48,22.87
960,1153,60,7,98.41,46.12
961,246,230,1,334.04,33.82
962,152,21,8,416.35,56.23
963,1321,396,5,712.35,41.14
964,793,461,4,697.06,40.97
965,1255,257,6,57.04,58.81
966,1304,466,8,447.46,55.17
967,314,466,6,447.46,13.43
968,588,179,7,280.67,59.95
969,329,377,1,60.44,25.9
970,615,148,1,741.34,27.6
971,1456,233,7,160.11,7.5
972,1284,362,4,965.99,56.51
973,863,428,8,71.35,44.01
974,910,398,8,563.11,21.81
975,668,409,3,517.88,43.4
976,422,252,4,681.09,42.76
977,1165,200,6,870.63,54.02
978,1123,419,6,327.13,38.64
979,438,403,3,571.36,28.21
980,1112,464,5,308.87,145.33
981,1278,423,1,29.06,11.96
982,692,161,7,721.67,56.23
983,885,185,8,1046.94,1.43
984,423,396,3,712.35,16.4
985,1394,160,7,494.83,34.5
986,406,155,7,9.89,18.99
987,504,134,8,762.22,18.97
988,1255,544,1,477.64,40.57
989,134,88,1,777.17,0.52
990,109,340,2,180.46,18.8
991,731,208,3,150.86,57.48
992,630,68,6,717.98,37.39
993,647,458,8,215.51,20.32
994,359,297,-3,479.92,6.09
995,1151,164,3,431.75,9.8
996,243,546,7,242.35,9.5
997,1132,481,-3,308.63,41.4
998,511,117,3,301.63,54.55
999,199,41,3,191.74,52.81
1000,969,389,8,520.13,10.23
1001,41,372,8,732.62,35.09
1002,373,459,1,304.69,58.22
1003,1376,353,6,460.9,59.27
1004,1515,379,2,308.55,10.63
1005,1279,308,7,142.62,55.01
1006,228,202,6,370.27,17.54
1007,171,364,8,1176.93,0.96
1008,1209,428,3,71.35,21.91
1009,518,197,5,689.22,58.92
1010,49,502,6,572.97,54.35
1011,107,245,5,598.89,15.79
1012,887,346,1,597.42,16.37
1013,1345,470,2,434.32,19.98
1014,65,134,1,762.22,44.08
1015,40,310,7,24.27,11.98
1016,963,390,7,431.42,2.16
1017,1377,277,7,167.72,20.14
1018,1050,435,7,256.72,42.44
1019,272,355,5,924.55,33.14
1020,1002,289,5,303.29,5.0
1021,922,87,6,398.73,51.69
1022,233,24,3,368.3,48.37
1023,220,249,2,573.57,10.63
1024,134,158,4,459.3,46.73
1025,155,10,1,47.09,44.19
1026,699,73,3,803.92,34.97
1027,944,339,2,177.12,36.75
1028,116,143,4,674.11,55.08
1029,167,191,2,91.85,43.1
1030,188,4,7,255.89,47.5
1031,478,216,1,513.51,43.02
1032,793,329,4,641.54,28.56
1033,405,508,3,218.85,28.15
1034,1499,63,8,272.84,11.1
1035,13,82,3,279.68,58.45
1036,540,148,4,741.34,42.0
1037,1440,78,4,129.55,11.22
1038,659,234,3,235.33,23.68
1039,1214,304,7,108.45,30.4
1040,585,224,7,560.87,15.06
1041,707,247,1,550.12,39.29
1042,1400,258,5,272.72,45.26
1043,133,64,2,1150.76,29.64
1044,124,441,2,252.78,40.44
1045,1467,457,1,83.72,58.63
1046,1382,91,6,188.73,35.29
1047,741,68,5,717.98,43.63
1048,654,462,6,402.36,44.53
1049,984,380,8,136.02,18.01
1050,1002,321,4,508.72,13.69
1051,350,44,6,234.93,24.58
1052,946,333,7,324.53,27.82
1053,952,464,3,308.87,8.52
1054,790,430,1,20.56,52.4
1055,649,391,3,415.59,23.97
1056,29,445,3,544.52,9.06
1057,377,223,2,621.75,0.98
1058,968,154,5,474.8,20.24
1059,45,510,7,51.58,9.5
1060,1126,285,4,70.15,11.4
1061,1243,512,7,196.66,26.11
1062,328,500,1,625.16,21.2
1063,218,69,6,11.06,42.36
1064,1245,297,3,479.92,14.11
1065,1013,222,7,403.97,29.43
1066,631,163,6,147.79,37.83
1067,1401,440,2,290.62,35.95
1068,1085,289,6,303.29,43.49
1069,1411,132,6,419.43,33.92
1070,970,65,-1,456.34,26.82
1071,855,253,4,551.51,56.67
1072,1410,240,6,199.48,38.03
1073,976,288,6,539.84,34.63
1074,679,200,3,870.63,57.93
1075,1296,235,4,243.05,48.8
1076,511,501,8,288.88,53.43
1077,642,524,2,65.09,23.05
1078,304,330,2,757.46,31.75
1079,948,273,2,711.32,26.97
1080,396,283,3,201.23,21.83
1081,121,486,4,45.7,13.4
1082,7,336,6,555.73,49.49
1083,989,150,5,10.34,57.4
1084,993,322,4,441.28,49.45
1085,1323,193,2,218.1,17.74
1086,125,200,5,870.63,14.89
1087,771,434,1,583.35,17.89
1088,419,148,5,741.34,1.52
1089,1335,432,2,668.64,22.12
1090,303,458,7,215.51,33.32
1091,1217,455,6,967.31,6.46
1092,561,467,5,911.77,11.87
1093,1243,465,5,85.12,9.77
1094,264,331,1,108.7,7.43
1095,669,489,6,504.43,8.51
1096,1476,385,1,743.02,37.73
1097,1324,332,7,608.87,10.68
1098,1256,36,5,300.79,19.44
1099,1165,41,1,191.74,43.37
1100,1462,136,8,351.32,3.83
1101,140,144,3,232.57,6.14
1102,335,241,2,324.85,45.28
1103,732,347,2,421.57,24.76
1104,143,505,7,1051.53,32.71
1105,1075,427,7,484.25,41.68
1106,1123,92,4,226.02,26.91
1107,237,268,4,836.82,14.36
1108,1321,25,1,441.24,38.57
1109,1429,231,8,357.89,2.54
1110,449,239,3,950.99,57.27
1111,282,513,6,924.61,19.38
1112,1300,406,1,869.72,30.61
1113,594,505,1,1051.53,40.18
1114,1428,425,2,431.01,2.41
1115,1208,37,4,452.15,13.77
1116,1007,8,-3,396.21,42.11
1117,1192,377,3,60.44,23.83
1118,312,550,1,879.34,54.91
1119,1276,289,-3,303.29,33.38
1120,1047,398,3,563.11,50.09
1121,1245,263,6,76.96,11.75
1122,534,403,2,571.36,39.03
1123,925,30,8,455.1,36.2
1124,1335,525,7,510.78,12.28
1125,231,43,7,141.52,48.28
1126,422,205,5,99.92,49.98
1127,1381,220,-5,892.11,49.07
1128,740,475,1,440.32,38.87
1129,471,259,4,138.18,30.67
1130,635,13,4,489.24,49.78
1131,684,212,8,672.16,56.81
1132,796,336,8,555.73,59.05
1133,1233,170,8,69.87,28.81
1134,1223,293,4,839.56,4.66
1135,220,1,1,989.47,37.16
1136,23,281,1,490.94,18.21
1137,782,164,2,431.75,3.21
1138,441,196,7,405.61,44.51
1139,764,78,5,129.55,25.05
1140,46,305,1,190.17,53.91
1141,619,146,5,370.21,27.42
1142,420,124,1,201.86,52.82
1143,976,179,1,280.67,6.76
1144,1485,241,8,324.85,52.19
1145,1188,280,5,303.13,1.35
1146,1154,492,2,166.22,43.89
1147,314,221,2,600.61,23.85
1148,773,31,1,649.98,29.85
1149,954,423,3,29.06,58.37
1150,1182,46,2,607.42,57.57
1151,576,289,8,303.29,12.16
1152,548,25,5,441.24,57.79
1153,386,241,8,324.85,48.62
1154,1332,46,7,607.42,33.54
1155,1440,501,4,288.88,42.93
1156,97,294,6,368.91,5.3
1157,753,468,8,646.66,32.68
1158,765,381,3,275.92,19.24
1159,1310,356,7,284.62,10.44
1160,823,382,8,838.26,59.01
1161,599,152,8,216.06,40.54
1162,836,369,7,511.97,5.19
1163,519,141,6,321.09,55.48
1164,1322,478,8,392.6,45.22
1165,1394,169,1,315.54,20.61
1166,1281,149,6,489.32,32.41
1167,327,143,4,674.11,49.48
1168,812,84,7,470.39,52.84
1169,1027,43,-5,141.52,6.23
1170,9,261,-5,881.56,39.88
1171,338,233,6,160.11,29.35
1172,667,383,7,628.55,31.39
1173,805,225,6,367.38,44.99
1174,1409,109,4,631.4,38.43
1175,930,160,4,494.83,42.97
1176,1034,111,8,389.21,8.66
1177,148,314,4,1034.96,45.35
1178,621,215,2,390.74,57.09
1179,392,25,1,441.24,1.87
1180,248,213,3,494.86,49.66
1181,1394,74,2,725.73,15.21
1182,244,433,6,571.22,39.7
1183,22,308,6,142.62,23.26
1184,427,312,7,268.81,37.16
1185,980,43,8,141.52,58.62
1186,1024,328,6,739.71,1.86
1187,1435,485,7,659.6,45.18
1188,201,433,-5,571.22,37.21
1189,719,503,1,317.28,22.8
1190,999,89,8,393.93,15.13
1191,189,85,4,538.5,43.46
1192,1466,97,8,513.84,119.61
1193,691,248,8,73.67,2.06
1194,635,463,4,27.61,36.82
1195,195,11,3,104.28,35.61
1196,1383,29,8,29.3,4.15
1197,372,475,5,440.32,41.83
1198,795,549,1,244.49,15.19
1199,241,530,8,651.64,10.44
1200,926,301,3,508.9,2.39
1201,1232,340,7,180.46,6.58
1202,318,79,4,277.89,28.93
1203,511,6,7,324.02,46.54
1204,1340,181,7,141.75,2.63
1205,375,229,6,320.79,51.93
1206,1196,506,4,730.42,42.83
1207,1436,119,2,50.56,9.87
1208,271,25,8,441.24,29.77
1209,1432,441,1,252.78,42.5
1210,1421,378,2,229.79,25.12
1211,69,286,7,511.43,33.44
1212,865,69,2,11.06,5.23
1213,1362,367,8,13.67,24.08
1214,499,141,2,321.09,1.45
1215,177,192,4,559.49,26.77
1216,1119,383,5,628.55,28.67
1217,1345,190,7,433.62,6.95
1218,82,238,4,698.43,8.84
1219,273,401,1,108.05,22.31
1220,1045,13,2,489.24,31.47
1221,545,544,1,477.64,18.2
1222,281,328,4,739.71,51.64
1223,438,194,8,876.9,28.7
1224,439,102,3,726.02,23.27
1225,1298,73,3,803.92,40.02
1226,1045,149,2,489.32,28.66
1227,1502,169,4,315.54,37.62
1228,847,371,4,415.69,49.68
1229,833,62,7,733.49,2.57
1230,657,405,1,72.96,11.56
1231,1488,383,7,628.55,26.99
1232,461,131,8,104.36,36.89
1233,1044,417,3,350.58,14.48
1234,1068,295,8,924.66,46.39
1235,887,32,7,745.78,3.98
1236,174,150,1,10.34,22.17
1237,806,288,8,539.84,39.01
1238,700,311,6,533.05,55.16
1239,963,524,8,65.09,23.17
1240,1410,141,8,321.09,20.22
1241,1417,502,6,572.97,31.96
1242,1263,65,5,456.34,37.75
1243,556,296,4,1082.41,18.78
1244,664,246,4,629.15,20.91
1245,628,197,6,689.22,31.06
1246,843,286,5,511.43,35.87
1247,1372,193,0,218.1,46.1
1248,286,303,4,514.9,41.23
1249,741,329,4,641.54,47.88
1250,1192,533,3,785.4,7.03
1251,1481,299,4,1090.94,12.34
1252,1298,346,3,597.42,53.24
1253,1018,384,4,578.03,23.5
1254,1469,278,8,447.86,32.24
1255,300,261,2,881.56,15.15
1256,772,403,1,571.36,3.99
1257,522,507,8,999.0,56.09
1258,1128,284,7,302.59,11.95
1259,105,438,8,55.96,35.72
1260,976,448,7,309.77,18.79
1261,287,186,2,214.88,21.68
1262,112,43,2,141.52,16.64
1263,1124,549,5,244.49,7.65
1264,197,434,4,583.35,2.4
1265,1353,62,1,733.49,6.69
1266,1279,284,5,302.59,25.79
1267,473,226,5,1203.21,55.67
1268,725,243,-2,541.65,1.38
1269,1197,325,4,571.99,10.31
1270,785,209,1,553.34,57.27
1271,187,277,8,167.72,7.47
1272,505,417,4,350.58,14.52
1273,1249,170,3,69.87,55.06
1274,573,110,1,343.05,14.33
1275,632,446,7,1159.67,26.77
1276,476,103,2,500.4,24.51
1277,910,454,3,517.64,44.35
1278,788,390,1,431.42,32.48
1279,557,211,-4,447.86,26.2
1280,1074,351,6,785.92,1.24
1281,1040,398,-4,563.11,36.39
1282,764,148,2,741.34,36.06
1283,1432,387,3,653.12,47.28
1284,425,224,6,560.87,21.2
1285,562,255,5,326.22,53.91
1286,778,481,1,308.63,41.19
1287,1154,250,2,148.21,27.13
1288,45,399,6,357.59,21.57
1289,42,503,7,317.28,43.45
1290,869,92,7,226.02,15.3
1291,469,276,6,459.84,54.7
1292,533,491,3,365.81,10.11
1293,1200,530,4,651.64,50.75
1294,782,374,1,434.66,45.64
1295,185,163,2,147.79,36.93
1296,1133,52,5,1026.41,4.76
1297,523,464,-2,308.87,17.59
1298,893,286,3,511.43,13.75
1299,639,171,2,519.53,13.91
1300,189,54,3,737.24,17.29
1301,964,434,3,583.35,14.17
1302,401,79,2,277.89,46.37
1303,552,184,-5,736.17,7.45
1304,948,378,3,229.79,9.16
1305,383,252,1,681.09,19.53
1306,352,279,1,116.26,30.05
1307,117,404,3,499.73,10.02
1308,961,160,3,494.83,14.52
1309,1248,377,5,60.44,27.74
1310,932,180,2,707.0,42.81
1311,332,44,2,234.93,58.97
1312,279,1,5,989.47,27.65
1313,1004,405,7,72.96,53.33
1314,956,533,6,785.4,47.18
1315,1183,415,5,650.82,31.41
1316,835,171,8,519.53,7.57
1317,75,212,2,672.16,35.99
1318,753,306,2,995.73,36.26
1319,845,392,7,1151.89,17.97
1320,49,323,8,545.53,11.92
1321,33,221,7,600.61,46.5
1322,302,461,3,697.06,38.94
1323,619,406,4,869.72,8.54
1324,466,450,5,1008.83,29.21
1325,956,477,6,366.54,52.94
1326,949,134,7,762.22,57.58
1327,503,150,2,10.34,17.73
1328,109,359,8,287.78,54.56
1329,1339,444,2,528.6,35.89
1330,727,525,8,510.78,2.43
1331,982,70,6,643.04,19.89
1332,636,519,3,73.95,0.66
1333,208,150,5,10.34,3.59
1334,1044,224,6,560.87,1.45
1335,827,343,8,345.86,20.82
1336,669,292,6,448.62,3.05
1337,1059,127,8,72.98,45.51
1338,888,527,1,641.18,39.98
1339,1123,519,2,73.95,59.92
1340,315,387,6,653.12,39.64
1341,901,274,3,270.7,8.53
1342,403,96,7,961.7,16.55
1343,452,43,1,141.52,18.17
1344,273,200,7,870.63,34.16
1345,856,156,7,530.53,32.82
1346,523,216,1,513.51,59.46
1347,335,39,5,863.99,43.63
1348,136,225,8,367.38,54.91
1349,340,506,2,730.42,4.8
1350,942,351,6,785.92,51.04
1351,529,339,6,177.12,31.6
1352,1368,533,0,785.4,40.96
1353,1217,252,4,681.09,48.9
1354,889,495,5,742.02,19.69
1355,1043,308,8,142.62,58.37
1356,829,53,5,502.0,48.1
1357,528,110,3,343.05,33.3
1358,449,255,8,326.22,54.31
1359,202,518,6,655.09,24.76
1360,819,430,6,20.56,17.95
1361,497,167,8,402.96,56.91
1362,1358,68,6,717.98,55.57
1363,117,447,7,10.05,48.9
1364,316,425,8,431.01,58.7
1365,684,380,2,136.02,18.48
1366,997,504,7,155.04,35.31
1367,831,441,4,252.78,17.19
1368,1251,169,6,315.54,9.55
1369,670,386,2,488.06,6.04
1370,169,9,3,268.41,32.42
1371,1009,95,3,336.58,59.51
1372,5,483,3,211.02,1.96
1373,597,376,6,299.58,39.96
1374,180,42,3,584.69,53.57
1375,677,103,1,500.4,59.78
1376,169,41,1,191.74,49.29
1377,394,175,7,496.9,49.45
1378,1005,111,5,389.21,35.6
1379,1261,539,2,56.79,49.91
1380,583,142,2,1030.45,27.74
1381,533,162,2,931.79,29.78
1382,1504,291,1,648.5,23.6
1383,694,167,8,402.96,48.62
1384,735,522,5,678.69,17.62
1385,1446,411,7,640.09,48.42
1386,482,317,6,599.24,12.63
1387,945,153,3,74.12,2.21
1388,121,121,3,1048.4,6.46
1389,920,130,3,381.84,136.42
1390,579,341,-3,239.1,34.76
1391,1472,494,7,926.14,24.59
1392,1320,310,4,24.27,53.74
1393,1344,35,6,771.63,9.39
1394,393,354,2,184.91,2.93
1395,517,399,3,357.59,48.75
1396,950,408,6,16.94,26.98
1397,670,433,6,571.22,57.48
1398,1161,189,1,452.33,52.15
1399,337,257,7,57.04,105.57
1400,686,152,1,216.06,53.05
1401,492,526,8,379.61,57.42
1402,415,185,7,1046.94,2.31
1403,19,370,6,681.23,48.01
1404,764,346,1,597.42,6.28
1405,1027,207,4,897.87,8.87
1406,1394,518,5,655.09,31.85
1407,1083,202,7,370.27,46.18
1408,1498,41,8,191.74,57.85
1409,1211,298,8,551.98,2.67
1410,682,19,7,212.63,35.36
1411,129,486,7,45.7,55.74
1412,1247,237,6,271.2,50.09
1413,457,461,5,697.06,18.02
1414,1336,40,4,458.7,40.11
1415,1187,261,7,881.56,15.92
1416,1087,235,1,243.05,13.31
1417,921,245,7,598.89,0.14
1418,98,78,5,129.55,32.12
1419,1120,427,1,484.25,30.11
1420,1311,314,1,1034.96,29.8
1421,1189,219,5,292.41,46.78
1422,481,399,6,357.59,10.63
1423,1344,206,0,42.02,0.85
1424,880,82,6,279.68,38.81
1425,983,22,2,599.31,7.79
1426,1498,265,3,546.41,39.45
1427,1376,264,7,144.35,9.71
1428,874,209,3,553.34,21.69
1429,592,317,2,599.24,4.57
1430,319,125,1,453.21,57.22
1431,136,277,3,167.72,6.8
1432,925,346,2,597.42,30.03
1433,1095,477,2,366.54,28.87
1434,1259,285,2,70.15,21.38
1435,189,362,3,965.99,23.27
1436,388,257,1,57.04,54.66
1437,1271,89,2,393.93,9.74
1438,701,165,4,258.66,28.72
1439,1294,360,1,311.03,20.41
1440,798,443,2,723.44,48.44
1441,825,218,3,870.52,11.41
1442,1306,496,2,263.87,58.57
1443,465,507,8,999.0,23.24
1444,1316,378,4,229.79,54.0
1445,75,464,4,308.87,0.22
1446,728,18,6,631.8,38.92
1447,852,8,6,396.21,51.72
1448,175,138,2,969.99,35.68
1449,1150,120,3,568.49,28.41
1450,1134,349,2,500.53,37.5
1451,67,325,4,571.99,18.72
1452,872,301,1,508.9,51.52
1453,113,308,3,142.62,41.75
1454,778,157,5,837.89,20.4
1455,844,77,6,975.2,4.51
1456,632,308,7,142.62,1.36
1457,584,336,3,555.73,42.71
1458,282,538,2,909.27,21.75
1459,195,271,6,907.55,19.1
1460,254,188,4,706.96,34.93
1461,162,238,1,698.43,16.59
1462,1127,82,5,279.68,54.38
1463,1348,305,2,190.17,53.72
1464,84,320,7,732.03,5.58
1465,683,276,1,459.84,8.21
1466,194,5,2,618.7,53.48
1467,88,481,6,308.63,24.36
1468,219,271,3,907.55,35.45
1469,1150,254,2,138.94,20.04
1470,380,107,1,348.01,28.22
1471,1493,130,3,381.84,44.27
1472,1398,522,4,678.69,59.38
1473,11,536,5,896.36,34.6
1474,1495,193,8,218.1,32.85
1475,122,441,4,252.78,36.8
1476,796,198,-5,74.36,115.34
1477,279,415,7,650.82,54.64
1478,590,276,4,459.84,36.98
1479,256,431,5,920.92,38.9
1480,1020,2,2,610.07,24.33
1481,392,260,3,719.24,34.6
1482,1313,123,4,780.61,7.95
1483,83,237,4,271.2,44.69
1484,1498,74,7,725.73,7.98
1485,447,284,2,302.59,34.47
1486,1335,216,2,513.51,49.8
1487,29,424,2,625.33,20.48
1488,916,148,3,741.34,43.46
1489,253,378,6,229.79,58.64
1490,776,532,5,475.76,26.6
1491,413,150,4,10.34,23.35
1492,386,249,8,573.57,29.33
1493,561,448,1,309.77,15.13
1494,888,475,3,440.32,3.68
1495,123,470,5,434.32,12.23
1496,227,295,3,924.66,17.01
1497,1503,437,1,780.42,28.39
1498,1085,67,8,913.5,20.87
1499,1320,230,8,334.04,12.06
1500,565,489,7,504.43,16.18
1501,984,226,8,1203.21,54.29
1502,36,241,-4,324.85,23.07
1503,1130,522,3,678.69,6.59
1504,1478,380,5,136.02,41.39
1505,557,529,5,364.66,44.78
1506,42,65,2,456.34,14.47
1507,580,259,4,138.18,45.46
1508,1369,543,3,838.57,37.65
1509,1083,4,3,255.89,57.52
1510,671,430,6,20.56,0.09
1511,397,192,2,559.49,43.96
1512,1477,436,5,167.07,41.76
1513,557,205,7,99.92,40.19
1514,1233,366,2,1089.0,22.8
1515,1280,201,4,610.31,19.48
1516,689,366,8,1089.0,45.54
1517,1091,342,8,1141.78,13.65
1518,1152,17,2,394.55,6.19
1519,281,237,7,271.2,51.99
1520,420,479,7,619.25,32.1
1521,149,106,8,896.67,43.11
1522,453,220,4,892.11,22.25
1523,75,263,1,76.96,55.09
1524,838,124,5,201.86,38.58
1525,922,215,2,390.74,20.45
1526,485,122,0,412.03,5.61
1527,513,550,4,879.34,2.65
1528,1412,284,3,302.59,39.44
1529,1426,7,8,296.48,49.02
1530,444,422,6,465.77,6.01
1531,1032,235,5,243.05,0.01
1532,1427,358,6,113.21,45.2
1533,1140,169,1,315.54,44.33
1534,1285,22,5,599.31,11.55
1535,322,240,1,199.48,43.95
1536,402,215,4,390.74,7.96
1537,944,63,8,272.84,13.54
1538,276,33,-1,55.27,43.54
1539,1483,210,6,1098.72,37.63
1540,614,443,3,723.44,41.28
1541,326,486,7,45.7,0.46
1542,768,36,3,300.79,41.07
1543,861,112,2,499.91,45.87
1544,434,75,3,37.45,24.9
1545,891,235,3,243.05,15.97
1546,1066,544,6,477.64,53.18
1547,323,546,4,242.35,57.22
1548,871,177,8,43.42,16.75
1549,533,220,1,892.11,11.78
1550,606,385,8,743.02,55.63
1551,1191,119,3,50.56,54.05
1552,471,547,2,835.62,33.6
1553,809,139,1,200.77,31.08
1554,1104,238,3,698.43,14.43
1555,104,521,2,323.3,14.49
1556,1132,86,6,817.8,31.5
1557,192,266,5,488.98,19.92
1558,279,183,1,692.99,25.66
1559,421,144,4,232.57,41.93
1560,184,531,3,758.09,37.49
1561,147,433,2,571.22,44.26
1562,660,472,3,196.9,40.88
1563,692,31,-1,649.98,45.93
1564,56,25,1,441.24,5.02
1565,338,84,2,470.39,41.28
1566,985,101,8,1154.16,47.02
1567,1104,381,1,275.92,47.25
1568,1239,27,3,910.96,59.3
1569,641,389,2,520.13,47.68
1570,1033,297,5,479.92,15.65
1571,175,152,8,216.06,17.23
1572,1070,79,3,277.89,10.54
1573,592,514,1,540.01,18.85
1574,961,42,7,584.69,28.04
1575,91,51,-1,223.71,39.72
1576,504,387,6,653.12,38.2
1577,182,371,5,415.69,31.8
1578,830,387,2,653.12,14.15
1579,306,276,4,459.84,59.44
1580,757,51,6,223.71,18.61
1581,349,385,1,743.02,33.15
1582,81,482,1,994.21,24.4
1583,493,421,8,396.03,37.09
1584,35,539,3,56.79,7.55
1585,125,275,1,960.36,55.69
1586,803,259,2,138.18,53.41
1587,1084,6,5,324.02,37.53
1588,530,182,8,311.54,125.42
1589,510,529,4,364.66,22.69
1590,385,542,2,258.35,23.98
1591,497,159,2,891.45,8.49
1592,820,303,3,514.9,31.3
1593,1322,315,7,119.55,17.86
1594,43,249,7,573.57,45.39
1595,268,378,7,229.79,12.83
1596,635,258,2,272.72,27.72
1597,84,400,5,498.46,56.73
1598,1294,400,3,498.46,21.28
1599,766,298,1,551.98,11.2
1600,470,378,6,229.79,32.61
1601,383,301,4,508.9,57.55
1602,1494,24,2,368.3,28.19
1603,631,422,5,465.77,51.79
1604,1051,544,1,477.64,46.32
1605,1497,112,6,499.91,14.49
1606,1429,513,3,924.61,49.82
1607,565,340,3,180.46,27.94
1608,1428,64,6,1150.76,2.25
1609,1407,59,5,166.04,14.33
1610,443,214,6,39.93,11.66
1611,1078,264,6,144.35,53.01
1612,251,405,4,72.96,48.4
1613,210,93,2,163.23,42.68
1614,932,539,8,56.79,43.28
1615,254,50,4,62.95,14.47
1616,188,203,8,674.86,13.01
1617,830,331,4,108.7,2.35
1618,833,36,2,300.79,57.37
1619,1254,518,8,655.09,45.5
1620,671,399,2,357.59,27.7
1621,1026,417,1,350.58,0.64
1622,379,214,1,39.93,59.84
1623,61,110,-3,343.05,46.72
1624,230,131,1,104.36,14.66
1625,773,342,8,1141.78,38.21
1626,1019,271,5,907.55,49.38
1627,1221,123,7,780.61,55.0
1628,1272,219,7,292.41,22.07
1629,709,138,1,969.99,4.58
1630,1237,73,2,803.92,52.25
1631,1310,294,2,368.91,32.35
1632,463,237,7,271.2,31.79
1633,703,28,3,919.16,45.39
1634,835,200,3,870.63,48.9
1635,323,221,3,600.61,4.41
1636,925,282,6,231.0,20.26
1637,158,95,5,336.58,56.03
1638,1425,302,0,405.68,7.8
1639,1098,418,1,397.9,49.77
1640,1292,22,-3,599.31,14.26
1641,810,439,7,633.65,57.98
1642,95,532,2,475.76,6.99
1643,264,437,1,780.42,56.33
1644,396,57,4,25.01,21.68
1645,815,91,1,188.73,23.18
1646,1403,467,2,911.77,19.22
1647,436,103,-2,500.4,46.06
1648,521,349,6,500.53,3.12
1649,881,522,3,678.69,26.17
1650,223,498,8,339.77,25.47
1651,1150,147,4,249.69,59.04
1652,541,298,1,551.98,6.95
1653,623,6,8,324.02,46.81
1654,702,306,4,995.73,28.61
1655,1367,542,3,258.35,24.45
1656,435,240,6,199.48,36.87
1657,255,55,-1,538.85,40.02
1658,925,19,1,212.63,30.44
1659,1157,67,5,913.5,17.15
1660,373,17,8,394.55,59.51
1661,1194,170,7,69.87,45.37
1662,1447,431,7,920.92,52.17
1663,1346,304,8,108.45,5.38
1664,1070,303,3,514.9,32.12
1665,750,394,4,534.45,8.82
1666,1158,106,5,896.67,1.28
1667,1025,318,4,1000.89,57.2
1668,390,111,3,389.21,50.35
1669,457,302,3,405.68,46.58
1670,881,414,1,979.59,24.47
1671,1433,24,8,368.3,9.3
1672,1312,121,8,1048.4,45.83
1673,63,453,3,88.94,44.96
1674,634,234,4,235.33,19.55
1675,1357,371,4,415.69,53.91
1676,1066,142,-5,1030.45,45.42
1677,584,4,0,255.89,53.84
1678,835,121,3,1048.4,54.13
1679,1160,445,6,544.52,1.8
1680,302,416,6,808.16,32.67
1681,301,445,5,544.52,5.61
1682,1128,392,7,1151.89,20.68
1683,1291,75,4,37.45,0.9
1684,987,437,2,780.42,40.32
1685,1405,150,4,10.34,48.43
1686,1506,345,2,981.87,15.12
1687,394,274,7,270.7,32.49
1688,493,319,5,236.54,37.56
1689,84,31,3,649.98,28.71
1690,459,2,1,610.07,40.06
1691,1053,445,7,544.52,54.44
1692,798,65,1,456.34,7.01
1693,793,516,4,52.97,4.5
1694,1369,198,6,74.36,49.41
1695,53,50,2,62.95,22.51
1696,115,286,2,511.43,17.58
1697,1243,75,6,37.45,3.26
1698,836,182,4,311.54,52.31
1699,908,422,3,465.77,3.02
1700,755,226,5,1203.21,16.21
1701,1015,452,8,824.44,35.93
1702,801,167,1,402.96,42.86
1703,920,144,7,232.57,45.78
1704,844,134,3,762.22,20.67
1705,1138,95,8,336.58,43.5
1706,1514,486,7,45.7,55.39
1707,330,69,5,11.06,1.36
1708,1074,547,5,835.62,4.03
1709,400,204,4,569.01,27.23
1710,183,136,6,351.32,21.47
1711,351,208,6,150.86,54.95
1712,822,112,8,499.91,32.68
1713,163,476,1,524.33,12.3
1714,337,105,2,99.83,36.18
1715,1,389,2,520.13,13.13
1716,865,244,6,792.3,7.94
1717,1016,354,7,184.91,7.28
1718,447,459,2,304.69,53.48
1719,1117,304,5,108.45,15.88
1720,101,173,6,762.47,2.87
1721,811,302,1,405.68,58.38
1722,194,442,5,778.29,17.09
1723,109,243,8,541.65,12.29
1724,513,105,7,99.83,28.22
1725,222,146,8,370.21,44.45
1726,1024,526,3,379.61,54.91
1727,154,15,3,726.9,38.34
1728,1007,550,3,879.34,6.14
1729,397,268,7,836.82,10.3
1730,1119,349,8,500.53,47.06
1731,1407,449,4,591.79,45.47
1732,475,249,2,573.57,50.88
1733,363,327,7,653.08,1.75
1734,469,461,1,697.06,29.57
1735,1440,439,7,633.65,40.84
1736,244,465,8,85.12,42.01
1737,825,509,4,207.15,54.02
1738,1062,151,1,767.03,21.91
1739,5,386,3,488.06,5.06
1740,351,185,4,1046.94,37.75
1741,672,164,2,431.75,59.53
1742,1391,375,1,225.99,46.64
1743,1105,459,2,304.69,41.2
1744,830,154,2,474.8,31.37
1745,357,75,3,37.45,19.64
1746,815,468,1,646.66,33.45
1747,1095,275,0,960.36,14.11
1748,1277,296,1,1082.41,57.19
1749,260,39,6,863.99,47.9
1750,1240,236,7,106.95,58.5
1751,1226,257,5,57.04,38.9
1752,611,346,2,597.42,38.84
1753,581,356,8,284.62,37.56
1754,1040,469,-1,124.05,41.72
1755,904,94,6,406.99,55.42
1756,482,412,-4,15.54,23.43
1757,402,192,1,559.49,56.03
1758,926,282,7,231.0,46.81
1759,1258,66,8,531.83,29.69
1760,1090,505,7,1051.53,32.52
1761,1278,447,8,10.05,43.11
1762,316,133,6,124.66,30.97
1763,402,506,1,730.42,47.43
1764,1090,326,1,827.26,23.92
1765,382,244,6,792.3,103.54
1766,552,31,6,649.98,45.33
1767,800,391,6,415.59,41.14
1768,1166,40,1,458.7,40.38
1769,344,287,3,205.19,46.7
1770,702,384,5,578.03,15.07
1771,1073,403,8,571.36,35.62
1772,402,144,6,232.57,49.59
1773,1253,302,3,405.68,38.3
1774,1299,137,5,601.8,47.37
1775,456,200,2,870.63,20.41
1776,337,267,2,393.64,41.07
1777,672,192,6,559.49,43.35
1778,990,183,6,692.99,23.34
1779,1179,176,7,222.09,56.76
1780,454,228,6,505.94,31.78
1781,1406,379,2,308.55,13.41
1782,1034,109,7,631.4,22.15
1783,53,502,5,572.97,57.38
1784,1145,333,1,324.53,36.59
1785,999,295,5,924.66,13.45
1786,398,314,2,1034.96,52.67
1787,1050,77,2,975.2,54.83
1788,1227,496,3,263.87,2.81
1789,1069,342,4,1141.78,16.15
1790,78,89,6,393.93,12.61
1791,630,91,6,188.73,17.62
1792,221,335,6,829.52,12.14
1793,444,178,6,591.52,37.16
1794,440,430,8,20.56,43.67
1795,1075,100,4,558.24,47.93
1796,917,325,1,571.99,0.96
1797,1272,273,3,711.32,41.83
1798,1318,112,5,499.91,57.02
1799,179,37,6,452.15,10.64
1800,785,542,2,258.35,41.76
1801,1073,485,1,659.6,36.3
1802,270,490,1,406.02,16.3
1803,266,241,6,324.85,24.13
1804,281,339,7,177.12,24.96
1805,665,519,7,73.95,47.54
1806,922,453,5,88.94,17.92
1807,344,142,8,1030.45,42.37
1808,1045,346,5,597.42,32.48
1809,696,433,6,571.22,47.8
1810,650,295,3,924.66,30.12
1811,624,122,2,412.03,48.75
1812,877,341,1,239.1,8.17
1813,13,41,1,191.74,9.36
1814,629,382,4,838.26,35.18
1815,476,75,4,37.45,7.87
1816,238,334,6,382.13,4.15
1817,12,332,6,608.87,28.83
1818,1069,209,7,553.34,33.33
1819,1503,103,5,500.4,18.2
1820,1065,538,7,909.27,23.15
1821,1270,503,3,317.28,29.98
1822,1414,228,7,505.94,26.94
1823,1306,452,5,824.44,38.59
1824,307,7,3,296.48,21.98
1825,1056,172,6,490.48,17.27
1826,143,539,4,56.79,48.32
1827,355,109,3,631.4,11.43
1828,129,130,4,381.84,36.39
1829,1322,8,5,396.21,37.44
1830,121,387,1,653.12,53.13
1831,1065,251,7,591.08,15.74
1832,328,209,8,553.34,20.7
1833,1091,170,8,69.87,120.8
1834,1447,90,8,731.17,10.62
1835,371,359,8,287.78,27.86
1836,534,372,5,732.62,29.03
1837,777,159,1,891.45,19.53
1838,1267,93,8,163.23,22.94
1839,1347,247,2,550.12,23.55
1840,1126,187,8,43.24,57.62
1841,1322,481,3,308.63,3.8
1842,1408,221,4,600.61,26.57
1843,1469,223,3,621.75,57.4
1844,60,334,3,382.13,10.35
1845,1181,220,7,892.11,52.89
1846,207,438,6,55.96,39.43
1847,1199,78,5,129.55,14.18
1848,1128,148,4,741.34,53.8
1849,666,373,4,106.7,47.36
1850,1107,209,6,553.34,33.36
1851,631,274,7,270.7,7.33
1852,1485,475,8,440.32,13.13
1853,806,297,4,479.92,56.51
1854,1170,341,5,239.1,51.93
1855,1183,511,2,12.72,10.83
1856,916,450,1,1008.83,11.21
1857,358,451,2,533.64,9.73
1858,679,253,8,551.51,45.58
1859,1020,116,4,729.38,29.42
1860,670,142,4,1030.45,7.84
1861,58,101,3,1154.16,47.59
1862,814,56,4,873.17,10.4
1863,92,272,8,596.42,36.39
1864,1405,477,8,366.54,20.96
1865,432,382,6,838.26,11.08
1866,1306,548,7,728.8,55.46
1867,83,207,1,897.87,16.69
1868,619,242,7,754.88,38.72
1869,1173,329,2,641.54,27.61
1870,711,167,4,402.96,52.32
1871,1169,96,1,961.7,46.74
1872,1317,172,6,490.48,39.84
1873,190,311,4,533.05,28.68
1874,1339,524,4,65.09,3.4
1875,403,6,7,324.02,59.53
1876,170,216,8,513.51,5.58
1877,236,149,7,489.32,2.9
1878,310,156,2,530.53,12.43
1879,242,472,7,196.9,27.99
1880,1353,143,-1,674.11,6.91
1881,1380,92,2,226.02,6.76
1882,825,108,3,755.33,54.8
1883,86,124,1,201.86,26.79
1884,1481,352,8,492.55,55.94
1885,406,220,1,892.11,17.62
1886,395,442,7,778.29,20.24
1887,1099,14,3,162.72,27.32
1888,1363,309,2,620.85,8.98
1889,578,181,2,141.75,5.41
1890,47,405,3,72.96,55.32
1891,18,335,3,829.52,9.01
1892,588,385,3,743.02,1.03
1893,1212,199,6,621.12,59.67
1894,717,390,2,431.42,48.63
1895,1342,2,4,610.07,42.94
1896,1166,354,3,184.91,46.75
1897,1195,509,1,207.15,46.58
1898,469,465,2,85.12,8.51
1899,391,435,6,256.72,32.98
1900,1106,376,7,299.58,18.42
1901,267,218,1,870.52,15.56
1902,154,160,1,494.83,8.45
1903,987,56,7,873.17,7.39
1904,1258,166,8,667.92,13.85
1905,1014,285,1,70.15,9.98
1906,1269,63,8,272.84,43.13
1907,175,442,7,778.29,51.72
1908,46,423,4,29.06,7.8
1909,577,544,2,477.64,20.54
1910,535,163,1,147.79,13.31
1911,1455,293,1,839.56,14.98
1912,256,18,6,631.8,54.48
1913,831,509,8,207.15,22.11
1914,632,67,6,913.5,26.57
1915,1387,357,6,405.4,17.1
1916,354,253,5,551.51,28.77
1917,218,141,5,321.09,27.7
1918,6,114,1,530.44,33.3
1919,243,527,2,641.18,2.32
1920,55,423,4,29.06,6.02
1921,817,283,2,201.23,29.34
1922,868,529,1,364.66,32.66
1923,1059,100,6,558.24,26.87
1924,304,32,2,745.78,58.45
1925,1512,63,8,272.84,5.07
1926,1509,44,7,234.93,27.18
1927,505,56,8,873.17,42.76
1928,681,82,1,279.68,48.78
1929,590,370,5,681.23,29.52
1930,409,411,3,640.09,6.85
1931,403,26,1,650.29,33.91
1932,373,358,6,113.21,26.81
1933,1441,440,5,290.62,29.77
1934,419,124,1,201.86,20.03
1935,1375,206,7,42.02,9.4
1936,901,261,7,881.56,53.38
1937,895,153,2,74.12,21.19
1938,132,538,4,909.27,49.84
1939,1433,487,1,10.96,1.93
1940,545,413,-4,387.59,25.53
1941,637,339,1,177.12,45.31
1942,239,52,8,1026.41,35.31
1943,1366,479,2,619.25,54.84
1944,77,21,5,416.35,35.13
1945,1114,70,5,643.04,34.45
1946,646,256,2,258.36,19.0
1947,353,44,5,234.93,36.63
1948,1028,39,5,863.99,38.8
1949,1225,509,7,207.15,47.0
1950,1084,505,4,1051.53,38.88
1951,407,475,8,440.32,41.11
1952,850,392,5,1151.89,6.12
1953,783,102,3,726.02,12.98
1954,1505,51,8,223.71,28.79
1955,546,255,4,326.22,49.85
1956,661,448,3,309.77,12.66
1957,1411,528,5,939.52,34.97
1958,234,457,1,83.72,4.02
1959,541,170,7,69.87,50.89
1960,1353,143,1,674.11,12.86
1961,105,528,8,939.52,49.19
1962,1108,176,2,222.09,5.34
1963,113,163,1,147.79,37.85
1964,1353,266,2,488.98,50.98
1965,1118,86,4,817.8,22.16
1966,1438,526,8,379.61,54.05
1967,230,86,8,817.8,57.75
1968,1497,516,5,52.97,55.67
1969,1041,32,2,745.78,58.23
1970,818,267,5,393.64,32.11
1971,330,124,8,201.86,56.81
1972,730,535,4,596.34,34.27
1973,902,520,6,749.82,26.26
1974,24,177,1,43.42,48.71
1975,532,48,7,218.43,28.46
1976,970,96,3,961.7,50.53
1977,779,88,5,777.17,35.74
1978,188,87,-2,398.73,30.65
1979,1024,277,3,167.72,35.99
1980,868,517,3,733.19,27.8
1981,804,489,1,504.43,16.03
1982,1206,364,4,1176.93,42.8
1983,530,91,7,188.73,6.75
1984,875,46,0,607.42,29.66
1985,1131,255,3,326.22,29.25
1986,1381,230,6,334.04,43.37
1987,726,110,8,343.05,34.86
1988,1349,408,3,16.94,17.57
1989,93,432,5,668.64,50.11
1990,771,393,4,516.25,43.22
1991,1253,440,1,290.62,15.94
1992,1048,320,3,732.03,3.89
1993,24,157,6,837.89,6.13
1994,292,164,6,431.75,34.8
1995,498,417,5,350.58,32.56
1996,257,1,4,989.47,15.96
1997,820,546,4,242.35,36.84
1998,893,141,5,321.09,23.71
1999,310,540,8,44.0,36.12
2000,140,436,1,167.07,37.39
2001,130,92,5,226.02,4.43
2002,232,255,6,326.22,39.67
2003,1229,168,4,674.37,42.88
2004,222,239,-2,950.99,28.51
2005,835,1,6,989.47,11.19
2006,510,45,5,29.62,19.27
2007,1047,97,7,513.84,19.95
2008,1435,23,3,525.44,21.62
2009,571,310,8,24.27,8.68
2010,256,100,7,558.24,19.07
2011,65,198,5,74.36,16.42
2012,1162,427,7,484.25,50.71
2013,963,496,2,263.87,46.34
2014,260,265,1,546.41,32.8
2015,1494,3,7,273.5,27.7
2016,1129,149,2,489.32,16.29
2017,907,278,7,447.86,31.02
2018,215,232,6,402.16,37.35
2019,808,386,5,488.06,32.75
2020,1263,255,7,326.22,41.79
2021,1126,451,5,533.64,55.82
2022,781,320,2,732.03,19.64
2023,1205,268,6,836.82,48.21
2024,101,114,2,530.44,36.82
2025,1480,185,1,1046.94,50.69
2026,979,370,4,681.23,41.82
2027,782,46,6,607.42,6.8
2028,972,81,7,514.28,40.97
2029,127,233,7,160.11,12.43
2030,644,255,7,326.22,58.55
2031,1327,129,2,532.34,30.88
2032,533,336,6,555.73,35.97
2033,777,498,1,339.77,2.95
2034,1217,309,3,620.85,17.92
2035,1189,257,3,57.04,2.82
2036,771,385,5,743.02,47.13
2037,1141,446,7,1159.67,29.85
2038,103,335,7,829.52,15.73
2039,30,319,6,236.54,25.42
2040,746,502,8,572.97,20.4
2041,60,462,5,402.36,46.08
2042,453,197,0,689.22,46.88
2043,1247,30,7,455.1,7.85
2044,757,265,7,546.41,52.55
2045,268,189,7,452.33,20.19
2046,593,56,2,873.17,23.79
2047,685,356,4,284.62,55.52
2048,19,436,3,167.07,51.33
2049,243,180,3,707.0,17.65
2050,926,439,8,633.65,41.64
2051,971,319,7,236.54,8.06
2052,648,69,7,11.06,1.66
2053,162,182,5,311.54,42.55
2054,205,95,6,336.58,54.64
2055,1031,258,7,272.72,149.68
2056,13,550,1,879.34,6.5
2057,1206,529,7,364.66,28.87
2058,1013,131,4,104.36,52.48
2059,355,367,8,13.67,55.84
2060,28,280,8,303.13,8.09
2061,1472,419,5,327.13,51.16
2062,1308,436,2,167.07,8.84
2063,228,169,1,315.54,12.23
2064,515,235,8,243.05,20.53
2065,881,355,7,924.55,51.98
2066,1091,50,8,62.95,33.25
2067,1302,173,6,762.47,59.0
2068,1053,180,5,707.0,7.68
2069,1376,239,6,950.99,52.72
2070,742,275,1,960.36,1.89
2071,880,261,5,881.56,39.17
2072,585,479,6,619.25,44.39
2073,404,79,2,277.89,8.4
2074,397,158,8,459.3,17.13
2075,1101,504,2,155.04,27.05
2076,816,212,4,672.16,39.87
2077,1322,171,8,519.53,10.18
2078,393,389,-2,520.13,49.18
2079,973,363,1,135.66,39.3
2080,125,69,7,11.06,57.74
2081,86,262,6,432.31,42.89
2082,399,34,7,926.93,36.53
2083,471,333,3,324.53,16.01
2084,470,339,-2,177.12,52.87
2085,25,37,2,452.15,30.88
2086,1465,406,8,869.72,28.45
2087,587,527,2,641.18,50.55
2088,708,177,5,43.42,15.25
2089,1373,369,5,511.97,15.71
2090,110,545,4,296.55,49.17
2091,741,68,8,717.98,36.17
2092,446,462,2,402.36,0.93
2093,1406,329,4,641.54,38.62
2094,253,151,8,767.03,57.62
2095,1050,262,7,432.31,48.23
2096,1164,436,3,167.07,53.09
2097,1415,63,5,272.84,59.59
2098,645,493,3,247.59,50.25
2099,215,281,8,490.94,40.86
2100,520,386,4,488.06,2.19
2101,184,391,5,415.59,10.5
2102,271,209,4,553.34,35.54
2103,334,534,4,23.78,14.3
2104,212,155,2,9.89,59.12
2105,1351,512,1,196.66,23.51
2106,322,216,3,513.51,31.02
2107,1055,51,4,223.71,10.07
2108,249,46,2,607.42,0.89
2109,472,180,1,707.0,0.98
2110,1417,535,7,596.34,27.68
2111,778,118,1,611.7,54.6
2112,1041,493,7,247.59,7.3
2113,1122,86,5,817.8,11.36
2114,786,96,5,961.7,3.7
2115,1484,241,5,324.85,146.5
2116,1331,250,2,148.21,35.38
2117,98,495,5,742.02,25.27
2118,1128,142,4,1030.45,18.89
2119,837,324,2,75.12,2.09
2120,407,18,8,631.8,50.12
2121,828,187,1,43.24,22.2
2122,572,338,7,208.12,26.25
2123,153,340,1,180.46,54.18
2124,95,447,7,10.05,58.35
2125,1369,400,7,498.46,16.12
2126,152,14,7,162.72,54.97
2127,613,89,2,393.93,42.24
2128,461,289,1,303.29,48.47
2129,1110,332,2,608.87,23.93
2130,1212,276,8,459.84,2.52
2131,1260,16,6,14.27,46.38
2132,399,441,7,252.78,32.89
2133,603,145,7,545.04,32.06
2134,1163,415,3,650.82,23.3
2135,941,16,4,14.27,32.4
2136,1143,533,2,785.4,28.35
2137,1397,497,2,116.08,21.85
2138,760,440,3,290.62,21.78
2139,159,466,0,447.46,53.81
2140,48,243,3,541.65,1.34
2141,179,136,7,351.32,52.87
2142,735,466,3,447.46,22.81
2143,620,81,1,514.28,45.66
2144,1171,378,3,229.79,147.1
2145,945,370,6,681.23,30.63
2146,242,472,8,196.9,27.42
2147,1447,93,0,163.23,40.26
2148,283,500,5,625.16,23.11
2149,379,77,2,975.2,32.51
2150,1321,149,5,489.32,5.51
2151,1460,413,3,387.59,26.14
2152,363,167,3,402.96,36.19
2153,978,343,0,345.86,30.73
2154,153,461,1,697.06,48.67
2155,542,376,5,299.58,54.97
2156,216,355,5,924.55,22.37
2157,93,327,7,653.08,46.77
2158,259,3,3,273.5,7.58
2159,752,509,-1,207.15,42.62
2160,37,51,2,223.71,37.93
2161,1504,351,7,785.92,16.51
2162,109,471,3,714.96,12.68
2163,279,286,8,511.43,59.51
2164,1031,167,6,402.96,53.25
2165,574,6,1,324.02,5.34
2166,1066,530,3,651.64,9.66
2167,537,464,4,308.87,5.41
2168,860,75,7,37.45,56.5
2169,1111,383,1,628.55,28.89
2170,121,360,1,311.03,5.49
2171,1177,381,1,275.92,36.63
2172,950,112,2,499.91,18.9
2173,876,83,1,642.11,44.63
2174,466,452,1,824.44,49.25
2175,279,205,1,99.92,1.97
2176,146,441,6,252.78,40.83
2177,10,496,5,263.87,54.36
2178,1339,89,5,393.93,33.71
2179,671,301,4,508.9,48.64
2180,289,535,8,596.34,24.79
2181,1138,219,7,292.41,20.68
2182,1219,264,5,144.35,57.39
2183,237,424,2,625.33,57.56
2184,1477,528,3,939.52,58.64
2185,415,319,2,236.54,12.79
2186,1486,73,1,803.92,15.47
2187,93,158,6,459.3,46.48
2188,1360,413,4,387.59,41.08
2189,141,480,5,644.37,12.8
2190,1492,369,8,511.97,15.36
2191,496,346,3,597.42,25.24
2192,124,416,5,808.16,58.74
2193,892,40,7,458.7,26.87
2194,1205,225,5,367.38,53.46
2195,1110,516,4,52.97,32.83
2196,363,326,4,827.26,22.96
2197,1292,306,7,995.73,54.9
2198,1107,49,6,852.42,20.04
2199,913,455,5,967.31,42.28
2200,806,369,8,511.97,37.19
2201,722,82,6,279.68,57.66
2202,327,211,3,447.86,43.75
2203,20,35,6,771.63,54.14
2204,665,110,1,343.05,29.6
2205,1434,317,1,599.24,39.96
2206,1229,105,4,99.83,5.98
2207,171,103,8,500.4,46.73
2208,795,98,1,660.09,8.54
2209,605,456,7,187.95,3.24
2210,1440,182,3,311.54,38.03
2211,832,380,4,136.02,18.91
2212,549,86,3,817.8,59.89
2213,170,139,3,200.77,26.26
2214,643,366,1,1089.0,0.63
2215,856,52,2,1026.41,19.17
2216,691,220,3,892.11,54.39
2217,711,266,8,488.98,38.02
2218,1265,348,1,648.93,26.28
2219,90,505,2,1051.53,45.9
2220,1443,196,3,405.61,27.82
2221,1128,51,6,223.71,42.5
2222,1209,375,1,225.99,54.81
2223,1365,68,1,717.98,0.58
2224,805,295,4,924.66,58.19
2225,1478,13,4,489.24,41.4
2226,1186,122,1,412.03,16.65
2227,259,33,4,55.27,25.7
2228,1038,292,2,448.62,4.32
2229,615,97,4,513.84,59.43
2230,690,179,6,280.67,20.77
2231,499,383,6,628.55,8.79
2232,741,398,2,563.11,2.0
2233,835,499,1,566.77,38.65
2234,815,439,1,633.65,4.42
2235,793,450,8,1008.83,15.77
2236,1425,248,8,73.67,30.06
2237,1423,129,4,532.34,39.73
2238,1168,296,5,1082.41,34.86
2239,768,231,1,357.89,0.17
2240,1006,470,7,434.32,45.53
2241,322,343,6,345.86,0.48
2242,330,357,-1,405.4,4.37
2243,436,389,6,520.13,15.31
2244,802,189,5,452.33,6.35
2245,1101,261,3,881.56,34.93
2246,1286,192,3,559.49,13.13
2247,454,316,6,80.74,51.36
2248,143,16,1,14.27,34.28
2249,1318,432,1,668.64,21.37
2250,12,424,5,625.33,14.58
2251,311,120,2,568.49,23.04
2252,910,226,3,1203.21,36.98
2253,14,289,6,303.29,57.46
2254,935,343,8,345.86,19.4
2255,1159,191,2,91.85,10.26
2256,1216,434,5,583.35,10.05
2257,96,237,4,271.2,25.14
2258,367,9,3,268.41,27.45
2259,725,534,3,23.78,4.66
2260,947,475,1,440.32,41.69
2261,259,2,8,610.07,6.87
2262,706,166,4,667.92,42.82
2263,1128,7,3,296.48,11.34
2264,1435,173,2,762.47,38.82
2265,1246,176,2,222.09,21.15
2266,1075,128,8,192.37,43.37
2267,1406,375,2,225.99,26.02
2268,230,516,7,52.97,12.69
2269,761,341,2,239.1,43.82
2270,641,475,8,440.32,10.05
2271,1415,97,7,513.84,33.36
2272,92,52,6,1026.41,55.03
2273,981,548,4,728.8,4.03
2274,769,159,8,891.45,53.95
2275,1043,283,6,201.23,57.69
2276,637,55,2,538.85,59.73
2277,283,173,8,762.47,9.75
2278,111,182,4,311.54,36.9
2279,1100,131,4,104.36,8.12
2280,319,61,5,525.07,5.32
2281,571,499,5,566.77,39.29
2282,1498,135,2,47.45,3.96
2283,738,201,-1,610.31,40.39
2284,1285,14,3,162.72,2.17
2285,426,52,5,1026.41,56.23
2286,1426,153,4,74.12,51.14
2287,268,450,8,1008.83,21.55
2288,261,106,4,896.67,22.38
2289,398,43,3,141.52,30.2
2290,856,344,1,364.76,24.43
2291,811,202,1,370.27,40.93
2292,118,353,4,460.9,56.09
2293,902,468,-4,646.66,21.35
2294,1198,99,4,149.43,7.92
2295,146,24,3,368.3,59.44
2296,184,426,2,95.17,28.18
2297,775,42,3,584.69,34.92
2298,1088,224,2,560.87,56.65
2299,60,270,4,837.98,50.53
2300,1109,283,2,201.23,37.21
2301,803,167,3,402.96,34.05
2302,416,122,7,412.03,29.21
2303,1027,58,6,793.09,24.35
2304,755,428,7,71.35,27.63
2305,84,393,4,516.25,42.03
2306,314,87,7,398.73,21.72
2307,124,311,5,533.05,46.73
2308,522,308,1,142.62,26.46
2309,884,401,4,108.05,41.09
2310,1239,194,4,876.9,34.05
2311,705,9,5,268.41,38.83
2312,772,172,8,490.48,11.39
2313,346,395,3,91.05,26.03
2314,241,91,-3,188.73,58.12
2315,524,222,7,403.97,39.93
2316,704,329,5,641.54,40.41
2317,208,528,1,939.52,32.03
2318,1010,101,7,1154.16,8.85
2319,492,319,2,236.54,39.48
2320,1170,390,5,431.42,13.24
2321,1147,347,4,421.57,53.24
2322,1475,289,8,303.29,58.45
2323,383,375,1,225.99,21.88
2324,484,231,4,357.89,15.64
2325,415,36,4,300.79,4.65
2326,1447,375,8,225.99,24.34
2327,766,274,6,270.7,51.81
2328,1491,400,5,498.46,29.96
2329,929,412,5,15.54,43.3
2330,1302,344,4,364.76,21.63
2331,492,448,6,309.77,33.86
2332,1514,278,7,447.86,23.2
2333,1492,515,7,164.09,57.74
2334,131,442,-2,778.29,54.36
2335,260,81,3,514.28,20.6
2336,758,23,1,525.44,34.36
2337,1267,314,2,1034.96,48.89
2338,380,409,-5,517.88,8.56
2339,761,391,7,415.59,18.13
2340,915,187,2,43.24,51.21
2341,491,14,8,162.72,52.21
2342,566,140,4,817.25,22.08
2343,1470,122,5,412.03,10.9
2344,251,293,1,839.56,59.86
2345,543,201,4,610.31,47.56
2346,323,426,2,95.17,18.06
2347,649,317,4,599.24,43.1
2348,115,464,7,308.87,13.2
2349,938,232,2,402.16,57.66
2350,1395,19,1,212.63,32.05
2351,1406,125,8,453.21,56.41
2352,730,172,3,490.48,55.92
2353,163,378,8,229.79,5.54
2354,1141,288,6,539.84,9.39
2355,743,287,3,205.19,25.98
2356,1036,472,5,196.9,16.02
2357,1394,511,1,12.72,6.75
2358,398,168,1,674.37,41.49
2359,842,350,3,526.07,13.35
2360,911,474,-4,703.65,7.92
2361,881,410,6,126.2,24.4
2362,400,480,1,644.37,6.69
2363,127,48,6,218.43,48.92
2364,900,550,2,879.34,1.48
2365,753,334,1,382.13,2.18
2366,312,496,3,263.87,43.77
2367,135,317,3,599.24,19.19
2368,1357,200,-1,870.63,25.53
2369,1238,309,4,620.85,58.06
2370,1418,127,4,72.98,45.78
2371,1084,89,8,393.93,59.61
2372,72,204,2,569.01,11.89
2373,1275,355,6,924.55,42.55
2374,1062,401,3,108.05,54.39
2375,55,191,8,91.85,47.05
2376,705,131,6,104.36,57.98
2377,722,219,4,292.41,8.9
2378,309,454,4,517.64,41.96
2379,390,535,3,596.34,0.09
2380,745,486,4,45.7,46.91
2381,462,133,4,124.66,25.39
2382,179,520,6,749.82,58.32
2383,962,407,2,94.04,54.44
2384,1129,471,1,714.96,30.69
2385,797,510,2,51.58,45.87
2386,325,205,7,99.92,2.31
2387,29,504,2,155.04,9.36
2388,205,363,4,135.66,53.58
2389,1144,188,2,706.96,57.82
2390,1010,446,5,1159.67,32.05
2391,529,413,8,387.59,12.02
2392,907,269,3,316.31,8.71
2393,444,157,3,837.89,57.14
2394,1459,521,1,323.3,38.08
2395,1245,300,5,479.04,59.83
2396,709,158,3,459.3,10.72
2397,725,415,1,650.82,22.62
2398,1266,346,4,597.42,22.3
2399,101,399,4,357.59,49.99
2400,1302,491,4,365.81,4.0
2401,1327,118,1,611.7,16.29
2402,1401,504,5,155.04,6.27
2403,484,7,8,296.48,40.14
2404,470,313,2,325.6,39.19
2405,664,153,1,74.12,53.31
2406,147,226,7,1203.21,10.47
2407,1354,59,5,166.04,39.84
2408,470,485,6,659.6,23.17
2409,643,284,8,302.59,2.7
2410,653,258,2,272.72,47.96
2411,1283,69,6,11.06,5.19
2412,1476,275,2,960.36,4.65
2413,1379,351,6,785.92,25.7
2414,35,94,7,406.99,35.55
2415,434,329,8,641.54,32.83
2416,733,190,1,433.62,28.63
2417,2,141,1,321.09,15.22
2418,891,163,1,147.79,4.27
2419,1336,509,2,207.15,8.16
2420,1356,92,3,226.02,18.45
2421,414,250,7,148.21,54.36
2422,1271,414,8,979.59,31.92
2423,1326,465,7,85.12,2.18
2424,1072,486,4,45.7,4.45
2425,874,503,8,317.28,13.88
2426,1233,190,3,433.62,26.27
2427,798,29,8,29.3,57.55
2428,1425,544,8,477.64,38.92
2429,861,361,4,368.18,50.44
2430,426,317,4,599.24,6.92
2431,188,392,6,1151.89,18.53
2432,64,525,6,510.78,10.9
2433,1502,149,1,489.32,9.51
2434,1201,71,6,240.16,50.53
2435,715,498,7,339.77,16.34
2436,580,468,5,646.66,28.8
2437,1457,52,1,1026.41,8.42
2438,1150,476,7,524.33,18.37
2439,1116,446,8,1159.67,24.05
2440,1173,459,8,304.69,55.4
2441,183,430,4,20.56,23.14
2442,712,437,1,780.42,15.42
2443,678,34,1,926.93,24.4
2444,723,323,4,545.53,28.22
2445,78,396,5,712.35,33.9
2446,1263,191,8,91.85,26.48
2447,226,367,3,13.67,34.16
2448,779,229,6,320.79,12.35
2449,1423,380,8,136.02,43.14
2450,368,377,6,60.44,6.61
2451,1084,165,8,258.66,24.81
2452,423,437,5,780.42,14.09
2453,161,322,5,441.28,54.97
2454,1272,344,7,364.76,20.92
2455,577,424,7,625.33,14.88
2456,677,269,5,316.31,44.72
2457,630,264,2,144.35,47.5
2458,626,125,7,453.21,34.16
2459,1236,251,4,591.08,50.03
2460,530,283,8,201.23,17.11
2461,1178,277,7,167.72,15.83
2462,1077,176,3,222.09,13.47
2463,1216,337,7,433.49,7.7
2464,1481,489,4,504.43,59.3
2465,1371,546,5,242.35,5.99
2466,323,107,1,348.01,59.86
2467,1170,457,3,83.72,3.67
2468,355,118,8,611.7,45.7
2469,981,335,5,829.52,53.95
2470,1063,357,4,405.4,17.22
2471,1454,423,-3,29.06,20.2
2472,1200,136,3,351.32,2.24
2473,21,44,5,234.93,16.69
2474,887,312,7,268.81,55.73
2475,304,229,1,320.79,49.38
2476,290,365,2,460.44,8.18
2477,236,209,8,553.34,20.0
2478,806,365,7,460.44,11.42
2479,1193,346,8,597.42,57.83
2480,1138,441,2,252.78,55.36
2481,1249,224,2,560.87,15.67
2482,739,306,4,995.73,15.56
2483,671,407,7,94.04,13.28
2484,149,229,6,320.79,2.88
2485,420,304,3,108.45,11.43
2486,835,162,3,931.79,102.64
2487,510,200,5,870.63,27.45
2488,376,272,7,596.42,12.47
2489,221,20,5,342.92,13.92
2490,924,426,7,95.17,46.89
2491,1107,29,1,29.3,33.13
2492,1334,322,3,441.28,34.14
2493,575,391,1,415.59,9.18
2494,1340,92,8,226.02,122.47
2495,586,66,8,531.83,15.81
2496,77,310,-2,24.27,50.49
2497,120,159,4,891.45,32.19
2498,751,49,3,852.42,9.72
2499,1146,288,7,539.84,23.45
2500,372,460,-3,202.78,43.79
2501,327,204,4,569.01,107.54
2502,314,240,1,199.48,8.18
2503,276,339,7,177.12,34.42
2504,221,221,-2,600.61,52.67
2505,471,23,4,525.44,11.84
2506,837,480,8,644.37,4.06
2507,1418,126,7,447.74,47.0
2508,748,11,0,104.28,26.25
2509,875,146,8,370.21,36.58
2510,712,323,4,545.53,53.92
2511,117,178,5,591.52,38.51
2512,432,58,0,793.09,4.69
2513,355,237,5,271.2,48.96
2514,350,241,1,324.85,13.01
2515,1468,135,1,47.45,7.62
2516,607,470,2,434.32,56.79
2517,1191,17,2,394.55,27.25
2518,334,168,3,674.37,17.56
2519,765,60,8,98.41,48.86
2520,1480,424,5,625.33,39.63
2521,1120,474,2,703.65,49.9
2522,976,508,6,218.85,49.49
2523,848,109,3,631.4,55.54
2524,103,396,6,712.35,38.39
2525,466,550,8,879.34,9.25
2526,1388,481,3,308.63,20.37
2527,132,185,3,1046.94,19.0
2528,83,352,7,492.55,23.65
2529,1094,289,5,303.29,54.89
2530,1485,151,4,767.03,29.13
2531,1285,193,8,218.1,34.4
2532,157,191,2,91.85,7.8
2533,177,49,2,852.42,31.85
2534,1052,43,4,141.52,41.81
2535,1410,426,1,95.17,40.18
2536,152,466,1,447.46,51.78
2537,993,299,1,1090.94,47.88
2538,462,155,6,9.89,6.21
2539,1269,258,6,272.72,10.69
2540,652,113,8,297.34,6.12
2541,360,146,8,370.21,56.72
2542,522,256,4,258.36,33.45
2543,373,168,1,674.37,21.64
2544,593,154,3,474.8,6.78
2545,361,386,6,488.06,41.11
2546,534,392,4,1151.89,54.53
2547,4,201,4,610.31,58.57
2548,603,310,8,24.27,52.63
2549,38,313,8,325.6,30.51
2550,1189,339,1,177.12,16.26
2551,43,171,1,519.53,51.61
2552,1258,387,6,653.12,4.28
2553,642,195,8,701.8,29.81
2554,1278,187,7,43.24,121.93
2555,1348,215,3,390.74,56.86
2556,1225,325,7,571.99,13.99
2557,379,464,8,308.87,28.45
2558,350,164,6,431.75,34.03
2559,36,429,2,450.74,53.15
2560,716,86,3,817.8,48.57
2561,275,29,-3,29.3,34.36
2562,323,155,5,9.89,7.02
2563,661,421,4,396.03,2.52
2564,1212,326,6,827.26,45.45
2565,1436,412,4,15.54,26.15
2566,949,158,7,459.3,10.34
2567,1275,304,3,108.45,2.56
2568,773,78,6,129.55,39.79
2569,1277,527,1,641.18,38.78
2570,1129,348,2,648.93,11.67
2571,1483,110,4,343.05,39.28
2572,83,45,5,29.62,34.43
2573,460,161,2,721.67,49.14
2574,172,182,3,311.54,5.66
2575,355,79,6,277.89,44.95
2576,1048,116,6,729.38,32.3
2577,892,428,8,71.35,59.49
2578,611,9,2,268.41,45.81
2579,225,544,6,477.64,15.73
2580,1101,60,7,98.41,18.56
2581,626,137,1,601.8,2.55
2582,796,182,8,311.54,26.53
2583,1075,492,4,166.22,49.91
2584,1067,336,7,555.73,38.27
2585,578,409,5,517.88,46.5
2586,244,446,3,1159.67,13.06
2587,1349,185,2,1046.94,36.63
2588,1465,447,3,10.05,10.74
2589,396,188,1,706.96,18.34
2590,131,47,5,416.79,9.79
2591,519,545,4,296.55,47.75
2592,231,289,8,303.29,56.26
2593,1164,115,2,640.65,28.26
2594,1260,458,3,215.51,49.52
2595,833,285,2,70.15,39.1
2596,1053,204,2,569.01,44.12
2597,41,59,4,166.04,52.51
2598,865,420,1,55.62,44.25
2599,345,3,1,273.5,0.32
2600,403,166,6,667.92,11.6
2601,812,194,2,876.9,0.23
2602,1294,48,6,218.43,48.58
2603,554,251,4,591.08,32.99
2604,4,364,3,1176.93,55.49
2605,1262,176,1,222.09,3.58
2606,816,547,7,835.62,9.84
2607,937,447,4,10.05,51.47
2608,364,212,7,672.16,40.39
2609,418,220,8,892.11,24.45
2610,171,518,6,655.09,38.1
2611,1293,413,3,387.59,23.86
2612,215,254,7,138.94,33.13
2613,223,1,2,989.47,11.39
2614,1360,518,3,655.09,12.07
2615,463,157,2,837.89,40.38
2616,1041,230,6,334.04,53.86
2617,945,65,8,456.34,19.52
2618,1435,21,7,416.35,57.16
2619,988,505,7,1051.53,5.7
2620,89,433,6,571.22,49.53
2621,343,7,2,296.48,51.38
2622,546,254,2,138.94,37.27
2623,957,456,7,187.95,7.01
2624,1031,114,6,530.44,58.2
2625,859,547,4,835.62,32.46
2626,613,359,8,287.78,10.69
2627,1384,18,3,631.8,42.09
2628,772,378,7,229.79,32.03
2629,350,363,2,135.66,8.3
2630,918,210,5,1098.72,37.0
2631,1215,167,6,402.96,19.57
2632,1234,280,7,303.13,37.7
2633,19,456,5,187.95,53.2
2634,1187,24,8,368.3,16.09
2635,974,147,7,249.69,25.38
2636,624,65,8,456.34,34.45
2637,812,497,1,116.08,33.75
2638,1134,469,5,124.05,41.16
2639,1020,262,6,432.31,41.14
2640,1170,292,-4,448.62,16.55
2641,1043,199,5,621.12,6.75
2642,1508,249,5,573.57,50.33
2643,1063,352,4,492.55,23.92
2644,1191,550,2,879.34,59.83
2645,600,547,1,835.62,15.91
2646,648,11,3,104.28,39.77
2647,1055,404,1,499.73,19.6
2648,351,122,1,412.03,9.84
2649,286,470,1,434.32,23.8
2650,594,63,1,272.84,50.39
2651,367,278,5,447.86,21.51
2652,214,227,1,215.26,33.38
2653,1106,195,1,701.8,19.79
2654,625,243,8,541.65,15.71
2655,218,356,7,284.62,59.05
2656,485,15,-2,726.9,55.53
2657,916,380,1,136.02,2.83
2658,436,48,-3,218.43,43.21
2659,1391,413,2,387.59,35.53
2660,1222,365,4,460.44,1.04
2661,733,397,5,359.7,5.83
2662,535,197,8,689.22,58.72
2663,1362,302,7,405.68,26.93
2664,107,515,8,164.09,54.84
2665,40,122,8,412.03,9.72
2666,1317,36,1,300.79,6.78
2667,418,438,6,55.96,53.31
2668,252,49,4,852.42,16.28
2669,606,311,5,533.05,107.44
2670,1220,45,7,29.62,29.04
2671,1363,352,7,492.55,33.52
2672,821,384,3,578.03,18.05
2673,80,387,3,653.12,47.24
2674,259,120,6,568.49,54.61
2675,1252,447,-4,10.05,8.22
2676,872,183,0,692.99,11.05
2677,371,128,1,192.37,19.91
2678,442,302,8,405.68,47.59
2679,530,511,5,12.72,28.82
2680,797,311,5,533.05,134.55
2681,667,382,4,838.26,36.05
2682,669,175,2,496.9,50.89
2683,475,548,4,728.8,18.75
2684,1002,84,3,470.39,17.25
2685,1493,357,4,405.4,6.1
2686,1437,58,1,793.09,44.46
2687,808,131,3,104.36,56.79
2688,140,484,4,570.19,55.39
2689,1311,147,8,249.69,29.68
2690,872,278,4,447.86,37.05
2691,1139,329,6,641.54,33.25
2692,351,186,5,214.88,10.22
2693,710,144,6,232.57,6.08
2694,237,515,6,164.09,29.36
2695,1260,87,8,398.73,3.99
2696,689,54,1,737.24,21.8
2697,1228,95,5,336.58,26.89
2698,630,276,8,459.84,13.82
2699,750,220,6,892.11,46.34
2700,610,449,-5,591.79,43.91
2701,1500,303,2,514.9,50.0
2702,945,122,6,412.03,34.83
2703,1439,471,4,714.96,15.6
2704,1236,209,1,553.34,20.0
2705,1001,523,1,571.52,13.33
2706,256,543,4,838.57,25.28
2707,141,206,4,42.02,49.53
2708,1068,187,7,43.24,56.18
2709,1051,486,3,45.7,48.73
2710,1141,70,6,643.04,47.66
2711,983,487,4,10.96,0.58
2712,1137,446,3,1159.67,18.96
2713,129,321,3,508.72,7.33
2714,1417,314,7,1034.96,19.6
2715,1354,218,6,870.52,43.74
2716,989,525,1,510.78,6.09
2717,1157,110,6,343.05,25.49
2718,980,193,5,218.1,16.75
2719,782,509,2,207.15,44.11
2720,907,388,3,1023.21,35.55
2721,815,67,5,913.5,13.47
2722,812,140,5,817.25,53.32
2723,1289,441,5,252.78,58.3
2724,700,54,1,737.24,41.37
2725,230,50,6,62.95,28.78
2726,1183,18,4,631.8,49.96
2727,1401,349,3,500.53,5.71
2728,175,420,5,55.62,54.28
2729,349,302,7,405.68,16.62
2730,1054,530,5,651.64,37.16
2731,1373,469,6,124.05,26.28
2732,1150,380,8,136.02,19.72
2733,1455,357,3,405.4,56.73
2734,228,53,3,502.0,8.61
2735,904,474,2,703.65,49.2
2736,613,542,4,258.35,38.36
2737,926,84,8,470.39,0.86
2738,673,542,5,258.35,54.95
2739,538,337,2,433.49,47.39
2740,423,436,8,167.07,45.63
2741,328,536,7,896.36,58.92
2742,215,85,3,538.5,43.57
2743,1308,31,4,649.98,31.69
2744,700,445,2,544.52,46.52
2745,1184,252,8,681.09,50.06
2746,164,282,6,231.0,34.59
2747,47,171,2,519.53,26.72
2748,1182,49,6,852.42,18.94
2749,1148,436,7,167.07,35.11
2750,453,383,2,628.55,37.68
2751,1346,321,1,508.72,45.27
2752,952,13,6,489.24,11.71
2753,1379,405,1,72.96,44.77
2754,249,125,4,453.21,47.24
2755,164,11,4,104.28,57.51
2756,1091,129,8,532.34,18.44
2757,1324,323,6,545.53,7.28
2758,1482,437,1,780.42,34.44
2759,1414,544,6,477.64,49.58
2760,207,515,2,164.09,2.56
2761,672,63,3,272.84,17.96
2762,1464,473,4,643.99,24.03
2763,703,544,8,477.64,12.34
2764,824,144,8,232.57,4.73
2765,1414,358,7,113.21,34.1
2766,429,362,4,965.99,47.91
2767,124,8,6,396.21,32.67
2768,882,93,6,163.23,37.97
2769,598,462,4,402.36,5.16
2770,685,396,7,712.35,14.36
2771,999,191,6,91.85,20.8
2772,237,104,7,534.46,17.41
2773,805,44,3,234.93,50.3
2774,492,483,8,211.02,10.9
2775,58,163,7,147.79,59.81
2776,1332,388,7,1023.21,0.28
2777,511,303,3,514.9,31.27
2778,774,262,5,432.31,4.12
2779,1444,423,2,29.06,2.1
2780,215,473,6,643.99,38.08
2781,420,343,5,345.86,24.58
2782,544,44,6,234.93,57.8
2783,77,194,1,876.9,8.12
2784,439,9,5,268.41,8.56
2785,860,214,7,39.93,8.06
2786,1043,105,5,99.83,38.03
2787,1386,278,8,447.86,6.96
2788,1186,236,6,106.95,47.65
2789,45,422,1,465.77,25.1
2790,824,267,1,393.64,34.18
2791,355,518,5,655.09,56.31
2792,1043,466,5,447.46,143.69
2793,719,115,4,640.65,49.87
2794,674,465,3,85.12,50.75
2795,253,465,5,85.12,53.3
2796,44,436,2,167.07,47.33
2797,786,278,1,447.86,12.19
2798,427,516,2,52.97,125.86
2799,421,482,8,994.21,39.11
2800,736,525,4,510.78,43.94
2801,440,415,5,650.82,45.66
2802,921,15,5,726.9,5.66
2803,1470,9,1,268.41,37.36
2804,231,358,4,113.21,30.76
2805,1305,430,1,20.56,11.18
2806,262,406,3,869.72,20.92
2807,342,41,5,191.74,4.07
2808,349,239,2,950.99,36.67
2809,1484,365,8,460.44,27.71
2810,15,275,5,960.36,3.98
2811,116,507,-5,999.0,50.33
2812,558,103,4,500.4,9.57
2813,761,246,2,629.15,3.57
2814,989,317,2,599.24,57.29
2815,296,148,5,741.34,32.64
2816,954,29,8,29.3,9.06
2817,799,262,7,432.31,12.28
2818,364,383,2,628.55,59.51
2819,612,148,3,741.34,17.38
2820,543,220,3,892.11,25.15
2821,221,547,1,835.62,2.13
2822,626,392,7,1151.89,5.95
2823,782,221,1,600.61,28.49
2824,306,409,8,517.88,41.67
2825,348,58,3,793.09,46.74
2826,66,344,4,364.76,23.46
2827,849,139,2,200.77,34.27
2828,403,420,1,55.62,0.6
2829,953,488,6,743.19,1.8
2830,197,507,4,999.0,8.19
2831,1154,13,1,489.24,47.91
2832,443,473,2,643.99,11.37
2833,71,463,3,27.61,9.61
2834,224,210,7,1098.72,33.98
2835,1044,484,2,570.19,39.31
2836,1016,146,3,370.21,7.2
2837,520,324,5,75.12,44.61
2838,230,508,2,218.85,34.17
2839,1121,71,8,240.16,50.05
2840,932,263,5,76.96,14.69
2841,111,149,4,489.32,45.57
2842,601,135,3,47.45,21.63
2843,191,407,1,94.04,8.64
2844,371,220,5,892.11,45.32
2845,291,18,5,631.8,18.31
2846,914,486,3,45.7,22.55
2847,47,214,3,39.93,25.24
2848,1511,362,6,965.99,5.66
2849,268,482,7,994.21,4.73
2850,954,308,1,142.62,58.23
2851,1387,138,5,969.99,56.88
2852,1418,368,6,718.95,6.72
2853,76,135,2,47.45,6.38
2854,1367,114,6,530.44,57.3
2855,1100,94,3,406.99,48.33
2856,1107,415,5,650.82,43.95
2857,1098,424,5,625.33,28.74
2858,877,527,7,641.18,7.61
2859,950,389,1,520.13,54.47
2860,1025,539,5,56.79,18.72
2861,531,25,4,441.24,26.3
2862,1511,91,2,188.73,34.31
2863,1005,299,3,1090.94,5.15
2864,616,45,1,29.62,24.22
2865,1488,542,-2,258.35,23.58
2866,1496,131,4,104.36,47.13
2867,472,286,5,511.43,30.59
2868,554,460,1,202.78,30.25
2869,241,230,7,334.04,19.11
2870,885,192,3,559.49,42.86
2871,20,173,2,762.47,59.87
2872,409,504,3,155.04,51.97
2873,736,337,1,433.49,52.72
2874,447,3,1,273.5,1.24
2875,1124,532,7,475.76,14.92
2876,598,413,8,387.59,14.36
2877,228,5,1,618.7,30.97
2878,1171,93,2,163.23,15.13
2879,832,3,1,273.5,34.78
2880,190,394,3,534.45,49.22
2881,285,507,0,999.0,12.09
2882,936,545,8,296.55,44.4
2883,1266,46,7,607.42,0.53
2884,690,308,2,142.62,56.57
2885,1122,436,8,167.07,60.0
2886,796,251,1,591.08,3.04
2887,1223,528,5,939.52,41.06
2888,511,445,2,544.52,53.42
2889,1481,251,8,591.08,4.95
2890,197,536,2,896.36,19.1
2891,1357,379,5,308.55,19.78
2892,290,317,3,599.24,58.37
2893,388,267,1,393.64,4.1
2894,417,332,4,608.87,16.66
2895,842,31,8,649.98,19.3
2896,1178,257,5,57.04,34.92
2897,1442,280,7,303.13,25.92
2898,304,55,2,538.85,3.51
2899,283,274,1,270.7,48.61
2900,1447,94,3,406.99,55.24
2901,1337,228,8,505.94,35.79
2902,592,2,3,610.07,57.66
2903,801,145,1,545.04,31.85
2904,1026,72,8,118.93,15.72
2905,666,140,8,817.25,13.64
2906,735,198,7,74.36,18.69
2907,456,353,8,460.9,1.04
2908,604,90,3,731.17,37.19
2909,1147,143,6,674.11,6.43
2910,238,429,2,450.74,37.7
2911,1294,336,6,555.73,33.87
2912,588,408,2,16.94,53.0
2913,125,476,0,524.33,36.1
2914,449,57,5,25.01,25.59
2915,49,56,2,873.17,7.67
2916,497,535,3,596.34,27.5
2917,61,92,3,226.02,12.03
2918,261,438,2,55.96,21.05
2919,257,31,5,649.98,56.79
2920,1465,384,1,578.03,125.39
2921,880,446,6,1159.67,13.46
2922,1497,265,5,546.41,22.91
2923,95,313,3,325.6,53.63
2924,901,430,4,20.56,51.13
2925,615,393,1,516.25,6.42
2926,181,341,4,239.1,0.41
2927,1023,210,5,1098.72,29.51
2928,305,266,4,488.98,20.98
2929,864,86,8,817.8,59.95
2930,1096,174,3,364.75,56.41
2931,208,130,8,381.84,40.09
2932,376,404,8,499.73,59.21
2933,1044,402,7,288.3,42.22
2934,794,360,-4,311.03,57.16
2935,267,283,2,201.23,57.38
2936,1273,453,7,88.94,51.14
2937,906,523,5,571.52,47.41
2938,601,485,8,659.6,49.79
2939,1357,164,1,431.75,38.35
2940,741,16,1,14.27,24.77
2941,223,523,5,571.52,30.04
2942,990,309,-2,620.85,7.53
2943,642,279,4,116.26,18.46
2944,630,430,7,20.56,127.84
2945,227,155,2,9.89,20.18
2946,1305,444,5,528.6,36.28
2947,730,168,6,674.37,15.41
2948,353,18,7,631.8,39.6
2949,567,290,2,239.86,45.98
2950,208,505,4,1051.53,32.8
2951,165,544,3,477.64,27.82
2952,6,440,4,290.62,18.4
2953,691,295,3,924.66,43.44
2954,1082,530,5,651.64,35.2
2955,860,550,1,879.34,59.58
2956,830,266,1,488.98,20.84
2957,202,104,1,534.46,10.9
2958,330,380,5,136.02,11.76
2959,572,85,3,538.5,14.83
2960,1501,122,7,412.03,3.06
2961,1252,541,7,27.2,0.25
2962,491,509,3,207.15,6.03
2963,1496,518,7,655.09,3.17
2964,120,208,3,150.86,3.75
2965,1432,207,2,897.87,35.68
2966,1128,51,2,223.71,5.37
2967,566,34,1,926.93,12.59
2968,973,120,4,568.49,6.42
2969,1413,509,2,207.15,35.38
2970,956,425,1,431.01,46.84
2971,215,398,3,563.11,45.63
2972,727,53,5,502.0,5.91
2973,1328,292,8,448.62,49.29
2974,674,374,1,434.66,37.72
2975,158,211,8,447.86,20.44
2976,692,543,3,838.57,42.37
2977,47,484,3,570.19,33.49
2978,1385,455,1,967.31,28.3
2979,959,58,4,793.09,28.08
2980,851,109,7,631.4,1.65
2981,1414,525,2,510.78,46.75
2982,963,159,3,891.45,53.63
2983,1387,394,5,534.45,28.87
2984,248,549,4,244.49,29.11
2985,465,42,8,584.69,144.04
2986,1147,109,1,631.4,10.92
2987,588,16,6,14.27,47.06
2988,954,513,1,924.61,0.88
2989,1334,264,5,144.35,11.65
2990,277,219,7,292.41,57.84
2991,333,125,7,453.21,35.1
2992,788,392,6,1151.89,50.81
2993,532,408,8,16.94,1.2
2994,907,366,2,1089.0,26.22
2995,1414,122,4,412.03,34.68
2996,747,146,2,370.21,19.31
2997,237,417,5,350.58,49.41
2998,796,75,1,37.45,28.82
2999,20,223,0,621.75,11.86
3000,96,536,5,896.36,53.57
3001,321,289,4,303.29,42.17
3002,1424,116,4,729.38,34.67
3003,591,300,2,479.04,13.22
3004,21,309,2,620.85,44.32
3005,1231,77,1,975.2,18.98
3006,469,48,3,218.43,6.06
3007,146,387,8,653.12,43.18
3008,1463,398,5,563.11,24.26
3009,502,237,6,271.2,13.96
3010,1127,93,2,163.23,0.19
3011,35,122,5,412.03,54.73
3012,862,266,3,488.98,29.44
3013,1199,435,2,256.72,19.2
3014,506,346,6,597.42,44.67
3015,228,141,2,321.09,54.35
3016,1010,338,2,208.12,8.04
3017,1213,382,8,838.26,30.4
3018,700,371,5,415.69,9.29
3019,1310,47,8,416.79,9.65
3020,786,20,3,342.92,17.74
3021,600,446,6,1159.67,46.3
3022,866,474,8,703.65,8.48
3023,734,67,8,913.5,6.1
3024,944,209,1,553.34,49.61
3025,950,126,6,447.74,23.06
3026,540,493,4,247.59,28.87
3027,1481,63,4,272.84,5.86
3028,652,315,4,119.55,31.8
3029,381,453,5,88.94,49.28
3030,618,516,6,52.97,42.34
3031,1376,186,7,214.88,2.99
3032,1153,177,6,43.42,15.57
3033,808,541,7,27.2,58.88
3034,924,191,5,91.85,59.82
3035,919,427,7,484.25,15.04
3036,22,457,7,83.72,40.99
3037,295,490,2,406.02,51.58
3038,1447,212,6,672.16,12.49
3039,1124,411,8,640.09,25.05
3040,284,367,3,13.67,13.07
3041,1084,442,8,778.29,36.44
3042,833,31,5,649.98,31.02
3043,1072,403,4,571.36,10.58
3044,1422,343,6,345.86,46.65
3045,532,7,6,296.48,47.29
3046,1511,538,3,909.27,28.46
3047,1184,429,2,450.74,57.42
3048,671,461,7,697.06,57.09
3049,19,322,4,441.28,40.91
3050,659,422,8,465.77,3.47
3051,971,513,8,924.61,29.99
3052,695,353,5,460.9,9.53
3053,158,29,4,29.3,49.87
3054,1080,266,3,488.98,50.7
3055,977,216,7,513.51,44.97
3056,267,467,4,911.77,10.82
3057,1447,181,3,141.75,56.62
3058,302,494,2,926.14,6.39
3059,154,476,6,524.33,39.07
3060,1004,437,2,780.42,58.12
3061,219,434,3,583.35,3.43
3062,604,162,6,931.79,6.84
3063,550,414,4,979.59,1.94
3064,360,107,0,348.01,50.13
3065,1510,9,4,268.41,35.07
3066,367,192,1,559.49,53.91
3067,847,15,2,726.9,59.81
3068,546,189,7,452.33,16.12
3069,159,63,7,272.84,32.78
3070,147,462,8,402.36,53.01
3071,40,222,2,403.97,24.0
3072,398,457,1,83.72,53.29
3073,1404,12,1,381.73,17.47
3074,407,214,3,39.93,24.8
3075,940,188,-3,706.96,55.01
3076,772,230,2,334.04,51.78
3077,903,164,5,431.75,46.95
3078,888,248,1,73.67,32.4
3079,1153,34,7,926.93,45.37
3080,666,267,1,393.64,9.38
3081,717,333,2,324.53,41.93
3082,449,231,3,357.89,27.72
3083,324,506,3,730.42,32.46
3084,179,164,2,431.75,49.33
3085,456,357,1,405.4,17.91
3086,1154,440,1,290.62,7.53
3087,882,430,-4,20.56,23.71
3088,679,176,8,222.09,51.78
3089,1133,312,6,268.81,58.63
3090,1205,501,5,288.88,37.41
3091,1284,383,1,628.55,27.16
3092,2,518,7,655.09,18.08
3093,6,429,8,450.74,59.62
3094,846,23,3,525.44,2.68
3095,21,106,3,896.67,35.7
3096,340,191,2,91.85,54.25
3097,613,244,0,792.3,37.18
3098,573,266,1,488.98,35.09
3099,356,161,6,721.67,57.43
3100,507,212,3,672.16,0.39
3101,344,251,6,591.08,4.03
3102,316,384,6,578.03,20.64
3103,122,117,4,301.63,59.36
3104,581,337,1,433.49,13.56
3105,830,517,5,733.19,41.71
3106,427,199,4,621.12,11.56
3107,333,302,4,405.68,23.65
3108,335,437,-2,780.42,0.43
3109,1101,28,6,919.16,33.86
3110,1103,237,-1,271.2,7.58
3111,552,277,2,167.72,9.7
3112,1188,59,8,166.04,46.8
3113,1226,403,6,571.36,54.46
3114,1253,138,1,969.99,7.07
3115,498,509,7,207.15,11.89
3116,986,471,5,714.96,35.28
3117,570,164,2,431.75,54.38
3118,787,187,5,43.24,38.46
3119,1160,209,8,553.34,20.51
3120,201,136,3,351.32,23.73
3121,156,235,2,243.05,28.9
3122,476,411,3,640.09,56.65
3123,562,485,6,659.6,9.07
3124,1042,409,5,517.88,22.99
3125,291,27,7,910.96,7.23
3126,469,28,1,919.16,34.26
3127,325,546,5,242.35,18.92
3128,282,277,1,167.72,11.46
3129,1445,109,2,631.4,21.23
3130,472,340,-3,180.46,0.6
3131,193,278,4,447.86,43.19
3132,286,103,2,500.4,17.97
3133,1365,51,8,223.71,29.11
3134,1211,473,3,643.99,15.66
3135,1240,130,6,381.84,41.55
3136,1505,135,3,47.45,58.24
3137,1028,242,5,754.88,37.7
3138,1384,330,2,757.46,35.44
3139,16,310,8,24.27,29.56
3140,884,505,7,1051.53,49.77
3141,407,214,4,39.93,45.45
3142,1207,441,6,252.78,5.72
3143,1265,59,3,166.04,20.42
3144,1468,297,7,479.92,16.5
3145,1065,342,6,1141.78,44.11
3146,1087,197,3,689.22,58.36
3147,657,448,8,309.77,8.1
3148,353,19,5,212.63,23.87
3149,257,173,6,762.47,115.95
3150,444,327,6,653.08,104.93
3151,1200,402,3,288.3,33.33
3152,354,188,6,706.96,0.52
3153,218,547,3,835.62,21.16
3154,1360,416,3,808.16,45.42
3155,615,458,3,215.51,33.15
3156,387,258,3,272.72,38.77
3157,186,174,3,364.75,14.74
3158,561,90,5,731.17,34.18
3159,359,12,1,381.73,36.33
3160,1342,428,7,71.35,10.21
3161,1421,455,1,967.31,8.06
3162,817,1,5,989.47,55.11
3163,702,54,6,737.24,25.82
3164,380,69,8,11.06,50.16
3165,1326,41,0,191.74,1.13
3166,475,77,1,975.2,44.24
3167,173,225,4,367.38,22.24
3168,412,182,3,311.54,9.62
3169,950,96,2,961.7,56.98
3170,456,392,1,1151.89,41.69
3171,860,22,3,599.31,27.68
3172,1350,39,6,863.99,120.6
3173,820,114,7,530.44,49.86
3174,113,486,7,45.7,52.22
3175,801,289,4,303.29,42.52
3176,1461,363,1,135.66,0.88
3177,667,234,8,235.33,10.41
3178,556,434,2,583.35,26.68
3179,872,151,4,767.03,40.4
3180,422,203,7,674.86,6.88
3181,1317,266,5,488.98,42.75
3182,892,307,3,577.22,56.32
3183,1466,102,7,726.02,20.94
3184,590,120,4,568.49,27.59
3185,951,482,7,994.21,31.4
3186,977,431,1,920.92,25.32
3187,1419,214,5,39.93,36.26
3188,369,47,5,416.79,52.8
3189,143,485,6,659.6,51.5
3190,205,524,8,65.09,1.19
3191,178,507,4,999.0,10.35
3192,1429,188,1,706.96,52.93
3193,588,225,8,367.38,18.46
3194,548,80,8,845.45,10.09
3195,551,354,7,184.91,46.85
3196,403,514,7,540.01,34.36
3197,919,12,3,381.73,21.54
3198,601,549,6,244.49,44.72
3199,776,141,7,321.09,33.56
3200,85,288,8,539.84,10.38
